cycle_index,t_start,t_end,cycle_duration_nominal,sample_count,theta0_rad,theta_start_rad,theta_end_rad,max_abs_vel_rad_s,mean_abs_vel_rad_s,rms_vel_rad_s,mean_vel_rad_s,max_abs_delta_theta_rad,mean_abs_delta_theta_rad,rms_delta_theta_rad,ptp_theta_rad,vel_bound_rad_s,satisfy_vel_bound,angle_margin_ratio
0,1774257627.1868901,1774257627.23689,0.05,6,-0.11960267808945452,-0.11960267808945452,-0.11956470266855575,0.07392484963054224,0.04497718501881076,0.05020167270615695,0.0024176621349448176,0.0009712447925212808,0.00028180471729090845,0.00043310788430592174,0.0011009285235507177,0.9,1,0.021583217611584014
1,1774257627.23689,1774257627.28689,0.05,4,-0.11959811639921308,-0.11959811639921308,-0.11869163934947687,0.06249561588177426,0.042613759060648515,0.046081126493538856,0.029391219377564032,0.0009064770497362179,0.0003841060378471893,0.0005144377560254001,0.001082764800714231,0.9,1,0.020143934438582617
2,1774257627.28689,1774257627.33689,0.05,5,-0.1191229330523457,-0.1191229330523457,-0.11993616266466148,0.061117382136116116,0.02250028813683457,0.03219965121525014,-0.017332727684960098,0.0008132296123157801,0.000539473085229128,0.0006083272159145197,0.0008132296123157801,0.9,1,0.018071769162572887
3,1774257627.3368902,1774257627.3868902,0.05,6,-0.11935287666749667,-0.11935287666749667,-0.12001098115986546,0.12824571652497904,0.05959747572576576,0.06969544741339824,0.0012511307996970061,0.0006581044923687912,0.00032750455422150593,0.000389894734842598,0.0009289654226187077,0.9,1,0.014624544274862025
4,1774257627.3868902,1774257627.4368901,0.05,4,-0.11989655679162872,-0.11989655679162872,-0.11954728098637941,0.06191013742021488,0.04177109931329218,0.04555276363449165,0.011419369799115968,0.0007870428047229011,0.0004331351442274818,0.0005236674991007474,0.0007870428047229011,0.9,1,0.017489840104953355
5,1774257627.4368901,1774257627.48689,0.05,5,-0.11974803577342726,-0.11974803577342726,-0.11992143640173539,0.048407015143322574,0.03834297098637524,0.0400736663430938,-0.004574534437527415,0.000678468612305097,0.00026091889395958855,0.0003451395552871857,0.0008518692406132289,0.9,1,0.015077080273446598
6,1774257627.48689,1774257627.53689,0.05,5,-0.12035216786629077,-0.12035216786629077,-0.11860704142710618,0.0809331285078151,0.04136614347747793,0.0507260680871506,0.03201481280926874,0.001745126439184591,0.0009533038436477709,0.001104246102567471,0.001745126439184591,0.9,1,0.03878058753743535
7,1774257627.53689,1774257627.58689,0.05,5,-0.11936591562211417,-0.11936591562211417,-0.11946984985183266,0.062154694408469366,0.03434225672320656,0.038269207345670395,-0.003264909518971875,0.00038922573636152036,0.00019453681099242947,0.00023804140143190864,0.0006839780986588745,0.9,1,0.008649460808033785
8,1774257627.5868902,1774257627.6368902,0.05,4,-0.11940340806957907,-0.11940340806957907,-0.11812113676178027,0.3088212593835171,0.1136025350905434,0.1792414470878511,0.09227830449846802,0.0012822713077988018,0.00038818883990834885,0.000654943869682039,0.001549811050597108,0.9,1,0.02849491795108448
9,1774257627.6368902,1774257627.6868901,0.05,6,-0.11863715994492702,-0.11863715994492702,-0.1190728501347756,0.4120757097356017,0.1356577029706218,0.19662984446141224,-0.05787473536421065,0.0010907327007018686,0.0005242991568575722,0.0006539985770087207,0.0010907327007018686,0.9,1,0.02423850446004152
10,1774257627.6868901,1774257627.73689,0.05,5,-0.11968904426964685,-0.11968904426964685,-0.11994161971793028,0.07090628967846357,0.03372443454101276,0.04308362833538631,-0.0030234571294421603,0.0006167159339235534,0.0002316076214959689,0.00031181136896666126,0.0008692913822069825,0.9,1,0.013704798531634518
11,1774257627.73689,1774257627.78689,0.05,5,-0.12019315756903615,-0.12019315756903615,-0.12003392112087091,0.11695103855152314,0.06572289078113513,0.07539016195483018,0.00021502506531024743,0.0014322707405664825,0.0007311577893442083,0.0009347642395596673,0.0014322707405664825,0.9,1,0.03182823867925516
12,1774257627.78689,1774257627.83689,0.05,5,-0.11863507365269318,-0.11863507365269318,-0.11982103718586656,0.05399792899748497,0.03546215771690864,0.038358333766406495,-0.028870627562024576,0.0011859635331733787,0.0006416478690760757,0.0007651464450089208,0.0011859635331733787,0.9,1,0.026354745181630633
13,1774257627.8368902,1774257627.8868902,0.05,5,-0.11985382272433497,-0.11985382272433497,-0.11946784828678023,0.08690471003241826,0.06112766857429824,0.06891469531092453,0.01872756942505594,0.0006835157028328431,0.0004005684085241601,0.0004682306955798114,0.0010010993130163681,0.9,1,0.015189237840729846
14,1774257627.8868902,1774257627.9368901,0.05,5,-0.11819413432294693,-0.11819413432294693,-0.11949335567843375,0.13481454960559838,0.06763175284864342,0.07961525367522136,-0.0360393855306633,0.0019113487804893053,0.0011189936096340086,0.001321030340870502,0.0019113487804893053,0.9,1,0.04247441734420678
15,1774257627.9368901,1774257627.98689,0.05,5,-0.11935447628405145,-0.11935447628405145,-0.11941222343873263,0.011517036346584988,0.005835303612227768,0.007005562765581727,-0.0014832263271184988,0.0001310266652822939,4.402842810123098e-05,6.480329936678472e-05,0.0001455637883918809,0.9,1,0.002911703672939864
16,1774257627.98689,1774257628.03689,0.05,5,-0.11956893205708999,-0.11956893205708999,-0.11877253198304533,0.08027991268002542,0.053561082077204544,0.062077123269365285,0.012030933784633489,0.000796400074044662,0.00028929324210583417,0.00045150969791187695,0.0008244663930713075,0.9,1,0.017697779423214707
17,1774257628.03689,1774257628.08689,0.05,5,-0.11988994579599531,-0.11988994579599531,-0.11968301794789167,0.06426805373955907,0.03646682181326126,0.040455204524035754,0.003542386941714399,0.0006738156469338202,0.0003521319475541518,0.00042376702095457447,0.0006738156469338202,0.9,1,0.014973681042973782
18,1774257628.0868902,1774257628.1368902,0.05,5,-0.11899084225834107,-0.11899084225834107,-0.11890043184254127,0.1228403954392985,0.07396853392927036,0.08231424390822652,0.002083924476680942,0.0007823349853013639,0.0004208563878556587,0.0005258008943892066,0.0014415181582721898,0.9,1,0.01738522189558586
19,1774257628.1368902,1774257628.1868901,0.05,5,-0.11955071766999771,-0.11955071766999771,-0.11889353195442927,0.11975588257677214,0.07434902617719198,0.07952235836042088,0.014471084888805916,0.0012883881582450712,0.0005356136212678137,0.0007068062305849634,0.0012883881582450712,0.9,1,0.02863084796100158
20,1774257628.1868901,1774257628.23689,0.05,5,-0.11938453158385032,-0.11938453158385032,-0.11904353992181513,0.05883730421948006,0.027944483017562218,0.03375988211721653,0.008259809669075009,0.00040417729429841065,0.0002482451993370688,0.0002849577768246663,0.0007451689563336,0.9,1,0.00898171765107579
21,1774257628.23689,1774257628.28689,0.05,5,-0.11902246946599261,-0.11902246946599261,-0.11882074247199244,0.08947566301731476,0.05081307059343632,0.05613224548742459,0.009728423642856488,0.0007079670020474493,0.00023384662163712655,0.00033934034510952406,0.0008469021905049556,0.9,1,0.01573260004549887
22,1774257628.28689,1774257628.33689,0.05,5,-0.11972604318217046,-0.11972604318217046,-0.11930904314189754,0.08502532821352242,0.05272382291328501,0.059087029921790206,0.0102111588065238,0.001259630383197874,0.0005515075256838836,0.0007300296728854762,0.001259630383197874,0.9,1,0.027991786293286084
23,1774257628.3368902,1774257628.3868902,0.05,5,-0.11881914080536132,-0.11881914080536132,-0.11849799314354562,0.17527384248469371,0.09607380238473566,0.11821112480015522,-0.0016283078073252577,0.0011292814060993167,0.0005627894710400261,0.0006955374888097645,0.0015756062521478653,0.9,1,0.02509514235776259
24,1774257628.3868902,1774257628.4368901,0.05,5,-0.1187550583362192,-0.1187550583362192,-0.11916308062853716,0.11192015282910436,0.06884313477591658,0.08009979644506522,-0.009131134167327103,0.0005918715625374132,0.0003161360056187806,0.0003945532708519576,0.0010978000182013947,0.9,1,0.013152701389720294
25,1774257628.4368901,1774257628.48689,0.05,5,-0.11878371285848205,-0.11878371285848205,-0.1195942778145725,0.1258001527168704,0.07604240377700286,0.08748859061598468,-0.01753459579165493,0.000947676414058532,0.0005475304611592457,0.0006480995367785854,0.0012565006727618816,0.9,1,0.021059475867967376
26,1774257628.48689,1774257628.53689,0.05,5,-0.1189977114802512,-0.1189977114802512,-0.11843046580995943,0.04000413655810975,0.015400989996309917,0.021462776277361536,0.01392288703725126,0.0005672456702917744,0.00020689899516784517,0.00031630778381178164,0.0005672456702917744,0.9,1,0.012605459339817209
27,1774257628.53689,1774257628.58689,0.05,5,-0.11927055197333822,-0.11927055197333822,-0.11914934619224136,0.022536930555126868,0.012988899300571677,0.015409010627235126,0.0017204340230082425,0.0001235514234159546,9.167811833809824e-05,0.00010306259711672116,0.00021744358675596098,0.9,1,0.002745587187021213
28,1774257628.5868902,1774257628.6368902,0.05,5,-0.11896418157314152,-0.11896418157314152,-0.11884756309922229,0.06496135122975343,0.05225973836483962,0.053447882449398354,-0.0007298076539862027,0.0006248630798731808,0.00024130484804331943,0.00034625142000772066,0.0007414815537924169,0.9,1,0.013885846219404016
29,1774257628.6368902,1774257628.6868901,0.05,5,-0.11861457758911376,-0.11861457758911376,-0.11998194585868836,0.11936775840509117,0.08357236336569243,0.09073849446978034,-0.02388848416314685,0.0014666564277813487,0.0009052314850849397,0.001056386658488175,0.0014666564277813487,0.9,1,0.032592365061807745
30,1774257628.6868901,1774257628.73689,0.05,5,-0.11922454186316982,-0.11922454186316982,-0.11961469897336588,0.07884815814890556,0.05296717190814913,0.06055919380582815,-0.011260554723015258,0.0005104101284655882,0.00024843231855692095,0.0003171379501096099,0.0008072984942308903,0.9,1,0.011342447299235291
31,1774257628.73689,1774257628.78689,0.05,5,-0.11935878471116192,-0.11935878471116192,-0.1200641741850884,0.07619166065538277,0.03474234599956787,0.04345468898080675,-0.0199320118738281,0.0007053894739264821,0.0002196639110594728,0.0003436286162808603,0.0010002569067297795,0.9,1,0.01567532164281071
32,1774257628.78689,1774257628.83689,0.05,5,-0.11887226563430832,-0.11887226563430832,-0.11893973421161982,0.1038287707934487,0.07599811345292297,0.07898691315814899,0.0008261975415915397,0.0010824738715305149,0.0003647831398616658,0.0005324510989037354,0.0015034223957900023,0.9,1,0.02405497492290033
33,1774257628.8368902,1774257628.8868902,0.05,5,-0.11961685946333704,-0.11961685946333704,-0.1186183647932874,0.07981203183067324,0.0570216785326183,0.06209275776602476,0.029110678219619338,0.0009984946700496433,0.0005626413416483456,0.0006873435169734237,0.0009984946700496433,0.9,1,0.022188770445547627
34,1774257628.8868902,1774257628.9368901,0.05,5,-0.11958735276175253,-0.11958735276175253,-0.11961066149443683,0.1311665072359405,0.06179285368938009,0.07607365995484297,0.003790399928590168,0.0011113319796666188,0.0005206663188647043,0.0007045644985862436,0.0011346407123509206,0.9,1,0.024696266214813748
35,1774257628.9368901,1774257628.98689,0.05,5,-0.12012622735324142,-0.12012622735324142,-0.11880155712304284,0.08144871408877064,0.056181606780992085,0.05817176074278383,0.03237961179570324,0.0013246702301985824,0.0006579208543081916,0.000797111911877315,0.0013246702301985824,0.9,1,0.02943711622663516
36,1774257628.98689,1774257629.03689,0.05,5,-0.11887481667243853,-0.11887481667243853,-0.11897869243650724,0.09285631573101456,0.04290564571837962,0.055193000742798495,-0.0035225121471276653,0.000807735302857146,0.00024506416810890497,0.000378521126433256,0.0009201052994958631,0.9,1,0.017949673396825464
37,1774257629.03689,1774257629.08689,0.05,5,-0.1184980068415826,-0.1184980068415826,-0.11926410767477853,0.08833517476340512,0.06610266329518912,0.0712412196931174,-0.021279354488055093,0.0014196506600773623,0.000710028123011286,0.0008440144145914633,0.0014196506600773623,0.9,1,0.031547792446163604
38,1774257629.0868902,1774257629.1368902,0.05,5,-0.11876082181989983,-0.11876082181989983,-0.11868429007279276,0.05207295625268277,0.030077253126485827,0.03462161181734478,-0.000628245642388215,0.0005277809157636509,0.0002737735136659453,0.0003429527736051118,0.0006043126628707263,0.9,1,0.011728464794747798
39,1774257629.1368902,1774257629.1868901,0.05,5,-0.11905426371336322,-0.11905426371336322,-0.11990362835152002,0.10904841378127106,0.03925587586384969,0.05681280155272382,-0.026793969976190712,0.0008493646381567965,0.0004210050276472699,0.0005143876917292967,0.0011702250575780088,0.9,1,0.018874769736817697
40,1774257629.1868901,1774257629.23689,0.05,5,-0.118952923558271,-0.118952923558271,-0.11932622182875048,0.15070400259531244,0.08405538244962506,0.09276337202701306,-0.008703381151968843,0.0009011333222202489,0.000406438232351497,0.0005161549635605135,0.0014963312597469774,0.9,1,0.02002518493822775
41,1774257629.23689,1774257629.28689,0.05,5,-0.11856739677247724,-0.11856739677247724,-0.11946995016580625,0.07152992845565942,0.048503353381494134,0.05073397166320788,-0.022744195782545808,0.0009025533933290086,0.0004298918124105822,0.0005420650544326808,0.0009025533933290086,0.9,1,0.02005674207397797
42,1774257629.28689,1774257629.33689,0.05,5,-0.11876750116694369,-0.11876750116694369,-0.11834941970306599,0.0878619545582521,0.030995441089382354,0.04566676385970826,0.013455260648482863,0.00041808146387770084,0.00022931824388979226,0.00027287589808158426,0.0007779848886344254,0.9,1,0.00929069919728224
43,1774257629.3368902,1774257629.3868902,0.05,5,-0.11889171434630927,-0.11889171434630927,-0.11884452402117693,0.0951918152577107,0.052329162738429934,0.05854880850951643,0.015379881002353291,0.00035692528418154734,0.00018704990025430747,0.00023521175519105052,0.0005679548208294416,0.9,1,0.007931672981812162
44,1774257629.3868902,1774257629.4368901,0.05,5,-0.11896206047988578,-0.11896206047988578,-0.11928027784837723,0.07066329209980103,0.029351499518197946,0.03944033612592788,-0.007573038932895513,0.0006471497833309553,0.00033570050228356465,0.00042585771723468877,0.0007463968261656184,0.9,1,0.01438110629624345
45,1774257629.4368901,1774257629.48689,0.05,5,-0.11877991268003178,-0.11877991268003178,-0.11872407746104911,0.104593986782704,0.05468273952670766,0.06542587973418477,0.00015811602466047833,0.00099658731028332,0.000375874280916938,0.0005176193341100664,0.0010524225292659894,0.9,1,0.022146384672962666
46,1774257629.48689,1774257629.53689,0.05,5,-0.11894040059946084,-0.11894040059946084,-0.11914191135401023,0.06296972167254312,0.029994413318397847,0.03892014163970573,-0.005035473279696466,0.0006967713964754763,0.0003550131958458408,0.00044272970814257794,0.0006967713964754763,0.9,1,0.015483808810566137
47,1774257629.53689,1774257629.58689,0.05,5,-0.11936814129974992,-0.11936814129974992,-0.11910131724258143,0.09917478112756527,0.0607351833649491,0.06966565579795038,0.01174225826413753,0.0008606210592125019,0.0002751529179493173,0.0004105366396857476,0.0009866107073878416,0.9,1,0.019124912426944484
48,1774257629.5868902,1774257629.6368902,0.05,5,-0.11905077982977902,-0.11905077982977902,-0.11904561620684172,0.04906488724535521,0.03614790531793257,0.037326785113492855,0.00012474305023803603,0.000506398700005864,0.00017190040556949726,0.00025417543470669863,0.0007352704310587405,0.9,1,0.011253304444574752
49,1774257629.6368902,1774257629.6868901,0.05,5,-0.1194033444155988,-0.1194033444155988,-0.11909102107362585,0.08098593515238486,0.04028694577343436,0.047412160298982216,-0.00020602180275806816,0.0005945695455593925,0.0002106813763844223,0.0003060720936389203,0.0006103433156411375,0.9,1,0.013212656567986498
50,1774257629.6868901,1774257629.73689,0.05,5,-0.11910366491131127,-0.11910366491131127,-0.11821171087979387,0.0928269500511624,0.055217021753414065,0.06339284457874683,0.02512052232845748,0.0008919540315174002,0.00046688703580176073,0.0005858225503436399,0.0008919540315174002,0.9,1,0.01982120070038667
51,1774257629.73689,1774257629.78689,0.05,5,-0.11942551187793966,-0.11942551187793966,-0.11872845689405151,0.1439957353024739,0.07822968406824028,0.09647546654418593,0.01698758212126615,0.001813770825244032,0.0007014003655879369,0.000927010777485813,0.001813770825244032,0.9,1,0.040306018338756265
52,1774257629.78689,1774257629.83689,0.05,4,-0.11875469873567518,-0.11875469873567518,-0.11841537217190654,0.07050282416307634,0.0628449644385594,0.06351015091528674,0.01584308166317518,0.0007533203524809906,0.00031660434454099454,0.00042214637383703883,0.0010926469162496344,0.9,1,0.016740452277355346
53,1774257629.8368902,1774257629.8868902,0.05,6,-0.11814061438622563,-0.11814061438622563,-0.11959153457748826,0.11810516946180404,0.059454924052505034,0.07161193430663787,-0.03638552024346904,0.0019591544226700286,0.0012226764606740718,0.0013866412273019339,0.0019591544226700286,0.9,1,0.04353676494822285
54,1774257629.8868902,1774257629.9368901,0.05,5,-0.11957939339961192,-0.11957939339961192,-0.1188790851913543,0.11367577514603512,0.07227077754719702,0.07645571871173353,0.015432889974179456,0.0007292271765458186,0.00039033968371324224,0.00048480115613784406,0.001081494839531752,0.9,1,0.016205048367684854
55,1774257629.9368901,1774257629.98689,0.05,4,-0.11900266299255055,-0.11900266299255055,-0.11931392509974065,0.03900835900493038,0.018868855646927966,0.02391746328926591,-0.010035010622957,0.00044389918457637956,0.00028901054461299286,0.00033713353094498875,0.00044389918457637956,0.9,1,0.009864426323919545
56,1774257629.98689,1774257630.03689,0.05,5,-0.12003473047042215,-0.12003473047042215,-0.11907615563986422,0.04591886555820903,0.028452991465034678,0.03296011192840677,0.02486580830834233,0.0009585748305579317,0.0005154977295891066,0.0006014077344789824,0.0009585748305579317,0.9,1,0.02130166290128737
57,1774257630.03689,1774257630.08689,0.05,6,-0.1189042713131558,-0.1189042713131558,-0.11892766756283137,0.18693490408915125,0.10591800023886266,0.12172802843681102,-0.011787659333566621,0.0010599496121474067,0.0004648766390427407,0.0006323782938332159,0.0018203243173665895,0.9,1,0.023554435825497922
58,1774257630.0868902,1774257630.1368902,0.05,5,-0.11880072763033325,-0.11880072763033325,-0.11935475911100459,0.05380630014129906,0.027233389529618398,0.032512951347506536,-0.01613818839462249,0.0007775032076581673,0.0004429774731450814,0.000526856044104506,0.0007775032076581673,0.9,1,0.017277849059070382
59,1774257630.1368902,1774257630.1868901,0.05,4,-0.11953671443149985,-0.11953671443149985,-0.1191206689617614,0.047632779103271905,0.034393004829550274,0.03573846534365933,0.013762045429205297,0.0007295823353486858,0.00040578405549189164,0.0004830627560510087,0.0007295823353486858,0.9,1,0.016212940785526347
60,1774257630.1868901,1774257630.23689,0.05,5,-0.11983336116451249,-0.11983336116451249,-0.11884584681162975,0.08279790384965557,0.03603389526490324,0.04688446431310475,0.02583582819402198,0.0011450907671973348,0.0005168045418884298,0.0007000202337920528,0.001194965469153611,0.9,1,0.025446461493274106
61,1774257630.23689,1774257630.28689,0.05,5,-0.11934636545061751,-0.11934636545061751,-0.11978740177521259,0.0788021494600401,0.06086464185888231,0.062013202440417435,-0.007566735419050797,0.0004410363245950788,0.0002689357806418075,0.00032208114097523707,0.0008737312851792578,0.9,1,0.009800807213223971
62,1774257630.28689,1774257630.33689,0.05,5,-0.11894948470407458,-0.11894948470407458,-0.11929866292711301,0.08365642359299713,0.03295300684482078,0.04513247270689725,-0.008981241214768555,0.0005992377106718433,0.00023723115798831852,0.00032757535849598223,0.0008348481469946101,0.9,1,0.013316393570485405
63,1774257630.3368902,1774257630.3868902,0.05,5,-0.11808775751530394,-0.11808775751530394,-0.1200888840669584,0.1557359466724647,0.0732365119600144,0.08742806801129542,-0.04972002820003494,0.002001126551654464,0.0007574746677772165,0.0010224241302542085,0.002001126551654464,0.9,1,0.044469478925654754
64,1774257630.3868902,1774257630.4368901,0.05,5,-0.11955613774700949,-0.11955613774700949,-0.11953385055275578,0.09958715123341325,0.05832542057257702,0.06573856479368964,0.007312324438277836,0.0007853865672056565,0.00022898182476008,0.00038072819544826287,0.0007853865672056565,0.9,1,0.017453034826792363
65,1774257630.4368901,1774257630.48689,0.05,5,-0.1191075808344207,-0.1191075808344207,-0.11971727305852932,0.07440629400949025,0.0586488575104447,0.06306357849961405,-0.022015738359550764,0.0006513500768910718,0.0002968438083658237,0.0004056900007115162,0.0007948478797546038,0.9,1,0.014474446153134929
66,1774257630.48689,1774257630.53689,0.05,5,-0.11940431749352626,-0.11940431749352626,-0.11957346571563697,0.0742188682559674,0.032662124771747854,0.044576845421934526,-0.005905553670278256,0.000520679782747932,0.00023876492941762585,0.0003242882876020719,0.0006898280048586447,0.9,1,0.011570661838842932
67,1774257630.53689,1774257630.58689,0.05,5,-0.11948856904517896,-0.11948856904517896,-0.12003261020947174,0.08333567761681966,0.03638705483080819,0.04657459616823739,-0.011915110146040067,0.0005440411642927828,0.0002307024366253019,0.0002933213572238683,0.0008299584210895994,0.9,1,0.012089803650950729
68,1774257630.5868902,1774257630.6368902,0.05,5,-0.11947841602306594,-0.11947841602306594,-0.1186922122857615,0.1303305637757605,0.05859850881827335,0.07658696087280625,0.020858714794074924,0.0007862037373044389,0.00040921877513387385,0.0005372880813393027,0.0015541447105134887,0.9,1,0.017471194162320864
69,1774257630.6368902,1774257630.6868901,0.05,5,-0.11945829198774091,-0.11945829198774091,-0.11851155904656249,0.12988297170637345,0.05370812738721602,0.07104443402930213,0.02270747650638776,0.0009467329411784187,0.0004759781198244523,0.0005988820517032952,0.0015664482889905518,0.9,1,0.021038509803964857
70,1774257630.6868901,1774257630.73689,0.05,5,-0.11905244570351618,-0.11905244570351618,-0.11920400058782572,0.08026670082772382,0.038813439485974814,0.046520937575283,-0.006736678421326971,0.0007942706151917028,0.00030176109694092236,0.00041458564608660075,0.0007942706151917028,0.9,1,0.017650458115371172
71,1774257630.73689,1774257630.78689,0.05,5,-0.11880608892168863,-0.11880608892168863,-0.11975464170059719,0.1051431709306447,0.055696642841830776,0.06688190668684031,-0.027989706380500065,0.000948552778908554,0.00044937688684676955,0.0005830457963049106,0.000948552778908554,0.9,1,0.02107895064241231
72,1774257630.78689,1774257630.83689,0.05,5,-0.11882208535445012,-0.11882208535445012,-0.11930406638844111,0.0906865294718443,0.03958195169334442,0.04993975240338156,-0.012809310408502576,0.0006867087040429848,0.0003033282862406922,0.00039167861698625187,0.0008970915780821542,0.9,1,0.015260193423177438
73,1774257630.8368902,1774257630.8868902,0.05,5,-0.11910714157682714,-0.11910714157682714,-0.11925026642949227,0.08252161044629176,0.047553617805889986,0.05755869763306132,0.005226317574929174,0.000688076006384139,0.000254035934007818,0.0003492336934770042,0.0010063994926330366,0.9,1,0.015290577919647531
74,1774257630.8868902,1774257630.9368901,0.05,5,-0.11941287081293014,-0.11941287081293014,-0.11856463654730078,0.07465905659990925,0.036447330795240984,0.0455227364716113,0.02839659176301297,0.000848234265629369,0.000444796950162768,0.0005222622521862656,0.000848234265629369,0.9,1,0.018849650347319308
75,1774257630.9368901,1774257630.98689,0.05,5,-0.11905902157756305,-0.11905902157756305,-0.11893112156943621,0.10074542307670793,0.08621779823543485,0.08694348125667291,0.0008541454629873296,0.0009566080764889656,0.00039355651990230224,0.0005449201348832112,0.0016838546900430212,0.9,1,0.021257957255310343
76,1774257630.98689,1774257631.03689,0.05,5,-0.11937404641556125,-0.11937404641556125,-0.11959385009732436,0.0319883665390836,0.02259807061143425,0.02443115579205763,-0.0066038873418924485,0.0003440216154682596,0.00015262669383902806,0.00019420028283070718,0.0005638252972313684,0.9,1,0.007644924788183546
77,1774257631.03689,1774257631.08689,0.05,5,-0.11918874924198794,-0.11918874924198794,-0.11940593660273953,0.04973605337924058,0.021301452129340002,0.0275973151430854,-0.0035665745602802873,0.0005239018469306994,0.00022301725556465036,0.0002981362125794558,0.0005483494559326701,0.9,1,0.011642263265126651
78,1774257631.0868902,1774257631.1368902,0.05,5,-0.11916484502631208,-0.11916484502631208,-0.1192091754982029,0.10858721766187616,0.04667844255440286,0.060295908962716555,-0.00761516627653523,0.0008484411948239817,0.0003321183519137738,0.00045114538283051926,0.0008484411948239817,0.9,1,0.01885424877386626
79,1774257631.1368902,1774257631.1868901,0.05,5,-0.11963460793864389,-0.11963460793864389,-0.11909541413533996,0.0552291552342814,0.03288672298925232,0.03654881892275609,0.013053695202779832,0.0005391938033039306,0.00025303222868353347,0.0003079427695130349,0.000818542811395262,0.9,1,0.011982084517865125
80,1774257631.1868901,1774257631.23689,0.05,5,-0.11917241146179516,-0.11917241146179516,-0.1192030548764349,0.027767796448022727,0.014556104069232639,0.01686893885327526,-0.0006722058452212753,0.0003150209171824264,0.00012462253117419552,0.0001671159760748584,0.0003150209171824264,0.9,1,0.007000464826276142
81,1774257631.23689,1774257631.28689,0.05,5,-0.11945489546199646,-0.11945489546199646,-0.1196319034808655,0.05571024485152852,0.03792091278101713,0.0393319915349015,-0.004448997270415773,0.0004959260063692184,0.00020361460222489137,0.0002768246908158222,0.0008206872285551337,0.9,1,0.011020577919315962
82,1774257631.28689,1774257631.33689,0.05,5,-0.11947235271841541,-0.11947235271841541,-0.12047819933529563,0.12371882734702654,0.06743849578710477,0.07966824540426573,-0.02500918159424107,0.0010058466168802183,0.00043325700522428014,0.0006028736229271918,0.0018676677647778694,0.9,1,0.022352147041782625
83,1774257631.3368902,1774257631.3868902,0.05,5,-0.11978650979847887,-0.11978650979847887,-0.11972396134016654,0.15163851543585377,0.08586045563513726,0.09731752576803708,-0.002425106544393929,0.0016583858662207879,0.00081211374743263,0.0010557706183182266,0.0016583858662207879,0.9,1,0.03685301924935084
84,1774257631.3868902,1774257631.4368901,0.05,5,-0.11960280477546648,-0.11960280477546648,-0.11943223531733968,0.11675824949544476,0.06784300316926256,0.08147863493067828,0.006682652066905692,0.0008024982946111953,0.00027846602212178997,0.00039084918774322485,0.0010497294903976662,0.9,1,0.017833295435804336
85,1774257631.4368901,1774257631.48689,0.05,5,-0.1199076784325873,-0.1199076784325873,-0.11896573628150162,0.0725724146082545,0.024632453537125374,0.03737897421830141,0.023138842929340226,0.0009419421510856868,0.0005765717124509934,0.0007061155823077922,0.0009419421510856868,0.9,1,0.02093204780190415
86,1774257631.48689,1774257631.53689,0.05,5,-0.1190417519309632,-0.1190417519309632,-0.11946247082649834,0.06849948077329801,0.05351535277233276,0.05542471084621504,-0.010843040065980322,0.0005915483507947517,0.0003160017185791286,0.0003709931581863793,0.0008690684958683886,0.9,1,0.013145518906550035
87,1774257631.53689,1774257631.58689,0.05,5,-0.11919982199469692,-0.11919982199469692,-0.11839641877665212,0.07729423164015686,0.03888316024227148,0.04542154270716301,0.019566460768306343,0.0008034032180447986,0.000362436515359052,0.00047079770904590864,0.000991631453976849,0.9,1,0.017853404845439968
88,1774257631.5868902,1774257631.6368902,0.05,5,-0.11916817762751751,-0.11916817762751751,-0.11951998063507882,0.036845041528980424,0.02509259935313817,0.026439385512416678,-0.006670078588647957,0.00035180300756131044,0.00017563706070993778,0.0002186606481361487,0.0006433356177922983,0.9,1,0.007817844612473564
89,1774257631.6368902,1774257631.6868901,0.05,5,-0.11961383550086095,-0.11961383550086095,-0.11846783928696757,0.13087199170867292,0.07221267850651883,0.08430080860321114,0.027658075733037437,0.0011459962138933855,0.00042380185443270104,0.0006047624837934575,0.0012980474775010353,0.9,1,0.025466582530964118
90,1774257631.6868901,1774257631.73689,0.05,5,-0.11916064498770408,-0.11916064498770408,-0.11935429865203652,0.10271878634611771,0.04687637257715711,0.05896911643314594,-0.006719622534260124,0.00101023975743382,0.00046063238529718553,0.0005767613589500117,0.00101023975743382,0.9,1,0.022449772387418222
91,1774257631.73689,1774257631.78689,0.05,5,-0.11905887957317915,-0.11905887957317915,-0.11906728271341455,0.07380597272075598,0.03659280008612734,0.04981334964976215,0.00031018627425065176,0.0006944398760624776,0.00015265471536708431,0.0003113935116790407,0.0007431796674462338,0.9,1,0.015431997245832834
92,1774257631.78689,1774257631.83689,0.05,5,-0.1198119900525116,-0.1198119900525116,-0.1189840093166413,0.10505587429587852,0.06625640701839447,0.07572165598708702,0.02435109681656522,0.0008279807358703012,0.0003485699236143419,0.0004699566355289718,0.0010621796754039098,0.9,1,0.018399571908228912
93,1774257631.8368902,1774257631.8868902,0.05,5,-0.11924023986537888,-0.11924023986537888,-0.11952601540743311,0.06296317342800302,0.03554667106608872,0.03905946317735086,-0.008378190503858346,0.0003147816484393301,0.00019205894542148328,0.0002340800680710813,0.0006005571904935669,0.9,1,0.006995147743096224
94,1774257631.8868902,1774257631.9368901,0.05,5,-0.11914930114505447,-0.11914930114505447,-0.11859798658181012,0.1043997818719884,0.0657791313518787,0.07578282884498552,0.013579240415884498,0.0006096133872862813,0.00041858408590902116,0.0004712609118080779,0.0010589811133727423,0.9,1,0.013546964161917361
95,1774257631.9368901,1774257631.98689,0.05,5,-0.11878215088401256,-0.11878215088401256,-0.11950412870105684,0.11181314771002501,0.030841596997597396,0.05608897098094582,-0.030567380301992204,0.0007219778170442781,0.0005227879815864839,0.0005856214250103557,0.0007219778170442781,0.9,1,0.016043951489872844
96,1774257631.98689,1774257632.03689,0.05,5,-0.11972239758972575,-0.11972239758972575,-0.11929911033691425,0.02632799234664872,0.017596377271277032,0.018760074881485227,0.01113830947138322,0.00042328725281150226,0.00019619961984133628,0.0002489986266532217,0.0005594295912940278,0.9,1,0.00940638339581116
97,1774257632.03689,1774257632.08689,0.05,5,-0.11871069328080795,-0.11871069328080795,-0.11989706940281099,0.10267603215840201,0.03759863924329081,0.05317938495371164,-0.028330139261828476,0.0011863761220030355,0.0003438957522772956,0.0005516161807588031,0.0011863761220030355,0.9,1,0.026363913822289677
98,1774257632.0868902,1774257632.1368902,0.05,5,-0.11920273782312218,-0.11920273782312218,-0.11956084539692453,0.03965498815999191,0.01797429228886833,0.02217684337216592,-0.009158662798224276,0.0005345884001655837,0.0003052688001358439,0.0003658533853328803,0.0005345884001655837,0.9,1,0.01187974222590186
99,1774257632.1368902,1774257632.1868901,0.05,5,-0.11893471130820513,-0.11893471130820513,-0.11913677831700792,0.05062083546746652,0.043724188215565785,0.04484629917063082,-0.006388685373173095,0.0004500308276151055,0.0002273787747800099,0.0002714477767908297,0.0007538578980897798,0.9,1,0.010000685058113454
100,1774257632.1868901,1774257632.23689,0.05,5,-0.11842084868400272,-0.11842084868400272,-0.11864650242684283,0.05660771044335813,0.03462277727831251,0.037550939444932666,-0.006318922056633447,0.0007991667851899309,0.0003810155093007417,0.0004673159863667976,0.0007991667851899309,0.9,1,0.017759261893109574
101,1774257632.23689,1774257632.28689,0.05,5,-0.11842510460780092,-0.11842510460780092,-0.11919086679302283,0.04285142446611252,0.018792459140113564,0.024089533867745736,-0.018792459140113564,0.0007657621852219104,0.00031305080449920417,0.0004442766757378867,0.0007657621852219104,0.9,1,0.017016937449375786
102,1774257632.28689,1774257632.33689,0.05,5,-0.11911565045143786,-0.11911565045143786,-0.11889645776843107,0.12095729118841328,0.06902738586563488,0.08108068157331934,0.008548740271428237,0.0010551423951441902,0.00035668832000700643,0.0005098126967792258,0.001375191065695447,0.9,1,0.023447608780982
103,1774257632.3368902,1774257632.3868902,0.05,5,-0.119106454777354,-0.119106454777354,-0.11925581688562426,0.0943811801468943,0.047400612836423425,0.05521002447482506,-0.00021002276297627312,0.0009550993456092366,0.00035272269252052956,0.0004942529982154471,0.0009550993456092366,0.9,1,0.021224429902427476
104,1774257632.3868902,1774257632.4368901,0.05,5,-0.11924775141691489,-0.11924775141691489,-0.11853430910843821,0.09113308399729801,0.03202768023482298,0.0471472429588442,0.020723279105522012,0.0009618755335995821,0.000356211699372741,0.0005366485657482866,0.0010057069755806114,0.9,1,0.021375011857768487
105,1774257632.4368901,1774257632.48689,0.05,5,-0.11913182291699954,-0.11913182291699954,-0.11892895881148784,0.05659288937472032,0.03320702323884104,0.03627857280795039,0.0049105785514808814,0.0005542435924638239,0.00020004056110667633,0.0002815435409693794,0.0007571076979755315,0.9,1,0.012316524276973865
106,1774257632.48689,1774257632.53689,0.05,5,-0.1192956112650564,-0.1192956112650564,-0.11862260656150692,0.22167666484160045,0.10115858805978414,0.1297913860498565,0.028231879593659387,0.0019607002611034124,0.0006291882342078614,0.0009433173816759829,0.0019607002611034124,0.9,1,0.04357111691340916
107,1774257632.53689,1774257632.58689,0.05,5,-0.11905544518400799,-0.11905544518400799,-0.11955747774616647,0.07323703737858206,0.04801889457447579,0.05455997890129801,-0.01140037588518476,0.0006625784645240551,0.0002508441277927653,0.0003728445986950695,0.001164611026682541,0.9,1,0.014723965878312335
108,1774257632.5868902,1774257632.6368902,0.05,5,-0.11823835211030174,-0.11823835211030174,-0.11907122373798917,0.06388295300756444,0.04612801197614403,0.04891090145810685,-0.019771000550868466,0.001362524953958194,0.0006723443412632396,0.0008061837987212132,0.001362524953958194,0.9,1,0.030278332310182086
109,1774257632.6368902,1774257632.6868901,0.05,5,-0.11877580667176092,-0.11877580667176092,-0.11879129522844112,0.056599978575671034,0.030302027509362804,0.03594742965037459,-0.0009892420791981103,0.00029602097083425427,0.0001217030923515744,0.00018120051952510657,0.0005713970405649277,0.9,1,0.006578243796316761
110,1774257632.6868901,1774257632.73689,0.05,5,-0.11901952700384975,-0.11901952700384975,-0.11924347329307537,0.0472749460346075,0.03148756370920118,0.03278829727879875,-0.005498422719741378,0.0004726588396933712,0.00017967987445810518,0.00024413031548820366,0.000528393603299121,0.9,1,0.010503529770963803
111,1774257632.73689,1774257632.78689,0.05,5,-0.11882909984497465,-0.11882909984497465,-0.11852834406399985,0.075269945024342,0.03581204478021303,0.04586292784881974,0.010502939509376188,0.00043069426961213353,0.0002554583825990414,0.00029206972053221907,0.000731450050586932,0.9,1,0.009570983769158522
112,1774257632.78689,1774257632.83689,0.05,5,-0.11879303047695275,-0.11879303047695275,-0.1186255264573719,0.03779262352315566,0.028949701142462356,0.030673865601553378,0.004197806713846999,0.00038276449376670185,0.0001578679136664235,0.00020501778759413552,0.0005502685133475516,0.9,1,0.008505877639260041
113,1774257632.8368902,1774257632.8868902,0.05,5,-0.11945411425509943,-0.11945411425509943,-0.11934385401129059,0.05455844473222906,0.030794352385901398,0.03747157140867281,0.0035151300197868666,0.0006967145114900875,0.0002255946063185632,0.0003318285918658864,0.0006967145114900875,0.9,1,0.01548254469977972
114,1774257632.8868902,1774257632.9368901,0.05,5,-0.11922019489316048,-0.11922019489316048,-0.11865549386750336,0.03729786116786983,0.019729692003034767,0.022810161477172967,0.01457383811357904,0.0005647010256571161,0.0002035061618933104,0.0002989336110763244,0.000667023908728609,0.9,1,0.012548911681269245
115,1774257632.9368901,1774257632.98689,0.05,5,-0.11907200666343855,-0.11907200666343855,-0.11929737524896081,0.10904153923341273,0.06145446691176232,0.07072165137361555,-0.01740146381335792,0.0005350591332547588,0.0003078908963949134,0.00035825614950951885,0.0009492374595957281,0.9,1,0.011890202961216862
116,1774257632.98689,1774257633.03689,0.05,5,-0.11896026420588801,-0.11896026420588801,-0.11890395896863312,0.052935472710920875,0.023952214053581708,0.03204535672648419,0.0025155223018787326,0.00042995403016901634,0.00012391336101666428,0.00019852089120840524,0.0005048698699128551,0.9,1,0.009554534003755917
117,1774257633.03689,1774257633.08689,0.05,4,-0.11911125957881297,-0.11911125957881297,-0.11959103261263958,0.15440803245583634,0.060416897883618446,0.09041807629271453,-0.04252179042027245,0.0007494005007213367,0.00030981934502526814,0.0004449397043880052,0.0007595043462744616,0.9,1,0.016653344460474145
118,1774257633.0868902,1774257633.1368902,0.05,6,-0.11829908222687942,-0.11829908222687942,-0.11909910361231235,0.11050624034710327,0.05586573182828077,0.06679722616114009,-0.026950266534883492,0.0014468555526004762,0.0007453690641321953,0.0008573602505654741,0.0014468555526004762,0.9,1,0.03215234561334391
119,1774257633.1368902,1774257633.1868901,0.05,5,-0.11958835746437849,-0.11958835746437849,-0.11941456818415026,0.10230864801403652,0.057930368586508706,0.06470112957681373,0.008177734682907889,0.0008095480116364351,0.00027194078778102203,0.0003894917741859381,0.000965153833536958,0.9,1,0.017989955814143
120,1774257633.1868901,1774257633.23689,0.05,5,-0.1192876335105549,-0.1192876335105549,-0.1191471369040876,0.08971363733581783,0.04872422562111353,0.055718829179809366,0.0038674069532046162,0.001035236511680318,0.00038556136706107693,0.0005436686160786383,0.001035236511680318,0.9,1,0.023005255815118177
121,1774257633.23689,1774257633.28689,0.05,5,-0.11897724625500745,-0.11897724625500745,-0.1193134842608552,0.05484013936522628,0.025196854796589122,0.03056262251366067,-0.008504278669506345,0.0004182222702022592,0.00022180797297890743,0.0002660101575858715,0.0005569257107405218,0.9,1,0.00929382822671687
122,1774257633.28689,1774257633.33689,0.05,5,-0.11900460213240684,-0.11900460213240684,-0.11876747656472185,0.06869390297386879,0.03157105878119063,0.04138418497015914,0.005910702378309143,0.0004475854121649553,0.00014955646134743594,0.0002280763624523143,0.0006847109798499423,0.9,1,0.00994634249255456
123,1774257633.3368902,1774257633.3868902,0.05,5,-0.11846811076445073,-0.11846811076445073,-0.11881879738486455,0.07288446125436257,0.03878557364984439,0.04686317424545843,-0.002343343022663106,0.0008855914582588664,0.0003520828169706586,0.000457557706477871,0.0008855914582588664,0.9,1,0.019679810183530363
124,1774257633.3868902,1774257633.4368901,0.05,5,-0.11943685422635462,-0.11943685422635462,-0.1190479619294096,0.12605480318744156,0.08088621353284116,0.09003724918318558,0.028553853055934966,0.0007416193027421497,0.00044678745149115406,0.0005118989978187773,0.0012835234644034271,0.9,1,0.016480428949825546
125,1774257633.4368901,1774257633.48689,0.05,5,-0.11905262268790069,-0.11905262268790069,-0.11927161229429044,0.05808855120330281,0.034971913410323054,0.03826508240460214,-0.005927637808671646,0.0006021022232922529,0.0002467197514710279,0.00034026238748094384,0.0008210918296819997,0.9,1,0.013380049406494508
126,1774257633.48689,1774257633.53689,0.05,5,-0.11898331040917665,-0.11898331040917665,-0.11947696642885293,0.08721394955765065,0.03974430197688336,0.04893906461371745,-0.014384785346452846,0.0006417564153071292,0.00030322235405600415,0.0003818162063436629,0.0008108396441937893,0.9,1,0.014261253673491759
127,1774257633.53689,1774257633.58689,0.05,5,-0.11914342070153644,-0.11914342070153644,-0.11924639727863215,0.019725311587475376,0.012372775067064556,0.013231066377593049,-0.002510119273326868,0.00016347040981276595,7.640526696786609e-05,9.505457953239198e-05,0.00019706481252908248,0.9,1,0.003632675773617021
128,1774257633.5868902,1774257633.6368902,0.05,5,-0.11943043356761159,-0.11943043356761159,-0.1190915390308288,0.09242986259151466,0.07760654962410297,0.07819109131675815,0.008200361022908855,0.001074883365842924,0.0004857698013268824,0.0006321304798970487,0.001074883365842924,0.9,1,0.023886297018731645
129,1774257633.6368902,1774257633.6868901,0.05,4,-0.11879001164782911,-0.11879001164782911,-0.11866913214826798,0.076050812393244,0.04802979069231585,0.058430850229807534,0.003521930869288245,0.0006595186226076993,0.0001982543148784481,0.00033531176150257457,0.0007803981221688322,0.9,1,0.014655969391282206
130,1774257633.6868901,1774257633.73689,0.05,6,-0.12011172187424798,-0.12011172187424798,-0.119579529441992,0.11091478676703699,0.056714710492109785,0.06869104531509394,0.014067581447098918,0.0015892986022826294,0.00091450606246059,0.0010938567328855175,0.0015892986022826294,0.9,1,0.03531774671739176
131,1774257633.73689,1774257633.78689,0.05,5,-0.11832457579718161,-0.11832457579718161,-0.11916794986947159,0.10738054187258216,0.041200984779078076,0.05805217491719431,-0.01988539530429836,0.0012793514811431234,0.0006942207108102172,0.0008832346172804712,0.0012793514811431234,0.9,1,0.028430032914291626
132,1774257633.78689,1774257633.83689,0.05,5,-0.11963751428323315,-0.11963751428323315,-0.11985600870172855,0.09925861252695234,0.058164527798554286,0.06464536878769495,-0.007548740240335843,0.0009904591495802223,0.0004992874101904215,0.0006098120759373729,0.001208953568075627,0.9,1,0.022010203324004936
133,1774257633.8368902,1774257633.8868902,0.05,4,-0.11961188255534375,-0.11961188255534375,-0.1192013802774224,0.04180170451275751,0.017896680504244585,0.02478571872608153,0.011579389060223566,0.0005056478891622695,0.0003505766067821853,0.0004063680035306473,0.0005056478891622695,0.9,1,0.011236619759161544
134,1774257633.8868902,1774257633.9368901,0.05,5,-0.11847454093530488,-0.11847454093530488,-0.1187907555421271,0.10089297697234963,0.05965261196354434,0.0722209651605871,-0.012965035227113751,0.001209314160853306,0.0007017249102114597,0.0008512926706765132,0.001209314160853306,0.9,1,0.02687364801896235
135,1774257633.9368901,1774257633.98689,0.05,6,-0.11999943029276804,-0.11999943029276804,-0.11983521744768409,0.10356845504482798,0.04293361859514056,0.05593013009520118,0.005438898671670191,0.0011239927448281062,0.00048570962827938535,0.0006427434884162126,0.0011239927448281062,0.9,1,0.02497761655173569
136,1774257633.98689,1774257634.03689,0.05,5,-0.11981390133719241,-0.11981390133719241,-0.11965472187772709,0.06340531760383539,0.034390640385046314,0.040082943912171674,0.002996670523464128,0.0007208905159523382,0.00029083683451971987,0.00039513358407605113,0.0007208905159523382,0.9,1,0.01601978924338529
137,1774257634.03689,1774257634.08689,0.05,4,-0.11990142197558043,-0.11990142197558043,-0.11904548689592122,0.12225446563923421,0.05547904501219819,0.07401263357167613,0.030091060387689907,0.0012382071979817055,0.0008177163817882499,0.0009553087893015538,0.0012382071979817055,0.9,1,0.027515715510704565
138,1774257634.0868902,1774257634.1368902,0.05,5,-0.11899624581138378,-0.11899624581138378,-0.1189508990654708,0.034327118233845974,0.015518641726220164,0.01895361213626437,0.001644917390702823,0.00023299249194788652,9.958662052570456e-05,0.000127222754179829,0.0003273689101585958,0.9,1,0.005177610932175255
139,1774257634.1368902,1774257634.1868901,0.05,5,-0.1190271432030099,-0.1190271432030099,-0.11938220464373624,0.10123105299929679,0.05690611357817031,0.06250278560397751,-0.012522584554045627,0.0005671025399954094,0.000270298953057449,0.0003434823964418409,0.0009399836149386193,0.9,1,0.012602278666564652
140,1774257634.1868901,1774257634.23689,0.05,5,-0.1198009914589483,-0.1198009914589483,-0.11933711840800243,0.08778729421711133,0.030315883307535704,0.04570988358909093,0.013577763801019962,0.0007475592397061803,0.0003535836370265999,0.0004534701157035196,0.0008029631985057017,0.9,1,0.016612427549026226
141,1774257634.23689,1774257634.28689,0.05,5,-0.11880312754172112,-0.11880312754172112,-0.11903640862367809,0.0824607802907267,0.0589355153950334,0.06340759005507102,-0.004783589974261079,0.0008305640516667462,0.00036479485883841314,0.00046623686257116404,0.001046724418143366,0.9,1,0.01845697892592769
142,1774257634.28689,1774257634.33689,0.05,5,-0.11907418953840598,-0.11907418953840598,-0.11872013446174338,0.08867462966541392,0.04470064412261,0.05934829427051868,0.005485329938944503,0.0005833177883053514,0.0002673332551006269,0.00033794732591828494,0.0009373728649679502,0.9,1,0.012962617517896697
143,1774257634.3368902,1774257634.3868902,0.05,5,-0.11884186804672862,-0.11884186804672862,-0.12035919976452061,0.16634524944807128,0.12143382920854554,0.13737341902583527,-0.04790927352604061,0.0015173317177919893,0.0006991477624043035,0.000936138146304546,0.0028908826299477025,0.9,1,0.03371848261759976
144,1774257634.3868902,1774257634.4368901,0.05,5,-0.11908678587921737,-0.11908678587921737,-0.11979731748986296,0.10410065360789789,0.06373254082334605,0.06937195305792634,-0.01677989768947439,0.00071053161064559,0.0003323804110110129,0.00040449450948866803,0.0011149181033898309,0.9,1,0.015789591347679776
145,1774257634.4368901,1774257634.48689,0.05,5,-0.11962973993386629,-0.11962973993386629,-0.11942602618836312,0.06271192349238125,0.026541033591541037,0.03383205826441976,0.0048149281546495904,0.0006405602040912145,0.00034942782945519835,0.000416932614200709,0.0006405602040912145,0.9,1,0.014234671202026988
146,1774257634.48689,1774257634.53689,0.05,5,-0.11902221520606714,-0.11902221520606714,-0.11849377516998413,0.11104080490598431,0.058683297238526194,0.06673272014187474,0.014567453353573793,0.0010870532507936265,0.00039318150173262565,0.0005612863820229425,0.0010870532507936265,0.9,1,0.02415673890652503
147,1774257634.53689,1774257634.58689,0.05,5,-0.11924994137492143,-0.11924994137492143,-0.11855123684601804,0.0698504087994154,0.02972710808076016,0.03813765769073021,0.01810682897415159,0.0006987045289033877,0.0002949323943809923,0.0003849930422574558,0.0009348910700000268,0.9,1,0.01552676730896417
148,1774257634.5868902,1774257634.6368902,0.05,5,-0.11881622187146419,-0.11881622187146419,-0.11839762631400884,0.09494607675076126,0.06596706078354074,0.06958232848608854,0.01194063900049438,0.0005551751223934753,0.000275995547799901,0.00035084522774216965,0.0009737706798488288,0.9,1,0.012337224942077228
149,1774257634.6368902,1774257634.6868901,0.05,5,-0.1194088430984437,-0.1194088430984437,-0.11954097013158954,0.07988020280790305,0.042209555731713984,0.04825746905306512,-0.0022694543277624645,0.0005920561446261102,0.00021806151634666814,0.00029499828876020714,0.0007824797660268556,0.9,1,0.013156803213913559
150,1774257634.6868901,1774257634.73689,0.05,5,-0.11890209051731004,-0.11890209051731004,-0.11900436124938864,0.12393498209758633,0.06235557650192098,0.0740208563348367,-0.00038808545312781634,0.0013108890326923722,0.0005300796564512017,0.0007536553147555261,0.0013108890326923722,0.9,1,0.029130867393163822
151,1774257634.73689,1774257634.78689,0.05,5,-0.11840879004942784,-0.11840879004942784,-0.11953751291248696,0.05796490577080933,0.036824366590368335,0.04256854713851443,-0.03360444523362795,0.0011287228630591228,0.0006982161947465676,0.0008146995186650226,0.0011287228630591228,0.9,1,0.025082730290202727
152,1774257634.78689,1774257634.83689,0.05,5,-0.1184833836505711,-0.1184833836505711,-0.11924303294545338,0.1390829099065484,0.07336486894925157,0.08991120564468652,-0.019938244412699837,0.0018105769889081996,0.0006873488980362441,0.0009203418992817063,0.0018105769889081996,0.9,1,0.040235044197959986
153,1774257634.8368902,1774257634.8868902,0.05,5,-0.11926722676747878,-0.11926722676747878,-0.11851113498349573,0.12979446561815586,0.07440235161385936,0.0878614622963517,0.0171999248804873,0.0011778083978571385,0.00042831108077621136,0.0006294107953620405,0.001268947567257428,0.9,1,0.026173519952380854
154,1774257634.8868902,1774257634.9368901,0.05,5,-0.11809990112559574,-0.11809990112559574,-0.1183704854606332,0.10803063630741656,0.06351823283833183,0.0731608441198449,-0.004447727146179286,0.0013943836547897631,0.0007633268863648096,0.0009407136298361607,0.0013943836547897631,0.9,1,0.03098630343977251
155,1774257634.9368901,1774257634.98689,0.05,5,-0.11969373938884625,-0.11969373938884625,-0.11932908293302572,0.09022737711952261,0.04684522574390973,0.054592412210284116,0.00936088900940002,0.0007528735846616674,0.0003734306866626985,0.0004536625249874579,0.0011175300404822064,0.9,1,0.016730524103592607
156,1774257634.98689,1774257635.03689,0.05,5,-0.11946525906910023,-0.11946525906910023,-0.11980151408984308,0.049807811053441474,0.02084282980307258,0.027885538355027027,-0.008896475333806412,0.0003362550207428455,0.00016449891714237773,0.00019893823536777566,0.0005614357552610194,0.9,1,0.007472333794285455
157,1774257635.03689,1774257635.08689,0.05,5,-0.11899359721120667,-0.11899359721120667,-0.11923946378418554,0.03174628656419095,0.01809314653200137,0.02098083406100059,-0.006360731739665933,0.0002799015888643869,0.00016567892215564595,0.00019243759784824687,0.0005257681618432569,0.9,1,0.0062200353080974855
158,1774257635.0868902,1774257635.1368902,0.05,5,-0.1190270894490967,-0.1190270894490967,-0.1193120610605951,0.10590021849114496,0.05529221856598847,0.06470097176533993,0.002342109320415983,0.0008499240537403197,0.00040401112479442335,0.0004895974094116368,0.0013324685408238612,0.9,1,0.018887201194229323
159,1774257635.1368902,1774257635.1868901,0.05,5,-0.11967421067648927,-0.11967421067648927,-0.11919612968120807,0.04246886776653965,0.022553336562990876,0.026255918527196272,0.011705422348083125,0.0006936010652447144,0.00041500615700023615,0.00047301824508780386,0.0006936010652447144,0.9,1,0.015413357005438097
160,1774257635.1868901,1774257635.23689,0.05,5,-0.11870158939975134,-0.11870158939975134,-0.11876464620880894,0.049582401405743624,0.02635390070801244,0.03083265615916549,-0.0023102677207378873,0.0005319462239184031,0.00028261305919128623,0.00035378833111565004,0.0005319462239184031,0.9,1,0.011821027198186734
161,1774257635.23689,1774257635.28689,0.05,5,-0.11878805979749153,-0.11878805979749153,-0.11919700211243897,0.10587146823322473,0.05333554033710996,0.06566749211165272,-0.006728397358058217,0.0011352718246597088,0.0005499201524636705,0.0007006003153387339,0.0011352718246597088,0.9,1,0.025228262770215747
162,1774257635.28689,1774257635.33689,0.05,5,-0.11948482869445963,-0.11948482869445963,-0.11944264818651638,0.03860735178417655,0.022214739180536475,0.02633076305340077,0.0006430882199781425,0.0002653546569986315,0.00010250674676241522,0.0001378382532733338,0.00039779074542641013,0.9,1,0.005896770155525143
163,1774257635.3368902,1774257635.3868902,0.05,5,-0.11957113598973514,-0.11957113598973514,-0.11915836829238978,0.035962826031803896,0.02044767204203382,0.023896317654241096,0.010903191783943611,0.00041276769734535645,0.00014461295531850992,0.00020536718325536873,0.0005895219242350314,0.9,1,0.009172615496563476
164,1774257635.3868902,1774257635.4368901,0.05,5,-0.11940051723797933,-0.11940051723797933,-0.11950214460158104,0.06317374493669932,0.027158715433081227,0.03458509673385558,-0.004428157035268429,0.0005369529740794493,0.00024016466002582115,0.0003033454068657994,0.0005369529740794493,0.9,1,0.01193228831287665
165,1774257635.4368901,1774257635.48689,0.05,5,-0.1195012733896387,-0.1195012733896387,-0.11949718287338335,0.07324375496056679,0.061748164252386814,0.0626204777300465,-0.0008154660720594911,0.0007360648358611388,0.00027188241612229047,0.0004140003386365036,0.000740155352116495,0.9,1,0.01635699635246975
166,1774257635.48689,1774257635.53689,0.05,5,-0.11960360956943615,-0.11960360956943615,-0.11956126561696019,0.033975529062177434,0.029500937061877265,0.0297849744846542,0.0007158295040443239,0.00035471640053576226,0.00014365525375274746,0.00020682830959581087,0.00035471640053576226,0.9,1,0.007882586678572494
167,1774257635.53689,1774257635.58689,0.05,5,-0.11939524178333914,-0.11939524178333914,-0.11919203592603678,0.05847453347919271,0.032215367472733736,0.03889148854923748,0.002978100733137385,0.0002639288960450542,0.0001971203299148794,0.00022153374789553104,0.0005270970253423019,0.9,1,0.005865086578778982
168,1774257635.5868902,1774257635.6368902,0.05,5,-0.11853504154123608,-0.11853504154123608,-0.11890684083096949,0.062048147825110485,0.032815301576648075,0.03953904922217776,-0.008346394995376035,0.0006581745493142582,0.00036187662314342284,0.00044287658122379374,0.0006581745493142582,0.9,1,0.014626101095872403
169,1774257635.6368902,1774257635.6868901,0.05,5,-0.118573309329886,-0.118573309329886,-0.11887298143003147,0.06767512745237692,0.024033562289123626,0.03613015963014663,-0.011474050715484279,0.0005579708472897293,0.00018385308112537634,0.00028391335292472455,0.0005579708472897293,0.9,1,0.012399352161993983
170,1774257635.6868901,1774257635.73689,0.05,5,-0.11897687383903888,-0.11897687383903888,-0.12021699746830791,0.08946387910263495,0.034285401111504535,0.04773083143554821,-0.0318497227224164,0.0012401236292690354,0.00038358185675406166,0.0005907664607245404,0.0012901565259420128,0.9,1,0.027558302872645227
171,1774257635.73689,1774257635.78689,0.05,5,-0.1187772939584701,-0.1187772939584701,-0.11960096896351134,0.13120306648555333,0.056456388554284705,0.07242966454848075,-0.02573588758743762,0.0011408897020485642,0.0006257830322089125,0.0007303000983481543,0.0011408897020485642,0.9,1,0.02535310448996809
172,1774257635.78689,1774257635.83689,0.05,5,-0.11936803713076138,-0.11936803713076138,-0.11903600547557348,0.07197278675895348,0.039371933205059266,0.04384777227957009,0.0033855398255825233,0.0005985886950605063,0.00023639367588115524,0.00032358833517190426,0.0005985886950605063,0.9,1,0.013301971001344582
173,1774257635.8368902,1774257635.8868902,0.05,4,-0.11919126652671945,-0.11919126652671945,-0.11958741011172508,0.13315164621898487,0.08000985322330711,0.09655795809590069,-0.012657577766349187,0.0009949156300126244,0.00043143850694615793,0.0005609829472624926,0.0013910592150182532,0.9,1,0.02210923622250276
174,1774257635.8868902,1774257635.9368901,0.05,6,-0.11905755400673332,-0.11905755400673332,-0.11924809020627336,0.06195243988983081,0.03825689286014956,0.04123000264578774,0.003738730065583279,0.0005322877247629365,0.00024374805113043055,0.00029548834578101455,0.0008532388999959173,0.9,1,0.011828616105843032
175,1774257635.9368901,1774257635.98689,0.05,5,-0.11973217532394187,-0.11973217532394187,-0.11928539270852845,0.07477258537489472,0.04966290507429745,0.05428129717656618,0.012276612386850096,0.0005883743930060609,0.00030145890003820396,0.00036437005046361553,0.0007671211054961907,0.9,1,0.013074986511245796
176,1774257635.98689,1774257636.03689,0.05,5,-0.11845825012629521,-0.11845825012629521,-0.11873967359991701,0.10762391396557029,0.04737816059994064,0.05932786013312953,-0.006433796382844503,0.0011112120671732395,0.0005589064249150594,0.0006925375002662586,0.0011112120671732395,0.9,1,0.02469360149273865
177,1774257636.03689,1774257636.08689,0.05,5,-0.1188334926641856,-0.1188334926641856,-0.11950399953286435,0.12621317043564056,0.07973822679076803,0.08604704830123691,-0.016631641572947754,0.001041931263416479,0.00045970526340425867,0.0005856691104803622,0.00127136861107488,0.9,1,0.02315402807592175
178,1774257636.0868902,1774257636.1368902,0.05,5,-0.1192040131624172,-0.1192040131624172,-0.11840111404883412,0.08307765533915795,0.05315375006584395,0.0569889430124956,0.022502387829322297,0.0015208957918730337,0.0006765668899265109,0.0008440573369720602,0.0015208957918730337,0.9,1,0.03379768426384519
179,1774257636.1368902,1774257636.1868901,0.05,5,-0.11861765037943886,-0.11861765037943886,-0.11910084080091178,0.05752956845384429,0.03455462487472907,0.03823981278613114,-0.005789840647806927,0.0007484988018064687,0.0003538389848817214,0.0004341754334673539,0.0007484988018064687,0.9,1,0.016633306706810413
180,1774257636.1868901,1774257636.23689,0.05,5,-0.11889080441678891,-0.11889080441678891,-0.11917342492995134,0.03659742703662862,0.02653164721642702,0.027205376186667345,-0.008232933698112713,0.00028262051316242653,0.0001457534456045406,0.0001819841843462913,0.0004314996034937707,0.9,1,0.006280455848053922
181,1774257636.23689,1774257636.28689,0.05,5,-0.11851259995047951,-0.11851259995047951,-0.11855414967174782,0.0811044630364951,0.03961346159312337,0.046766794927346235,-0.0009387699251241742,0.0008021682607188135,0.0003507447551072823,0.0004631846255162767,0.0008021682607188135,0.9,1,0.017825961349306967
182,1774257636.28689,1774257636.33689,0.05,5,-0.11878968026826212,-0.11878968026826212,-0.11939997077659797,0.0666410988162469,0.05040587083905307,0.05349807384401711,-0.014805267062873665,0.001333359039975071,0.0007100792253630611,0.0008303905900133992,0.001333359039975071,0.9,1,0.02963020088833491
183,1774257636.3368902,1774257636.3868902,0.05,5,-0.11931185507799025,-0.11931185507799025,-0.1191493520830154,0.08036285648386363,0.041636833039259455,0.0496982197766906,0.0018115744112111015,0.0008383457149151452,0.000320920078621556,0.0004460621581313841,0.0008383457149151452,0.9,1,0.018629904775892114
184,1774257636.3868902,1774257636.4368901,0.05,5,-0.11914931648217558,-0.11914931648217558,-0.11948511455944193,0.07857441045085885,0.0527615185597766,0.05575530516017474,-0.013474313334347177,0.0005278311321546686,0.0002423197850609321,0.0003060867201610816,0.000863629209421013,0.9,1,0.01172958071454819
185,1774257636.4368901,1774257636.48689,0.05,5,-0.11829661560583185,-0.11829661560583185,-0.1191789411906408,0.07825405737358705,0.0329567085790601,0.042200813544974534,-0.02233402710412962,0.0010959997464045218,0.0006003161033740767,0.0007488293927560834,0.0010959997464045218,0.9,1,0.024355549920100483
186,1774257636.48689,1774257636.53689,0.05,5,-0.11957774797111605,-0.11957774797111605,-0.11914403345173165,0.05204489023177313,0.024212481354956707,0.029597881853706782,0.01261972409342152,0.0004337145193843983,0.00023615249044071918,0.0002746106827522311,0.0006896100954566081,0.9,1,0.009638100430764405
187,1774257636.53689,1774257636.58689,0.05,5,-0.11947536996917188,-0.11947536996917188,-0.11880573292892112,0.09012319774595001,0.05733929925483292,0.06086870999717192,0.01706449452394426,0.0008984592892048726,0.0004003916446204847,0.0005273011201943241,0.0008984592892048726,0.9,1,0.0199657619823305
188,1774257636.5868902,1774257636.6368902,0.05,5,-0.11829338784917841,-0.11829338784917841,-0.11831033060509998,0.13146840680315477,0.06650808288028473,0.07982655017789288,-0.0007738794787073497,0.0013706494860523943,0.0006246728775322258,0.0008236699634573493,0.0013706494860523943,0.9,1,0.03045887746783098
189,1774257636.6368902,1774257636.6868901,0.05,5,-0.11912923972378998,-0.11912923972378998,-0.11902478939285346,0.06906293192903969,0.03945241954671265,0.046026362022752836,0.004920953582192808,0.0004388134216006534,0.0002012132400526667,0.0002499482272014329,0.0006401277879889838,0.9,1,0.009751409368903407
190,1774257636.6868901,1774257636.73689,0.05,5,-0.11865348496643094,-0.11865348496643094,-0.11857264138571443,0.08245068659685581,0.033938983521814424,0.04598231871582951,0.007286359776613477,0.00045419137874395943,0.0001737119701415546,0.00023510542472364224,0.0006839136689641978,0.9,1,0.010093141749865763
191,1774257636.73689,1774257636.78689,0.05,5,-0.11955852382912364,-0.11955852382912364,-0.1192005044827538,0.0392569933595709,0.017981864536891143,0.021909226662775776,0.009032257975203968,0.00035801934636985056,0.00013263875183288086,0.00018435894439632161,0.0005378947343707002,0.9,1,0.007955985474885567
192,1774257636.78689,1774257636.83689,0.05,5,-0.11914717002064942,-0.11914717002064942,-0.11957360698780026,0.11659685941965141,0.07033376836476811,0.0760450208741989,-0.009963414481686248,0.0012059551441286481,0.00042085276540727856,0.0006082901428799819,0.001632392111279482,0.9,1,0.026799003202858843
193,1774257636.8368902,1774257636.8868902,0.05,5,-0.1188779932040813,-0.1188779932040813,-0.11934721738458436,0.05157007390708502,0.01676573191130873,0.026480059724027616,-0.011024834050043073,0.0005432684434668184,0.0002897595795463004,0.00037485070156302575,0.0005432684434668184,0.9,1,0.012072632077040407
194,1774257636.8868902,1774257636.9368901,0.05,5,-0.11940500073863353,-0.11940500073863353,-0.11987351375613595,0.0577962609474731,0.028334247694587776,0.033793904669880116,-0.011582400453034908,0.0004685130175024199,0.00026338057920815563,0.0003045485453161575,0.0008044373286831136,0.9,1,0.010411400388942664
195,1774257636.9368901,1774257636.98689,0.05,5,-0.11992141022397866,-0.11992141022397866,-0.11937699166393848,0.03424298443824843,0.02332856747933111,0.02492349515068987,0.012816066774918698,0.0006344379284832224,0.0003911481491709945,0.00044844223559883847,0.0006344379284832224,0.9,1,0.014098620632960497
196,1774257636.98689,1774257637.03689,0.05,5,-0.11845442385768713,-0.11845442385768713,-0.11884884318933747,0.03598713427836861,0.027989486591757633,0.02847863292082218,-0.009995919452573328,0.0007556631314612622,0.0003719728289902663,0.0004511987839846584,0.0007556631314612622,0.9,1,0.01679251403247249
197,1774257637.03689,1774257637.08689,0.05,5,-0.11891481448410933,-0.11891481448410933,-0.11862218927541704,0.12037727958412718,0.09460755042588938,0.09769471355419754,0.016108621900686456,0.0008617449127645838,0.00037217707873982153,0.00048489792866860705,0.0011543701214568741,0.9,1,0.01914988695032408
198,1774257637.0868902,1774257637.1368902,0.05,5,-0.11896628167570723,-0.11896628167570723,-0.11908260498124908,0.05434302467813498,0.04105599429114139,0.0429486730402888,-0.0031076486467102905,0.0008904729836750613,0.0004359638507374586,0.0005491940285248688,0.0008904729836750613,0.9,1,0.01978828852611247
199,1774257637.1368902,1774257637.1868901,0.05,5,-0.11915421991321445,-0.11915421991321445,-0.11906398552034067,0.07081538685237596,0.038758214394327486,0.047153617809590154,0.00015862754114170582,0.0007040932250680088,0.0003808506791787514,0.00047376624413773903,0.0007943276179417924,0.9,1,0.015646516112622414
200,1774257637.1868901,1774257637.23689,0.05,5,-0.11915975229979778,-0.11915975229979778,-0.11930492872224976,0.08630056914346756,0.05666642715976261,0.060639881848865596,-0.01115870506624329,0.0007714577434048686,0.0003119523950363995,0.0004205783416616989,0.0007714577434048686,0.9,1,0.01714350540899708
201,1774257637.23689,1774257637.28689,0.05,5,-0.11927844818938331,-0.11927844818938331,-0.11958907433976611,0.0777228930472203,0.046243928085424636,0.055896217873449935,-0.007382481561814485,0.0006270996868850964,0.00024102812488260573,0.00033032552647071107,0.0006606152384599218,0.9,1,0.013935548597446586
202,1774257637.28689,1774257637.33689,0.05,5,-0.11894138823959043,-0.11894138823959043,-0.11897176821950939,0.06911926345064558,0.04727533437574928,0.049730792431883296,-0.0015470686516266124,0.0006601119842630648,0.0002470163294571004,0.00035365965874201323,0.0006601119842630648,0.9,1,0.014669155205845883
203,1774257637.3368902,1774257637.3868902,0.05,5,-0.11948864753645393,-0.11948864753645393,-0.11934972911911157,0.06632647837001107,0.035750191484770585,0.04524313286567127,0.003113537735434614,0.000653666535319064,0.00017367200681357164,0.00029992334483954706,0.0007925849526614209,0.9,1,0.01452592300709031
204,1774257637.3868902,1774257637.4368901,0.05,5,-0.11920321958171554,-0.11920321958171554,-0.12009593366225552,0.13612172951900867,0.04437947579777617,0.06973632949499577,-0.02368138896172816,0.0008927140805399802,0.0003281349467091577,0.0004646831575329303,0.0013256140146096773,0.9,1,0.019838090678666227
205,1774257637.4368901,1774257637.48689,0.05,5,-0.11924845045669576,-0.11924845045669576,-0.1193182262941761,0.08102738264498238,0.03806177955387891,0.04594175067406468,0.002451911768612279,0.0006394787836823956,0.00028888401477017157,0.00038112003246398526,0.0007092546211627387,0.9,1,0.014210639637386568
206,1774257637.48689,1774257637.53689,0.05,5,-0.11990277496350646,-0.11990277496350646,-0.11878450338152224,0.0892849541388603,0.02839030556941785,0.04539390316802528,0.02839030556941785,0.0011182715819842148,0.00080395006092005,0.0009035831955410949,0.0011182715819842148,0.9,1,0.024850479599649214
207,1774257637.53689,1774257637.58689,0.05,5,-0.1186419465388644,-0.1186419465388644,-0.11976979793458777,0.07024118223367828,0.03810861675862894,0.046051285107717124,-0.02800635413991031,0.001258081889185178,0.0008137741908781137,0.000934381289073904,0.001258081889185178,0.9,1,0.027957375315226175
208,1774257637.5868902,1774257637.6368902,0.05,5,-0.11893702857748706,-0.11893702857748706,-0.11887240883718281,0.12208251190936933,0.1009700583864385,0.10212881529642714,-0.0005659039662315665,0.0009400992613045611,0.0004055061568219859,0.0005457696575298158,0.0012536563564416042,0.9,1,0.020891094695656913
209,1774257637.6368902,1774257637.6868901,0.05,5,-0.11950055454275842,-0.11950055454275842,-0.11976955719921964,0.07952578457792284,0.03544773568739952,0.045641796010670435,-0.0046498308881399684,0.0006066597481567126,0.0003710135288481048,0.0004345824728013027,0.0008756624046179357,0.9,1,0.013481327736815835
210,1774257637.6868901,1774257637.73689,0.05,5,-0.11862204382366272,-0.11862204382366272,-0.1189246420816383,0.05076047768358576,0.022703241027053723,0.02884212931402575,-0.005216547305555871,0.0006020520284180236,0.0003877474745930115,0.0004451867475788956,0.0006020520284180236,0.9,1,0.013378933964844969
211,1774257637.73689,1774257637.78689,0.05,5,-0.11942095314028232,-0.11942095314028232,-0.11948312011756868,0.04761809434534037,0.028100302104856933,0.033552933280589,-0.0042912549321867475,0.000535250348092417,0.0001661281312642371,0.0002549078112420128,0.0005974173253787685,0.9,1,0.011894452179831488
212,1774257637.78689,1774257637.83689,0.05,5,-0.11956346779114707,-0.11956346779114707,-0.11933138666741366,0.09778137665622778,0.04904058974778634,0.06384765255412068,-0.0011577913901282093,0.0005875846552192282,0.00021801124604204914,0.0002953761942208776,0.0008196657789526357,0.9,1,0.013057436782649513
213,1774257637.8368902,1774257637.8868902,0.05,5,-0.11979595465103889,-0.11979595465103889,-0.11949919133965715,0.14298537271078604,0.09063481573938584,0.09670743749653221,0.0053023347053896275,0.0014305000805115708,0.0006936421857905523,0.0008704963155775146,0.0014305000805115708,0.9,1,0.031788890678034906
214,1774257637.8868902,1774257637.9368901,0.05,5,-0.11986335291021108,-0.11986335291021108,-0.11878159180026839,0.08562227730183865,0.031334517922590316,0.04580743420112603,0.031334517922590316,0.0010817611099426944,0.00043492845580374583,0.0005606849342874159,0.0010817611099426944,0.9,1,0.024039135776504315
215,1774257637.9368901,1774257637.98689,0.05,5,-0.11885064309895013,-0.11885064309895013,-0.11926485827013875,0.048126596363558725,0.02856343550397831,0.03383073759503888,-0.006612749029185518,0.0005485162288102058,0.0003000726484702204,0.000355798284861175,0.0005485162288102058,0.9,1,0.012189249529115683
216,1774257637.98689,1774257638.03689,0.05,5,-0.11872120708794538,-0.11872120708794538,-0.11943158250908893,0.08678359779743298,0.04682299572472015,0.05251129274546657,-0.017500964949311786,0.0008545930242126881,0.0004676741428936426,0.0005594073918807971,0.0008545930242126881,0.9,1,0.01899095609361529
217,1774257638.03689,1774257638.08689,0.05,5,-0.11915598373074533,-0.11915598373074533,-0.11881411207827149,0.072772249484885,0.027649230070033434,0.03843835589585076,0.00873689467240907,0.0003773311725115275,0.00019677316868309258,0.00025013447177496605,0.0007192028249853738,0.9,1,0.008385137166922832
218,1774257638.0868902,1774257638.1368902,0.05,5,-0.11892367747831946,-0.11892367747831946,-0.11948904016501292,0.14687562961932862,0.06262304937807855,0.08089556840935225,0.010814765431585759,0.0007859793914102159,0.0002970493752242759,0.00043514547209557727,0.0007859793914102159,0.9,1,0.017466208698004797
219,1774257638.1368902,1774257638.1868901,0.05,5,-0.11937454126915291,-0.11937454126915291,-0.11953444835212527,0.15131921655274871,0.0780074837744626,0.09435120698929621,-0.0023478754980882366,0.0008502340105229073,0.0003411204297666365,0.0004791929730840912,0.0014788811981511774,0.9,1,0.01889408912273127
220,1774257638.1868901,1774257638.23689,0.05,5,-0.12014739448472178,-0.12014739448472178,-0.11938442432101548,0.13827312249824034,0.08238134400753894,0.09282509123737552,0.018899163879065733,0.0018328932455670827,0.0010341525721609568,0.0012070112005600165,0.0018328932455670827,0.9,1,0.04073096101260183
221,1774257638.23689,1774257638.28689,0.05,5,-0.11896297400938183,-0.11896297400938183,-0.11922812819390993,0.04628854313916443,0.027969346694586738,0.03262635827455684,-0.006466469703004391,0.00046256494453786323,0.00017900319683553377,0.00024599205530593133,0.00046256494453786323,0.9,1,0.010279220989730293
222,1774257638.28689,1774257638.33689,0.05,5,-0.11955717253195133,-0.11955717253195133,-0.11937840833112419,0.08383202939618208,0.062022031336566176,0.06559373241583895,0.006288755106833455,0.0010218701563620425,0.000408814110535885,0.0005384692775551454,0.0013490413068758395,0.9,1,0.022708225696934276
223,1774257638.3368902,1774257638.3868902,0.05,5,-0.11899258845434567,-0.11899258845434567,-0.11870299746791405,0.08223520945111792,0.05237611177667807,0.06067856886296585,0.007634139937437489,0.0007551797777244351,0.00035560731589769355,0.000430362232241444,0.0010447707641560583,0.9,1,0.016781772838320778
224,1774257638.3868902,1774257638.4368901,0.05,4,-0.11931357646246737,-0.11931357646246737,-0.11879882798471927,0.1049009084943313,0.06372670395345735,0.07007349805482178,0.03598178412179121,0.0005784932313057656,0.00028493912830866025,0.0003878737039999452,0.001093241709053866,0.9,1,0.012855405140128123
225,1774257638.4368901,1774257638.48689,0.05,6,-0.11881034638323451,-0.11881034638323451,-0.11877238938720959,0.0725700543516731,0.035974565543325586,0.046239882776425684,0.006614974807500928,0.0008345947057898928,0.00021464676284009324,0.0003732088442929186,0.0008725517018148138,0.9,1,0.01854654901755317
226,1774257638.48689,1774257638.53689,0.05,5,-0.11861334919984524,-0.11861334919984524,-0.11996505137405188,0.08542794020409208,0.03999820181377211,0.04859458295208852,-0.03457427787828619,0.0014636591612630367,0.000758149675553299,0.0009485419455972303,0.0014636591612630367,0.9,1,0.032525759139178594
227,1774257638.53689,1774257638.58689,0.05,5,-0.1194351495317374,-0.1194351495317374,-0.119673057270093,0.09002837028207161,0.07067250389879513,0.07386522878483565,-0.00868813217250915,0.0009333087159803521,0.00042045598246112924,0.0005346345427338163,0.0011712164543359604,0.9,1,0.020740193688452268
228,1774257638.5868902,1774257638.6368902,0.05,5,-0.11996430111997046,-0.11996430111997046,-0.11868047345233326,0.08832188299294118,0.038900101091634984,0.04949514994850523,0.031741823347271686,0.0013193850028083431,0.0008334874730653224,0.0009911153764575289,0.0013193850028083431,0.9,1,0.029319666729074288
229,1774257638.6368902,1774257638.6868901,0.05,5,-0.11893615689112413,-0.11893615689112413,-0.11943487321058797,0.08320431394439615,0.06111770501928449,0.062450278376012885,-0.007412021288616118,0.0005271646996314328,0.0003085246171650041,0.000386465868376852,0.0010258810190952733,0.9,1,0.011714771102920726
230,1774257638.6868901,1774257638.73689,0.05,5,-0.11962359436408142,-0.11962359436408142,-0.11896321041008061,0.028028630200970656,0.020596747464716552,0.022003075066473688,0.01604885315999671,0.0006603839540008094,0.00039858542363317706,0.0004632890687006977,0.0006603839540008094,0.9,1,0.014675198977795763
231,1774257638.73689,1774257638.78689,0.05,5,-0.11937823754129316,-0.11937823754129316,-0.11961564409313825,0.0967220206873187,0.05088365061659834,0.06690455324309777,-0.0021497173992750863,0.0008690975941809814,0.00028088489288346786,0.0004180214209132431,0.0011119693729620267,0.9,1,0.019313279870688475
232,1774257638.78689,1774257638.83689,0.05,5,-0.1196138673441663,-0.1196138673441663,-0.12004486321895348,0.10746259042212836,0.06366600347612843,0.07345788934868515,-0.016991005483954644,0.000989481218263616,0.00034703714837083235,0.0004937088525446316,0.0014204770930507926,0.9,1,0.02198847151696924
233,1774257638.8368902,1774257638.8868902,0.05,5,-0.11929747063784057,-0.11929747063784057,-0.1186353228600848,0.030981748080216143,0.017038413815446827,0.019589555968622312,0.017038413815446827,0.0006621477777557783,0.00028163584020858556,0.000379750628226236,0.0006621477777557783,0.9,1,0.014714395061239515
234,1774257638.8868902,1774257638.9368901,0.05,5,-0.11869421192467544,-0.11869421192467544,-0.11993941793879215,0.053613532991861355,0.030995147580554133,0.035628889143184586,-0.030995147580554133,0.0012452060141167065,0.0005921745387214878,0.0007203152998749748,0.0012452060141167065,0.9,1,0.02767124475814903
235,1774257638.9368901,1774257638.98689,0.05,5,-0.11851072372718138,-0.11851072372718138,-0.1199173647035997,0.07457864014237718,0.0484891943180652,0.051926028329670235,-0.037391527673997935,0.0014066409764183219,0.0007153311953751379,0.0008577436749554149,0.0014066409764183219,0.9,1,0.03125868836485159
236,1774257638.98689,1774257639.03689,0.05,4,-0.11949656220429271,-0.11949656220429271,-0.11923318098403503,0.021806638801652223,0.013164928963680758,0.014939068623652952,0.010158036601200493,0.0002633812202576802,9.172224051557515e-05,0.00013671880037050186,0.00031969184481944746,0.9,1,0.005852916005726226
237,1774257639.03689,1774257639.08689,0.05,6,-0.11906369572917203,-0.11906369572917203,-0.11910090219232611,0.05195598032189947,0.021459708013362923,0.027704798405111485,-0.0006773158846031379,0.0004857781483883772,0.00012956875613172555,0.00021357395463354054,0.0005229846115424597,0.9,1,0.010795069964186159
238,1774257639.0868902,1774257639.1368902,0.05,5,-0.11919742825659482,-0.11919742825659482,-0.11884383293583556,0.052351016857187516,0.03986346207563525,0.041317872924553765,0.007455106312107382,0.0005775604562518605,0.0003064600193516537,0.0003625416770623396,0.0009727089344219175,0.9,1,0.012834676805596898
239,1774257639.1368902,1774257639.1868901,0.05,5,-0.11977061287226719,-0.11977061287226719,-0.11925566013028588,0.10243678609402877,0.05595857490235945,0.06610552318454263,0.011032059404643801,0.001321345845814198,0.0006552655444514166,0.0008287686816707888,0.001321345845814198,0.9,1,0.029363241018093286
240,1774257639.1868901,1774257639.23689,0.05,5,-0.11927172715451113,-0.11927172715451113,-0.11897845795195977,0.055424036570276065,0.03514455970138791,0.03767900101021392,0.007432541416249874,0.0004636713265478015,0.00023454947382306192,0.00028699766952428274,0.0005611376078025754,0.9,1,0.01030380725661781
241,1774257639.23689,1774257639.28689,0.05,5,-0.11900850490069731,-0.11900850490069731,-0.11920444398145076,0.02389605983052832,0.013355445248981374,0.015530892117257675,-0.004572434299742571,0.00033214869705888717,0.00015432382794342003,0.00019022430298228627,0.00033214869705888717,0.9,1,0.0073810821568641586
242,1774257639.28689,1774257639.33689,0.05,5,-0.11914229365157913,-0.11914229365157913,-0.11857797435918639,0.09640769138061189,0.06457459246968279,0.06961201717048232,0.012997193938339459,0.0012983405392571756,0.0005787936153122842,0.0007283122678843522,0.0015729023245288493,0.9,1,0.028852011983492788
243,1774257639.3368902,1774257639.3868902,0.05,5,-0.11958570422414283,-0.11958570422414283,-0.11890556040838629,0.08558698613026416,0.05677619529074301,0.06156181422153549,0.022311865983170864,0.0009352450676582968,0.0004989241466954203,0.0006033457705931654,0.0009352450676582968,0.9,1,0.020783223725739926
244,1774257639.3868902,1774257639.4368901,0.05,5,-0.11938842392696516,-0.11938842392696516,-0.11899037175702322,0.1380536757647474,0.05455626231445594,0.07377493262016603,0.0197584366928378,0.000674995440247142,0.0002684487212185782,0.00036108079121690667,0.0010730476101890873,0.9,1,0.014999898672158708
245,1774257639.4368901,1774257639.48689,0.05,5,-0.11909256209591942,-0.11909256209591942,-0.11809385490715056,0.07998801308161167,0.05249230772112768,0.05720777068798347,0.03471348555110501,0.000998707188768863,0.0003626613631436376,0.0005132235012419676,0.001483668470657895,0.9,1,0.02219349308375251
246,1774257639.48689,1774257639.53689,0.05,5,-0.11877145863772627,-0.11877145863772627,-0.11903020201903011,0.03520190228133136,0.023598641046007902,0.025182331664367757,-0.0059976899053422236,0.0006006403666522081,0.0002775652169407533,0.00034858997156536045,0.0006006403666522081,0.9,1,0.0133475637033824
247,1774257639.53689,1774257639.58689,0.05,5,-0.11913381026038933,-0.11913381026038933,-0.11988620083994787,0.09883729679293383,0.05346203115982131,0.06006898424699518,-0.01841717431848028,0.0007523905795585456,0.0004111898584042234,0.0004825032868850671,0.0011905464215319073,0.9,1,0.016719790656856567
248,1774257639.5868902,1774257639.6368902,0.05,5,-0.11927247556859684,-0.11927247556859684,-0.11936385688721951,0.12035541926220554,0.06854960527221945,0.07655120043473163,-0.008371895641116692,0.0008463419230159419,0.0003298220581511191,0.00045362964386942993,0.0013620640483186508,0.9,1,0.018807598289243152
249,1774257639.6368902,1774257639.6868901,0.05,5,-0.11952515806249919,-0.11952515806249919,-0.11957902240401068,0.0888304097139931,0.046629952973968415,0.059469911925025834,-0.0009483477214503623,0.00086873402024705,0.0003373866745400106,0.0004966112296500559,0.0009480736890051383,0.9,1,0.019305200449934442
250,1774257639.6868901,1774257639.73689,0.05,4,-0.12017281016331202,-0.12017281016331202,-0.11932396022065078,0.1306155586558688,0.05889671431575531,0.07836640792037818,0.028180324788157213,0.0013142821878224104,0.0007813040108036427,0.0009183530570427271,0.0013142821878224104,0.9,1,0.029206270840498004
251,1774257639.73689,1774257639.78689,0.05,6,-0.11939107995017194,-0.11939107995017194,-0.11839183637000408,0.07255240993348488,0.03045044730262762,0.03733946181662261,0.023634075835272838,0.000999243580167855,0.0003420160859188744,0.0005073470249108808,0.0010440331119743324,0.9,1,0.022205412892619
252,1774257639.78689,1774257639.83689,0.05,4,-0.11963051053707427,-0.11963051053707427,-0.11911923352482838,0.16407322801351665,0.10660103647746418,0.11776140842187827,-0.002781115531546932,0.001145691085352868,0.0004146540408310473,0.0006272987650292226,0.0016569680975987572,0.9,1,0.025459801896730395
253,1774257639.8368902,1774257639.8868902,0.05,6,-0.11891479627211456,-0.11891479627211456,-0.11931640654558724,0.13201166075883766,0.08331249234926649,0.09131251343332368,-0.009084671060103832,0.0009044068668675603,0.00045504643226759966,0.0005586676885481517,0.0015950424827847337,0.9,1,0.02009793037483467
254,1774257639.8868902,1774257639.9368901,0.05,5,-0.1193125212858318,-0.1193125212858318,-0.11840020387954261,0.06977153801427928,0.04122839494506859,0.047480356230349956,0.023172051099630407,0.0009123174062891787,0.0003498041747539593,0.00046678567264319933,0.001279136243049303,0.9,1,0.020273720139759525
255,1774257639.9368901,1774257639.98689,0.05,5,-0.11942880796512616,-0.11942880796512616,-0.1184895178485248,0.17327689178639322,0.0599913263313165,0.08986893632969822,0.02664711956188011,0.0009392901166013629,0.00037612637575049345,0.0005300301421115637,0.0016094496608291403,0.9,1,0.020873113702252505
256,1774257639.98689,1774257640.03689,0.05,5,-0.11907142664321364,-0.11907142664321364,-0.11982145240074271,0.14784068594183172,0.09974343320796245,0.10523410928306587,-0.02582309023704659,0.0008299077698518953,0.000482751538345183,0.0005905802092365275,0.001516085525448338,0.9,1,0.018442394885597672
257,1774257640.03689,1774257640.08689,0.05,5,-0.11993802799329487,-0.11993802799329487,-0.11956230723499078,0.08297786370343306,0.04444984374013204,0.05583225111638835,0.008217479719199061,0.0010439063159124878,0.0005195064904726238,0.0006712344787728867,0.0010439063159124878,0.9,1,0.023197918131388617
258,1774257640.0868902,1774257640.1368902,0.05,4,-0.11949414701173251,-0.11949414701173251,-0.11906339128695152,0.023401679693356745,0.014392340130631934,0.016918637430455085,0.014392340130631934,0.0004307557247809901,0.00022929623394891616,0.0002757288595139631,0.0004307557247809901,0.9,1,0.009572349439577557
259,1774257640.1368902,1774257640.1868901,0.05,6,-0.1191098005508152,-0.1191098005508152,-0.11980030457350604,0.09929898268346461,0.04516630975715583,0.05481575619332657,-0.011576539671082745,0.0006905040226908438,0.0002853745138458319,0.00036558260270829336,0.0011305354086784264,0.9,1,0.015344533837574304
260,1774257640.1868901,1774257640.23689,0.05,5,-0.11927001768945814,-0.11927001768945814,-0.1190716016040629,0.09842199958958286,0.05765743407578664,0.06255741026849224,0.00844643428099521,0.0007928078816301781,0.00032503975723055246,0.00042180207388666055,0.001008036675064397,0.9,1,0.017617952925115067
261,1774257640.23689,1774257640.28689,0.05,5,-0.1196884902119177,-0.1196884902119177,-0.11928506254092802,0.07445148663720202,0.040309884705946576,0.04801425743918654,0.009204846442558711,0.0007169119458921708,0.0003557514360224584,0.0004317532561881119,0.0007169119458921708,0.9,1,0.01593137657538157
262,1774257640.28689,1774257640.33689,0.05,4,-0.11932412618931368,-0.11932412618931368,-0.11930362861063648,0.06863500330017928,0.04607140283948432,0.04916773823956677,0.00031473397269812797,0.0006994504924211081,0.00024703712221558344,0.00037469407727123126,0.0006994504924211081,0.9,1,0.015543344276024624
263,1774257640.3368902,1774257640.3868902,0.05,5,-0.11944239347923045,-0.11944239347923045,-0.11945188073904126,0.04401176230783472,0.017864862577208766,0.025870960290732978,0.004261905213261939,0.00033481910952701255,6.949821239813913e-05,0.00014979968013602727,0.00033704608466406105,0.9,1,0.007440424656155834
264,1774257640.3868902,1774257640.4368901,0.05,6,-0.11907427094049117,-0.11907427094049117,-0.11932541318903388,0.1158477397991354,0.05374313178931874,0.06896257228134815,-0.004830293688899982,0.0009253965828814742,0.0003930988658455703,0.0004949967928348249,0.0012144896964348395,0.9,1,0.0205643685084772
265,1774257640.4368901,1774257640.48689,0.05,4,-0.11958953482828893,-0.11958953482828893,-0.11896144570876219,0.1017418415491444,0.07775552555666872,0.08179002029638165,0.018508017847381906,0.000628089119526748,0.0003777223198525373,0.0004428639713912224,0.0010827176803460264,0.9,1,0.013957535989483287
266,1774257640.48689,1774257640.53689,0.05,5,-0.11932637525806755,-0.11932637525806755,-0.11877321536071514,0.08104470988285592,0.04448812124836045,0.04980163128202473,0.01751820902703127,0.0010996805958182615,0.0005443674678384108,0.0006628158389678298,0.0010996805958182615,0.9,1,0.02443734657373914
267,1774257640.53689,1774257640.58689,0.05,5,-0.11979657313132414,-0.11979657313132414,-0.11939868406326705,0.11368140680617515,0.0685967365589547,0.08002551565691177,0.008334171793204146,0.0010196792697553941,0.000312974073699418,0.0004937857334354682,0.001164784063695759,0.9,1,0.022659539327897646
268,1774257640.5868902,1774257640.6368902,0.05,6,-0.11963418988381658,-0.11963418988381658,-0.11911174828596884,0.05253934420053232,0.017868392097629436,0.02592597117247113,0.010256391942320017,0.000535664552699891,0.0003788545782699368,0.0004225703551669844,0.000535664552699891,0.9,1,0.011903656726664243
269,1774257640.6368902,1774257640.6868901,0.05,5,-0.11868626863777518,-0.11868626863777518,-0.11940123668996463,0.23007743416723347,0.0939548309862202,0.12337680865354744,-0.058596942760884604,0.0007695366450155561,0.00041417291471381454,0.0005050307227876963,0.0010610981241940126,0.9,1,0.01710081433367902
270,1774257640.6868901,1774257640.73689,0.05,4,-0.11920597989140007,-0.11920597989140007,-0.11855420118355589,0.04360951531946354,0.030486264791729435,0.03232020145560131,0.018939021733174192,0.0006517787078441778,0.0003738735789383628,0.0004447411497751324,0.0006517787078441778,0.9,1,0.014483971285426172
271,1774257640.73689,1774257640.78689,0.05,5,-0.11798531241062243,-0.11798531241062243,-0.11970983735795465,0.1250685607556764,0.06609302106363724,0.0825007288994836,-0.048544597167258216,0.0018251268738783827,0.0010696279036731566,0.0012612566112257155,0.0018251268738783827,0.9,1,0.04055837497507517
272,1774257640.78689,1774257640.83689,0.05,5,-0.11875196866141224,-0.11875196866141224,-0.11914419765851923,0.06807195610234973,0.03703851067751664,0.04225702142516288,-0.010765559131182875,0.0006902132389833282,0.00035692014432046616,0.0004399143879110041,0.0006902132389833282,0.9,1,0.015338071977407292
273,1774257640.8368902,1774257640.8868902,0.05,5,-0.11931539211419806,-0.11931539211419806,-0.11847911323420766,0.10881999821183022,0.06267087339435543,0.07046744409821581,0.02096462282556763,0.0008362788799903959,0.0003534248029031073,0.00047203437320041553,0.0010971758137655468,0.9,1,0.018583975110897683
274,1774257640.8868902,1774257640.9368901,0.05,5,-0.11876665153928286,-0.11876665153928286,-0.11888030160941858,0.06836270367737404,0.051796017256226,0.054529556677561174,-0.0036556750787516187,0.00042102484910083726,0.0002427898974853432,0.0002935445637497686,0.0006901042738250013,0.9,1,0.009356107757796382
275,1774257640.9368901,1774257640.98689,0.05,5,-0.11958027764068968,-0.11958027764068968,-0.11845914754373207,0.09372659502448503,0.0445841571804193,0.054633082335917675,0.027683697547796385,0.0012842271570021185,0.000685771229602039,0.0008534310968991531,0.001470572157510966,0.9,1,0.028538381266713743
276,1774257640.98689,1774257641.03689,0.05,5,-0.12016028186899724,-0.12016028186899724,-0.11884430839094698,0.131540640020609,0.04090404432308103,0.06690153103956072,0.03672743553753217,0.0014022253135280577,0.0010405624826277187,0.0011664168493464556,0.0014022253135280577,0.9,1,0.031160562522845724
277,1774257641.03689,1774257641.08689,0.05,5,-0.11869913069797261,-0.11869913069797261,-0.11804642359141584,0.1456955399254498,0.07680436131871916,0.09513974538857853,0.015525404981559927,0.0011290662189870487,0.0004689207688502284,0.0006101762891997961,0.0017817733255438145,0.9,1,0.025090360421934414
278,1774257641.0868902,1774257641.1368902,0.05,5,-0.11894758651407174,-0.11894758651407174,-0.11813326097460822,0.0814372582373647,0.05533787250585661,0.059881444184808515,0.020207067750167326,0.0008143255394635202,0.00030464424965016834,0.0004344438083230605,0.0012979979785099904,0.9,1,0.018096123099189336
279,1774257641.1368902,1774257641.1868901,0.05,5,-0.11836591313541929,-0.11836591313541929,-0.11851078131959672,0.10298723540484238,0.05250553882637854,0.0626599704095113,-0.0023028130348442047,0.0010576665795000995,0.00047412002002294453,0.0006039951001433436,0.0010576665795000995,0.9,1,0.023503701766668873
280,1774257641.1868901,1774257641.23689,0.05,5,-0.11840613544574534,-0.11840613544574534,-0.11885693438419061,0.09595948478043216,0.048651542151624476,0.056226562783238954,-0.012341304519874013,0.0009335352938129315,0.0005189917521829207,0.0006067312852897584,0.0009335352938129315,0.9,1,0.020745228751398476
281,1774257641.23689,1774257641.28689,0.05,5,-0.11971763427740105,-0.11971763427740105,-0.11988196172186227,0.06424585944590823,0.045241662273285896,0.047287667385786804,1.7125133177746388e-06,0.0008792676050402293,0.00043093411414054094,0.0005337401177724214,0.0010435950495014529,0.9,1,0.019539280112005092
282,1774257641.28689,1774257641.33689,0.05,5,-0.11894773947371058,-0.11894773947371058,-0.11842310981120382,0.10211447189430627,0.04436033987652187,0.056687491993112536,0.013053981480369648,0.0005246296625067565,0.0002524755267060114,0.0003325114610394827,0.001012379189677462,0.9,1,0.011658436944594586
283,1774257641.3368902,1774257641.3868902,0.05,5,-0.11913115423139733,-0.11913115423139733,-0.11889100777803524,0.15264582458567755,0.06873337334136369,0.0864343458366589,0.007589538951475086,0.0009742144524470114,0.0003862962270893583,0.0005124334417677013,0.001489371711097781,0.9,1,0.02164921005437803
284,1774257641.3868902,1774257641.4368901,0.05,5,-0.11892533134105752,-0.11892533134105752,-0.11911890122407864,0.07583400191346536,0.036007472685490344,0.04637878582666046,-0.004442720944984239,0.000768789671745887,0.0003047929071553684,0.0003968632163157358,0.000768789671745887,0.9,1,0.017084214927686376
285,1774257641.4368901,1774257641.48689,0.05,5,-0.11910510855096797,-0.11910510855096797,-0.11866036905844199,0.05546375106903482,0.030156766683990012,0.03490388173072642,0.009695738491244525,0.0005900761995204784,0.0003659000806371271,0.00042268761938433195,0.0005900761995204784,0.9,1,0.013112804433788407
286,1774257641.48689,1774257641.53689,0.05,5,-0.11903667066050702,-0.11903667066050702,-0.11849843071042519,0.1192124457290269,0.047617243434828566,0.06497481805172974,0.02316335438930735,0.0005615725198755694,0.00033531805761158605,0.00039528592026689236,0.0009201487822607796,0.9,1,0.012479389330568209
287,1774257641.53689,1774257641.58689,0.05,5,-0.11854825803092753,-0.11854825803092753,-0.11907014177871557,0.09021798675405582,0.04177899794881493,0.054062443505792146,-0.012842420266388035,0.0008968876346788085,0.0004313580033043357,0.0005198604563486023,0.0008968876346788085,0.9,1,0.01993083632619574
288,1774257641.5868902,1774257641.6368902,0.05,5,-0.118875706410687,-0.118875706410687,-0.11960278005863079,0.12158233434054179,0.07439058091612089,0.08525183810584173,-0.02457891031962304,0.0013661472932216534,0.0004800545650552046,0.0006993476263869213,0.0013661472932216534,0.9,1,0.030358828738258962
289,1774257641.6368902,1774257641.6868901,0.05,5,-0.11922075204825688,-0.11922075204825688,-0.11955804645264619,0.0878982168539492,0.03574039971285203,0.04801888881125909,-0.008208708714122569,0.0005196064019419577,0.00034436241592799286,0.00038930786977109844,0.0009499402694160136,0.9,1,0.011546808932043504
290,1774257641.6868901,1774257641.73689,0.05,5,-0.11912149014826372,-0.11912149014826372,-0.1193583457347771,0.057077450894106846,0.03264515762677512,0.040357638426973125,-0.00531534568394839,0.0007718008124393549,0.00038296251123613734,0.0004966316837990552,0.0007718008124393549,0.9,1,0.017151129165318996
291,1774257641.73689,1774257641.78689,0.05,5,-0.11969612779804387,-0.11969612779804387,-0.11912953014485844,0.10799074807386935,0.06303588672420647,0.07100106992065505,0.015240267681374492,0.0010866521650451794,0.0003945613832411793,0.0005603335970558085,0.0010866521650451794,0.9,1,0.024147825889892872
292,1774257641.78689,1774257641.83689,0.05,5,-0.11907180877322855,-0.11907180877322855,-0.11912476704873906,0.045637134717711705,0.022835066579346974,0.027320264724754198,-1.649922049112504e-05,0.0003638737342905318,0.00013396503379531078,0.00018339069358310126,0.00041683200980104085,0.9,1,0.00808608298423404
293,1774257641.8368902,1774257641.8868902,0.05,5,-0.1192934320799056,-0.1192934320799056,-0.11782491779270272,0.09672728361392967,0.046847722065237685,0.06035175743678607,0.03611896299183186,0.0014685142872028767,0.0005330915239322775,0.0007554396819481521,0.001680744878199164,0.9,1,0.03263365082673059
294,1774257641.8868902,1774257641.9368901,0.05,5,-0.11914107880284576,-0.11914107880284576,-0.11934167307180117,0.0718098259026578,0.03171296610057327,0.04269992979424452,-0.004191946850755631,0.00043368558676466773,0.00024338890254038957,0.00028227087912808873,0.0007375467991973389,0.9,1,0.009637457483659281
295,1774257641.9368901,1774257641.98689,0.05,5,-0.11942100706450064,-0.11942100706450064,-0.11931391459752577,0.01160841155590419,0.00413103560845391,0.006097357766487474,0.00234270992737226,0.00010709246697486463,3.7053211587029235e-05,5.2186327943845614e-05,0.0001416054184874005,0.9,1,0.002379832599441436
296,1774257641.98689,1774257642.03689,0.05,5,-0.11954448572409254,-0.11954448572409254,-0.1187923116561418,0.09297178334217412,0.055020002404910597,0.061966952967300856,0.020330300886886428,0.0007521740679507366,0.00037001972597557053,0.00046024004279702894,0.0013238296297119062,0.9,1,0.016714979287794144
297,1774257642.03689,1774257642.08689,0.05,5,-0.11865763419969201,-0.11865763419969201,-0.118624737101209,0.10119542857117897,0.05271076866127003,0.06291547057080467,0.002113054375680542,0.0010472026781328803,0.0004911307756342714,0.0006403817592078819,0.0010800997766158976,0.9,1,0.023271170625175114
298,1774257642.0868902,1774257642.1368902,0.05,5,-0.11908573969021169,-0.11908573969021169,-0.11889353743280896,0.12290609854511925,0.07692987684093244,0.0828160236349574,0.003724002126330908,0.0010427474784975577,0.0004128959115375891,0.0005420553865496685,0.0014375582399945852,0.9,1,0.023172166188834612
299,1774257642.1368902,1774257642.1868901,0.05,5,-0.11931625873830898,-0.11931625873830898,-0.11926128328595705,0.05551824382965718,0.031722165903790164,0.035340529054961926,0.002467871136941454,0.0005129439794747531,0.00020938311109304774,0.00027893480512927114,0.0005129439794747531,0.9,1,0.011398755099438957
300,1774257642.1868901,1774257642.23689,0.05,5,-0.11843495879471122,-0.11843495879471122,-0.11937572966517375,0.10320411299582591,0.07190249642638687,0.0782197404692857,-0.019727733635235875,0.0019115550272419124,0.0009621598253233554,0.0011416875565276267,0.0019115550272419124,0.9,1,0.04247900060537583
301,1774257642.23689,1774257642.28689,0.05,5,-0.11986031733543095,-0.11986031733543095,-0.11911111463124448,0.10379145872682136,0.06954156319712576,0.07243819562810298,0.01764583383371509,0.0017504924996956661,0.0008587633543987533,0.001043028876117744,0.0017504924996956661,0.9,1,0.038899833326570356
302,1774257642.28689,1774257642.33689,0.05,5,-0.11907911332975267,-0.11907911332975267,-0.11930609081738167,0.08576324308118768,0.041717992185624705,0.050733211669387115,-0.0011636293549691368,0.0008391373507351391,0.00039070303404673825,0.00047964770587428777,0.001066114838364135,0.9,1,0.018647496683003088
303,1774257642.3368902,1774257642.3868902,0.05,5,-0.11936135453480659,-0.11936135453480659,-0.11915365745111968,0.17727951690538316,0.12451080787332197,0.12959982275840687,0.007132423828698151,0.0016002449601855567,0.0005612933379322115,0.0008186811056853648,0.0017468417058426333,0.9,1,0.03556099911523459
304,1774257642.3868902,1774257642.4368901,0.05,5,-0.11934889926142099,-0.11934889926142099,-0.11922392663019121,0.039616064933773905,0.030947413009137212,0.031670658409754415,0.00016146848251939912,0.00043082417722326016,0.0002095323320712661,0.0002652795682128315,0.00043082417722326016,0.9,1,0.009573870604961336
305,1774257642.4368901,1774257642.48689,0.05,5,-0.11866987278118238,-0.11866987278118238,-0.1193150857113104,0.06503816033945051,0.02689496233777528,0.035042586722858635,-0.015920661849943136,0.0007887277754202032,0.0003567804323334423,0.00046960446645197046,0.0007887277754202032,0.9,1,0.017527283898226737
306,1774257642.48689,1774257642.53689,0.05,5,-0.11808430074432309,-0.11808430074432309,-0.118970872223292,0.06793557795986047,0.022361174644437775,0.034793107066477424,-0.016530697025783272,0.0010368712429068977,0.0007602806481110502,0.0008514083288577686,0.0010368712429068977,0.9,1,0.023041583175708834
307,1774257642.53689,1774257642.58689,0.05,5,-0.11945674323372403,-0.11945674323372403,-0.11871206982836567,0.08908089300955951,0.06389703693236255,0.06801530030671993,0.01851657237918873,0.0008666598606462683,0.00037443422151424156,0.0005196932441114193,0.0009237665881215024,0.9,1,0.019259108014361516
308,1774257642.5868902,1774257642.6368902,0.05,5,-0.11929617982286876,-0.11929617982286876,-0.11936360525794984,0.12496899209257238,0.06412595670982023,0.07418889732337541,-0.0016414606635340358,0.0006749676295414869,0.00031760132599197575,0.0004138937606743546,0.0012372046536569536,0.9,1,0.014999280656477485
309,1774257642.6368902,1774257642.6868901,0.05,5,-0.11841002326114944,-0.11841002326114944,-0.11882374876730652,0.07660265654761007,0.049344174797134335,0.05410352926273996,-0.011042846523329295,0.001179568706128023,0.0006292370733837621,0.0007493817626230044,0.001179568706128023,0.9,1,0.026212637913956064
310,1774257642.6868901,1774257642.73689,0.05,5,-0.11902368205320692,-0.11902368205320692,-0.11986408703728765,0.06421849464567295,0.0211202942853475,0.03321614517647879,-0.0211202942853475,0.0008404049840807365,0.00040464555171537686,0.0005398909400747246,0.0008404049840807365,0.9,1,0.018675666312905254
311,1774257642.73689,1774257642.78689,0.05,5,-0.11704657135320108,-0.11704657135320108,-0.11954405482193017,0.6056765624421862,0.2803130413252127,0.3599162902418871,-0.054984441328059644,0.003469070665717361,0.002065783616026581,0.002369178555305214,0.006023113589158913,0.9,1,0.07709045923816357
312,1774257642.78689,1774257642.83689,0.05,5,-0.11825056383378539,-0.11825056383378539,-0.11535195611413385,0.15821049473577006,0.0712540310425544,0.0895694704976983,0.0712540310425544,0.002898607719651544,0.0018082135331832672,0.002065880445722878,0.002898607719651544,0.9,1,0.06441350488114542
313,1774257642.8368902,1774257642.8868902,0.05,5,-0.11682401423644717,-0.11682401423644717,-0.11834172449249722,0.3874590632705813,0.20523339963116963,0.26865686357488455,-0.011503867995878964,0.004753599578165277,0.001400804663996527,0.0022507586414260337,0.004753599578165277,0.9,1,0.10563554618145059
314,1774257642.8868902,1774257642.9368901,0.05,5,-0.11795844408979493,-0.11795844408979493,-0.12825988163369242,0.6634591333777154,0.3474525913591596,0.40589517630799504,-0.25963454609283587,0.010301437543897493,0.0063296778489166875,0.007208383346248605,0.010301437543897493,0.9,1,0.22892083430883314
315,1774257642.9368901,1774257642.98689,0.05,5,-0.12540454002894216,-0.12540454002894216,-0.12261831447496825,0.1609252360517074,0.1058929512869341,0.11844940083683744,0.07368542779317629,0.0027862255539739117,0.0013190888705095327,0.0016956004554313162,0.003467372214776346,0.9,1,0.061916123421642474
316,1774257642.98689,1774257643.03689,0.05,5,-0.11866112542817216,-0.11866112542817216,-0.11283417948642298,0.3119429985835138,0.1467688201666518,0.18107568794353412,0.1467688201666518,0.005826945941749179,0.003243164066701709,0.0039089232871746754,0.005826945941749179,0.9,1,0.12948768759442617
317,1774257643.03689,1774257643.08689,0.05,5,-0.1188579212226924,-0.1188579212226924,-0.11503075310987236,0.30580241371124267,0.1845881393250931,0.2054262471647399,0.08618842631399079,0.003827168112820037,0.0013029905613385906,0.0018944503448987847,0.0054402996995251,0.9,1,0.0850481802848897
318,1774257643.0868902,1774257643.1368902,0.05,5,-0.11480062640191642,-0.11480062640191642,-0.10064805829460799,0.7324333295055115,0.34919759950338003,0.41726250830746464,0.34919759950338003,0.01415256810730843,0.006623721145498645,0.008555138356961698,0.01415256810730843,0.9,1,0.31450151349574285
319,1774257643.1368902,1774257643.1868901,0.05,5,-0.1137275177854096,-0.1137275177854096,-0.12698850428927466,0.4995378447714956,0.3399215934087402,0.385568820109657,-0.3245572667744232,0.013600618277867932,0.00802490177061987,0.009610838741251064,0.013600618277867932,0.9,1,0.30223596173039846
320,1774257643.1868901,1774257643.23689,0.05,5,-0.12940433090313902,-0.12940433090313902,-0.13356096089428898,0.31502094519296725,0.1361030772007778,0.1765003603198756,-0.09134605114506049,0.004895098586206875,0.00341271533144778,0.003857950433099979,0.004895098586206875,0.9,1,0.10877996858237499
321,1774257643.23689,1774257643.28689,0.05,5,-0.14599365284894572,-0.14599365284894572,-0.1300141061139244,0.9282549485405457,0.5119322262158325,0.5991582143363193,0.434375614116847,0.015979546735021333,0.006498314680673906,0.008732432279116086,0.01711533406506896,0.9,0,0.3551010385560296
322,1774257643.28689,1774257643.33689,0.05,5,-0.12228873137333933,-0.12228873137333933,-0.10099709062413202,1.3196553510420233,0.6368714730506493,0.7864520243835817,0.5432350958977985,0.023266211568684234,0.012532791228189163,0.015241930846201436,0.023266211568684234,0.9,0,0.5170269237485384
323,1774257643.3368902,1774257643.3868902,0.05,5,-0.10023093662426337,-0.10023093662426337,-0.10265843243091519,0.4864364760537849,0.3094921785897282,0.34008022922936465,-0.06627394056283575,0.007533432881013602,0.0038966319879936706,0.004668045895832849,0.007533432881013602,0.9,1,0.16740961957808004
324,1774257643.3868902,1774257643.4368901,0.05,5,-0.10535810427024732,-0.10535810427024732,-0.11990890694710624,0.6710434404186412,0.39867985122542393,0.45779112009331624,-0.3583744425036459,0.014550802676858918,0.006769986683906765,0.008406353216460329,0.014550802676858918,0.9,1,0.3233511705968648
325,1774257643.4368901,1774257643.48689,0.05,5,-0.13130654159370794,-0.13130654159370794,-0.13057053812208824,0.5486583402853453,0.36781394180999705,0.39525180779055485,0.06287422122192954,0.006597883237078439,0.0028743456915861555,0.0037749411459728167,0.00733388670869814,0.9,1,0.14661962749063195
326,1774257643.48689,1774257643.53689,0.05,5,-0.12699185941308597,-0.12699185941308597,-0.1183358504420404,0.723958426482571,0.45616790772447274,0.5067421534045201,0.13698796396982243,0.012324139435404127,0.005624110672733487,0.0071126193229954955,0.012324139435404127,0.9,1,0.2738697652312028
327,1774257643.53689,1774257643.58689,0.05,5,-0.12335876758119477,-0.12335876758119477,-0.128565664141063,0.9620707584905988,0.43742419311597136,0.5529719170873824,-0.2680002108573159,0.0055223594669271125,0.0032111629783573375,0.003952962069431223,0.009965414878805284,0.9,0,0.12271909926504693
328,1774257643.5868902,1774257643.6368902,0.05,5,-0.12926205557835496,-0.12926205557835496,-0.13731620988924698,0.7191592521110777,0.5091190026555017,0.5504214717078463,-0.21830329435374737,0.0084548022951417,0.004143895904332779,0.005395365226549284,0.0084548022951417,0.9,1,0.1878844954475933
329,1774257643.6368902,1774257643.6868901,0.05,5,-0.1387470605814481,-0.1387470605814481,-0.13135287121224715,0.9941696853575496,0.47462333097278564,0.5729272126448985,0.19384440784314658,0.007394189369200943,0.0030845832578243805,0.004045537845618108,0.011875434682202701,0.9,0,0.1643153193155765
330,1774257643.6868901,1774257643.73689,0.05,5,-0.13067734990050217,-0.13067734990050217,-0.10554430894156148,1.0008869563359748,0.6605037455751748,0.749724620903824,0.6277869444632751,0.02581444337467667,0.015442934104882563,0.01840819600796541,0.02581444337467667,0.9,0,0.573654297215037
331,1774257643.73689,1774257643.78689,0.05,5,-0.10501825168462675,-0.10501825168462675,-0.11493160755358689,0.6502330985006319,0.3737066816612472,0.4090877827616072,-0.24794078903291955,0.009913355868960139,0.005478358082867066,0.006649927315583452,0.009913355868960139,0.9,1,0.22029679708800307
332,1774257643.78689,1774257643.83689,0.05,5,-0.11475046347170864,-0.11475046347170864,-0.13288445068874286,1.118041817659453,0.4924436526118701,0.6275865352619852,-0.46851002990179663,0.018133987217034214,0.010659072942244854,0.012265514624553739,0.018133987217034214,0.9,0,0.40297749371187136
333,1774257643.8368902,1774257643.8868902,0.05,5,-0.1378131663874451,-0.1378131663874451,-0.13601994981972257,0.6180363723422283,0.36378857460623976,0.4308657739571392,0.041906446659122,0.006133647450236701,0.0019064858298067978,0.00290379334968491,0.007926864017959223,0.9,1,0.13630327667192668
334,1774257643.8868902,1774257643.9368901,0.05,5,-0.13435633092391414,-0.13435633092391414,-0.1347737018140175,0.9454520964000696,0.7217789615764665,0.7434697138189643,-0.13932114557008374,0.007629790916192425,0.0027651479211328934,0.0041805449112409625,0.012999088908412226,0.9,0,0.16955090924872054
335,1774257643.9368901,1774257643.98689,0.05,5,-0.12719251635005402,-0.12719251635005402,-0.1413813289897918,0.6792911379082538,0.3539912909199722,0.41857757944669544,-0.3539912909199722,0.014188812639737786,0.008974959359827844,0.01032260893446161,0.014188812639737786,0.9,1,0.31530694754972854
336,1774257643.98689,1774257644.03689,0.05,5,-0.14249248121438227,-0.14249248121438227,-0.15320452920820374,0.43858923074888345,0.26067637081540274,0.2825779304597735,-0.26067637081540274,0.010712047993821472,0.005338818228792025,0.006638029775209306,0.010712047993821472,0.9,1,0.23804551097381046
337,1774257644.03689,1774257644.08689,0.05,5,-0.15520191156459873,-0.15520191156459873,-0.13506774896816387,1.4872480774019474,0.5501588920223911,0.7781613419134984,0.5501588920223911,0.020134162596434857,0.00914567172239692,0.012453013599962523,0.020134162596434857,0.9,0,0.4474258354763301
338,1774257644.0868902,1774257644.1368902,0.05,5,-0.1256497416817752,-0.1256497416817752,-0.11443453462090604,0.7053153451105939,0.24840636331956426,0.37585627118972637,0.24840636331956426,0.011215207060869162,0.007186901172738985,0.008644966277139668,0.011215207060869162,0.9,1,0.24922682357487022
339,1774257644.1368902,1774257644.1868901,0.05,5,-0.11461828188852322,-0.11461828188852322,-0.11996890885410884,0.2500829566734616,0.13441356661658083,0.16463074336311773,-0.13441356661658083,0.0053506269655856226,0.002717266889882089,0.0032871000475159632,0.0053506269655856226,0.9,1,0.11890282145745827
340,1774257644.1868901,1774257644.23689,0.05,5,-0.12586111020849794,-0.12586111020849794,-0.13941336636501522,0.8258457548636765,0.485853653160077,0.52828994294528,-0.2736372264714836,0.013552256156517284,0.004356263366211868,0.0064788138662241705,0.016368245995065075,0.9,1,0.3011612479226063
341,1774257644.23689,1774257644.28689,0.05,5,-0.13931930142328003,-0.13931930142328003,-0.13203883360041174,1.0274136442449966,0.6307131438518545,0.7052418761026729,0.2043653253042986,0.009372466626491271,0.005117074796127491,0.006061890908234076,0.016652934449359558,0.9,0,0.20827703614425044
342,1774257644.28689,1774257644.33689,0.05,5,-0.13300116706296378,-0.13300116706296378,-0.1320857306605606,1.106881155029192,0.5776550706940431,0.711993732129549,0.07456848790953394,0.008090677845689051,0.0032666041006153084,0.004641895695454396,0.009052547290120685,0.9,0,0.17979284101531223
343,1774257644.3368902,1774257644.3868902,0.05,5,-0.12921371076804283,-0.12921371076804283,-0.14290290676405826,0.4255512438132136,0.33459387713176386,0.351463064114383,-0.33459387713176386,0.013689195996015424,0.005859562218664949,0.007661877535038384,0.013689195996015424,0.9,1,0.3042043554670094
344,1774257644.3868902,1774257644.4368901,0.05,5,-0.14593886340688816,-0.14593886340688816,-0.15399677777208265,0.4997219200406412,0.19913766099179733,0.27182539266223565,-0.19913766099179733,0.008057914365194485,0.003902703934785828,0.0049759004653016315,0.008057914365194485,0.9,1,0.17906476367098853
345,1774257644.4368901,1774257644.48689,0.05,5,-0.15747859546073026,-0.15747859546073026,-0.13938268758961145,0.912658777273398,0.4598664885965902,0.6104298477401869,0.4598664885965902,0.01809590787111881,0.007317744182702706,0.00980994525962881,0.01809590787111881,0.9,0,0.4021312860248624
346,1774257644.48689,1774257644.53689,0.05,5,-0.1271740260440183,-0.1271740260440183,-0.1197574764406373,0.6792684666358748,0.3821505947471153,0.4246997560690775,0.18598475638853967,0.009465595513030542,0.0058526145236488854,0.006667874212262192,0.009465595513030542,0.9,1,0.21034656695623424
347,1774257644.53689,1774257644.58689,0.05,5,-0.07951866240611884,-0.07951866240611884,-0.11959726357232434,6.02599505261153,2.4969226278523733,3.234161155358256,-1.26915232294411,0.0400786011662055,0.017504955585530096,0.022569989855502803,0.06681958111787917,0.9,0,0.8906355814712332
348,1774257644.5868902,1774257644.6368902,0.05,5,-0.21416889656571705,-0.21416889656571705,-0.0983737806985906,5.31166140221418,2.9278360655713414,3.427653773468694,2.9278360655713414,0.11579511586712646,0.0529199372860212,0.06811847183558349,0.11579511586712646,0.9,0,2.573224797047254
349,1774257644.6368902,1774257644.6868901,0.05,5,-0.09119323577437524,-0.09119323577437524,-0.043674050081815595,2.690838130526103,2.3929678210589582,2.41863525550492,1.0475487557959071,0.04751918569255965,0.02002845186190443,0.026666952604075617,0.049265383993014174,0.9,0,1.0559819042791032
350,1774257644.6868901,1774257644.73689,0.05,5,-0.008201302520958027,-0.008201302520958027,-0.013132097178132608,1.024881095487493,0.6402629934941251,0.7302892168518407,-0.12782244575037865,0.015407330685327587,0.008677119627502302,0.010346453233659916,0.015407330685327587,0.9,0,0.342385126340613
351,1774257644.73689,1774257644.78689,0.05,5,-0.032753613344935886,-0.032753613344935886,0.010808035779482465,4.19930093267442,3.176321186931062,3.360218443427219,1.099013843378931,0.06805469340402624,0.03583321634447765,0.042170050900169946,0.06805469340402624,0.9,0,1.5123265200894718
352,1774257644.78689,1774257644.83689,0.05,5,-0.04072020930770001,-0.04072020930770001,-0.1492873850935023,8.003374345725863,4.291847593784764,5.095689646464047,-2.6374855862672817,0.1085671757858023,0.04738256155810549,0.059672407719573044,0.1085671757858023,0.9,0,2.412603906351162
353,1774257644.8368902,1774257644.8868902,0.05,5,-0.17271234451666886,-0.17271234451666886,-0.3137294120031856,5.238105546568438,3.4948244914342075,3.9336807117510153,-3.4948244914342075,0.14101706748651674,0.07507003180119795,0.09346375638026685,0.14101706748651674,0.9,0,3.133712610811483
354,1774257644.8868902,1774257644.9368901,0.05,5,-0.2607056045860086,-0.2607056045860086,-0.37569102210652044,4.422882480645304,2.8669999395262193,3.2549428817013197,-2.8669999395262193,0.11498541752051183,0.054780526240682845,0.06772636387310751,0.11498541752051183,0.9,0,2.555231500455818
355,1774257644.9368901,1774257644.98689,0.05,5,-0.3691201012270942,-0.3691201012270942,-0.25910873141467644,5.200320545664629,2.6674845109626313,3.152344913491024,2.6674845109626313,0.11001136981241777,0.06908108459341364,0.07943037293493634,0.11001136981241777,0.9,0,2.4446971069426167
356,1774257644.98689,1774257645.03689,0.05,5,-0.2636725438954222,-0.2636725438954222,-0.15410981505463842,6.22857246351266,4.0302713583603555,4.513419348491477,2.718923306688832,0.1095627288407838,0.039015933398381934,0.05539512416638659,0.13408447318470854,0.9,0,2.434727307572973
357,1774257645.03689,1774257645.08689,0.05,5,-0.16870166526066682,-0.16870166526066682,-0.12544032516386094,4.290594982381526,1.4156982520545414,2.2223719679766987,0.7295992391362216,0.05668105539769601,0.039962498784378506,0.04503136112143316,0.05668105539769601,0.9,0,1.259579008837689
358,1774257645.0868902,1774257645.1368902,0.05,5,-0.08210435433480308,-0.08210435433480308,0.016178978566683683,6.647141289867165,4.248510907529887,4.556671115224592,2.649257556123708,0.1313969928928038,0.06923284016121592,0.08248399781084813,0.1313969928928038,0.9,0,2.9199331753956397
359,1774257645.1368902,1774257645.1868901,0.05,5,0.02255261181837923,0.02255261181837923,0.0374657426417354,5.73096053677356,3.8467401671245502,4.2419231598336715,0.20428454558452258,0.0497865134367972,0.024429986164480184,0.029574088061800067,0.08181069591490116,0.9,0,1.10636696526216
360,1774257645.1868901,1774257645.23689,0.05,5,0.02387104737382848,0.02387104737382848,-0.1270463769441597,8.422128095804654,5.136129022507818,5.62940235618858,-4.008921707861212,0.17370610903248995,0.0940111777248481,0.11344881207938637,0.17370610903248995,0.9,0,3.860135756277554
361,1774257645.23689,1774257645.28689,0.05,5,-0.10604551695375196,-0.10604551695375196,-0.24280152679907194,4.6944620475869305,3.2381378883897423,3.4115960126929634,-3.2381378883897423,0.13675600984532,0.06417142664236591,0.07869092788029815,0.13675600984532,0.9,0,3.0390224410071105
362,1774257645.28689,1774257645.33689,0.05,5,-0.30308360379973864,-0.30308360379973864,-0.3234508203529344,5.019548795293479,3.037394656370565,3.496887257773577,-1.0894982197851704,0.048040627951606185,0.01657209787147218,0.02394363798028413,0.06840784450480192,0.9,0,1.0675695100356928
363,1774257645.3368902,1774257645.3868902,0.05,5,-0.3240809242634438,-0.3240809242634438,-0.28204810370482364,6.403016712751198,3.7752603144795045,4.139222345517719,1.1089198098739979,0.052574721978907224,0.029389430704925223,0.0348465751299121,0.0946075425375274,0.9,0,1.168327155086827
364,1774257645.3868902,1774257645.4368901,0.05,5,-0.30147771355229286,-0.30147771355229286,-0.32829719966058746,1.8460528864992918,1.4006510015905616,1.4813725531887756,-0.6792617707399753,0.0268194861082946,0.013908635884675346,0.017341813723443993,0.0268194861082946,0.9,0,0.5959885801843243
365,1774257645.4368901,1774257645.48689,0.05,5,-0.2890015202513349,-0.2890015202513349,-0.16140892412222851,8.136014328546219,3.1088074492624376,4.323392191946401,3.0260867339532354,0.12961076429183152,0.09134111575561185,0.10311009332219594,0.12961076429183152,0.9,0,2.8802392064851445
366,1774257645.48689,1774257645.53689,0.05,5,-0.15309479239088616,-0.15309479239088616,-0.0007975367660761207,6.603619355256276,3.9825718618471377,4.711050965236986,3.9825718618471377,0.15229725562481006,0.058143950612400255,0.0818260011546231,0.15229725562481006,0.9,0,3.384383458329112
367,1774257645.53689,1774257645.58689,0.05,5,0.03382181509423801,0.03382181509423801,-0.01992113222093081,3.706040217913307,1.53362917781429,2.0694019928147362,-1.443618542231619,0.05374294731516882,0.024182082712727822,0.03328741025336566,0.05582458747561477,0.9,0,1.1942877181148626
368,1774257645.5868902,1774257645.6368902,0.05,5,0.01069711674414256,0.01069711674414256,-0.02818153461616517,5.835359825409765,3.802510511767005,4.261557171661281,-1.1850024388691638,0.04894840379635894,0.026110340661905006,0.03351917919070472,0.08782705515666667,0.9,0,1.087742306585754
369,1774257645.6368902,1774257645.6868901,0.05,5,-0.09209709997669273,-0.09209709997669273,-0.07872401813930792,4.092748143585462,2.4216964876418645,2.8964419494630937,0.3753224158491335,0.04262628791436847,0.021018446425165035,0.02774555923530472,0.05599936975175328,0.9,0,0.9472508425415214
370,1774257645.6868901,1774257645.73689,0.05,5,-0.1369438296314653,-0.1369438296314653,-0.27899886339126523,6.001350922232848,3.5115030453173026,4.008086762639388,-3.5115030453173026,0.14205503375979991,0.08367509249557062,0.10044752892195251,0.14205503375979991,0.9,0,3.156778527995553
371,1774257645.73689,1774257645.78689,0.05,5,-0.26069387749554335,-0.26069387749554335,-0.3378112522151642,6.478340846053738,3.324342936585271,3.873237414845372,-1.9154629574512434,0.07711737471962088,0.03514941267970009,0.047299365045967955,0.10425096040022211,0.9,0,1.713719438213797
372,1774257645.78689,1774257645.83689,0.05,5,-0.3351858591563362,-0.3351858591563362,-0.26164614827640625,3.105173938310973,1.7359380571116658,1.96597886317158,1.7359380571116658,0.07353971087992994,0.03774900963046768,0.047801990981848765,0.07353971087992994,0.9,0,1.6342157973317764
373,1774257645.8368902,1774257645.8868902,0.05,5,-0.3281325005226369,-0.3281325005226369,-0.21213559824350106,3.8896042632153827,2.8972818612332754,3.0681053194244265,2.8972818612332754,0.11599690227913587,0.04945708352310468,0.06502598830210694,0.11599690227913587,0.9,0,2.577708939536352
374,1774257645.8868902,1774257645.9368901,0.05,5,-0.16203275426709213,-0.16203275426709213,-0.16957906301841363,3.7053218471290488,2.611810105110236,2.7328111408297997,-0.21533277788739247,0.05696928988731517,0.024754986021950608,0.032461769323711545,0.05696928988731517,0.9,0,1.2659842197181148
375,1774257645.9368901,1774257645.98689,0.05,5,-0.10623574465676885,-0.10623574465676885,-0.022930702662107262,6.260008910884721,3.1985147556786533,3.693480253004747,2.072293150079374,0.09179770913493059,0.06140250689365221,0.06941297665340188,0.09179770913493059,0.9,0,2.039949091887346
376,1774257645.98689,1774257646.03689,0.05,5,-0.03434821934103298,-0.03434821934103298,0.03290814501678132,4.519631894389947,2.4955949657070766,2.8282516388942773,1.820431827420311,0.08159022685606987,0.04841497368478912,0.055869884218201694,0.08159022685606987,0.9,0,1.813116152357108
377,1774257646.03689,1774257646.08689,0.05,5,-0.045189318295789295,-0.045189318295789295,-0.13350749622598032,4.951041364394314,2.1557103584420463,2.7322831065866664,-2.1557103584420463,0.08831817793019103,0.0357783762294138,0.05017190389637375,0.08831817793019103,0.9,0,1.9626261762264672
378,1774257646.0868902,1774257646.1368902,0.05,5,-0.14073504062530012,-0.14073504062530012,-0.3056065536096842,8.693206512067976,3.926848452229061,4.937685656970976,-3.926848452229061,0.16487151298438407,0.06375839599905775,0.09177496079467087,0.16487151298438407,0.9,0,3.663811399652979
379,1774257646.1368902,1774257646.1868901,0.05,5,-0.32486134292668856,-0.32486134292668856,-0.39178784501152786,3.852595283586912,1.9226630898463275,2.236019018185267,-1.4794147323589175,0.0669265020848393,0.04278260009931183,0.04867012958677814,0.0669265020848393,0.9,0,1.4872556018853176
380,1774257646.1868901,1774257646.23689,0.05,5,-0.43803717379347534,-0.43803717379347534,-0.36057062404979623,3.000718034803873,2.0022634310255345,2.0962415733759476,2.0022634310255345,0.07746654974367911,0.03613070064179023,0.04485685693803411,0.07746654974367911,0.9,0,1.721478883192869
381,1774257646.23689,1774257646.28689,0.05,5,-0.3328002936549858,-0.3328002936549858,-0.2908875191118473,5.2247293923601115,3.6831519811854636,3.9024006194309075,0.9296821452737687,0.054365778788176944,0.027174197028971468,0.035353034519673754,0.09627855333131546,0.9,0,1.208128417515043
382,1774257646.28689,1774257646.33689,0.05,5,-0.28136450009457137,-0.28136450009457137,-0.19693602233861268,9.660998638210582,4.201545963616912,5.425023844038346,2.8215097149668034,0.08442847775595869,0.04856778316264851,0.056511573836723804,0.08442847775595869,0.9,0,1.8761883945768594
383,1774257646.3368902,1774257646.3868902,0.05,5,-0.14329054856392526,-0.14329054856392526,0.011599620370144434,9.282487656323251,6.529499061662585,6.737879117800532,3.4411303381562,0.15945985471717597,0.09455858916639763,0.11264275535644803,0.15945985471717597,0.9,0,3.5435523270483547
384,1774257646.3868902,1774257646.4368901,0.05,5,0.02465055421171576,0.02465055421171576,0.07371241940829526,5.1438173502893285,2.5241523611228414,3.0057559424979083,1.5622255830330007,0.06867283254526531,0.040246246659789,0.04611499814441706,0.06867283254526531,0.9,0,1.52606294545034
385,1774257646.4368901,1774257646.48689,0.05,5,0.025101658185549366,0.025101658185549366,-0.05257360639653004,4.756058516806118,2.300765461584186,2.8063275383904167,-1.963205559282583,0.0776752645820794,0.027624888213739845,0.041513261604412606,0.08476222105373109,0.9,0,1.7261169907128755
386,1774257646.48689,1774257646.53689,0.05,5,-0.021735999998639538,-0.021735999998639538,-0.18482784088387844,5.806440634472155,3.933085241276509,4.087591980012309,-3.933085241276509,0.1630918408852389,0.0783713356318104,0.09847966239447052,0.1630918408852389,0.9,0,3.624263130783086
387,1774257646.53689,1774257646.58689,0.05,5,-0.21946908647418392,-0.21946908647418392,-0.24761441703303982,5.912801805107511,2.276525399931244,3.138581828772601,-0.8124482462865851,0.032595498611979495,0.02164694146587136,0.024813792236849326,0.0607408291708354,0.9,0,0.7243444135995443
388,1774257646.5868902,1774257646.6368902,0.05,5,-0.31039168737796957,-0.31039168737796957,-0.3071487508542719,2.373237071566456,1.6440351075757835,1.7559300318414268,0.08701981988873,0.02391963576397904,0.008356772931656398,0.011925535080694303,0.034511686155778876,0.9,0,0.5315474614217565
389,1774257646.6368902,1774257646.6868901,0.05,5,-0.32111003566896856,-0.32111003566896856,-0.3136732550466393,4.525714816737087,2.4211249904798797,3.043704865767464,0.4572857126508558,0.03822045332173901,0.020850321249686898,0.025828821447419124,0.04565723394406829,0.9,0,0.8493434071497558
390,1774257646.6868901,1774257646.73689,0.05,5,-0.3369320316511595,-0.3369320316511595,-0.28850455416424264,2.611019854779538,1.2617025114085192,1.5789456165455815,1.2617025114085192,0.04842747748691684,0.03080642351054901,0.03566857127763801,0.04842747748691684,0.9,0,1.0761661663759297
391,1774257646.73689,1774257646.78689,0.05,5,-0.2715388015504874,-0.2715388015504874,-0.16876321685832818,4.638234495026153,2.5781878438673056,3.0209198275817806,2.5781878438673056,0.1027755846921592,0.06250473530668946,0.07429049647272966,0.1027755846921592,0.9,0,2.283901882047982
392,1774257646.78689,1774257646.83689,0.05,5,-0.18027728783383515,-0.18027728783383515,-0.11053384128531865,3.0971150219706276,1.9426502558877667,2.191178895593832,1.7216186619585385,0.0697434465485165,0.02702065943582426,0.037065309354181515,0.07413097984304157,0.9,0,1.549854367744811
393,1774257646.8368902,1774257646.8868902,0.05,5,-0.07336912196463226,-0.07336912196463226,-0.05362122012597369,5.468152486832531,2.1126404803886807,2.871768683461314,0.6214357630275844,0.02999512063541465,0.016719809760612298,0.01956973598284986,0.04974302247407322,0.9,0,0.6665582363425477
394,1774257646.8868902,1774257646.9368901,0.05,5,-0.03998868587865303,-0.03998868587865303,-0.13381145438465014,4.373826996386396,2.4223416633775536,2.8130460526254506,-2.4223416633775536,0.0938227685059971,0.04529202907635107,0.05872743646135997,0.0938227685059971,0.9,0,2.08495041124438
395,1774257646.9368901,1774257646.98689,0.05,5,-0.1504980414855962,-0.1504980414855962,-0.26590419421337186,7.840592860928639,4.590931167749291,5.230665199369249,-3.3806988657198307,0.11540615272777566,0.0365253239216634,0.05516605166775746,0.12571823032484325,0.9,0,2.5645811717283475
396,1774257646.98689,1774257647.03689,0.05,5,-0.30968261231804406,-0.30968261231804406,-0.27801435717117545,3.95952912846986,2.887993958524834,3.0069004652576465,0.6577009481844789,0.03965560287363973,0.01652095997117836,0.023224217848851415,0.07132385802050834,0.9,0,0.8812356194142161
397,1774257647.03689,1774257647.08689,0.05,5,-0.31582522033485555,-0.31582522033485555,-0.36612026292509664,3.09355236593234,1.3830995602174747,1.83977911693261,-1.3528011333535224,0.050858679621435476,0.03152203319793965,0.03665913641201929,0.050858679621435476,0.9,0,1.1301928804763437
398,1774257647.0868902,1774257647.1368902,0.05,5,-0.35025513778492223,-0.35025513778492223,-0.3539931305136977,1.4422914183652367,0.867643869287838,1.0335252222327362,-0.2009889317126286,0.016545306613460986,0.006596075135156654,0.008816714090184573,0.016545306613460986,0.9,0,0.367673480299133
399,1774257647.1368902,1774257647.1868901,0.05,5,-0.3019327236951776,-0.3019327236951776,-0.2874040162946028,1.6086626338452792,1.232333075110081,1.3285730015432176,0.32731241957944496,0.01452870740057477,0.006382218526205486,0.008823215606577063,0.018435463868846313,0.9,0,0.32286016445721705
400,1774257647.1868901,1774257647.23689,0.05,5,-0.29059120003236594,-0.29059120003236594,-0.2510582222986388,4.874463380333484,2.060576332229454,2.6683238759625922,1.0961988070336126,0.05918545203371697,0.03689704487393477,0.04181870238788732,0.05918545203371697,0.9,0,1.3152322674159327
401,1774257647.23689,1774257647.28689,0.05,5,-0.2494701316306861,-0.2494701316306861,-0.23935870811325433,3.561851196342293,2.6808979802842607,2.832818775864389,0.3216563254700965,0.04689501969204535,0.01741777229120353,0.023564885940842707,0.0585702560154745,0.9,0,1.0421115487121186
402,1774257647.28689,1774257647.33689,0.05,5,-0.2158383088631565,-0.2158383088631565,-0.15757917866725293,6.250565807721961,1.9193595514602038,3.158807275424942,1.516323963704195,0.05825913019590356,0.013841004367784255,0.026246203708833,0.06006754780098178,0.9,0,1.2946473376867458
403,1774257647.3368902,1774257647.3868902,0.05,5,-0.14734345622238518,-0.14734345622238518,-0.15260874011876385,4.073597313012901,2.7086160940066186,2.860203885299352,-0.12767640088685384,0.05166559355351649,0.022952962034836703,0.029878155063991885,0.05693087744989517,0.9,0,1.1481243011892552
404,1774257647.3868902,1774257647.4368901,0.05,5,-0.13157671924151057,-0.13157671924151057,-0.09287252436376121,2.9380530956261683,1.8780909618061052,2.138071035160599,0.9960398799426011,0.03870419487774936,0.014824786384286689,0.01998548729604982,0.05714172204905542,0.9,0,0.8600932195055412
405,1774257647.4368901,1774257647.48689,0.05,5,-0.11395567809456693,-0.11395567809456693,-0.08867046860299388,6.762794365568948,3.514424906599225,4.662798565236801,-0.0753823465054666,0.035261046881825284,0.025074797850434805,0.028261612359934976,0.06054625637339833,0.9,0,0.7835788195961173
406,1774257647.48689,1774257647.53689,0.05,5,-0.07401186806345887,-0.07401186806345887,-0.1989644101162903,4.117237295782707,3.010552275868733,3.240430239894336,-3.010552275868733,0.12495254205283142,0.06921544962295591,0.08369234432285433,0.12495254205283142,0.9,0,2.7767231567295867
407,1774257647.53689,1774257647.58689,0.05,5,-0.20197938063451706,-0.20197938063451706,-0.21026991106511297,4.584396056624198,3.7463854245524293,3.8389880562401015,-0.23582983949618952,0.07241668816129607,0.03132750631380398,0.041112094867186234,0.08070721859189198,0.9,0,1.6092597369176902
408,1774257647.5868902,1774257647.6368902,0.05,5,-0.23272674573582366,-0.23272674573582366,-0.12668854421776637,4.776296808853,2.6279870100534004,3.3363597989124756,2.6279870100534004,0.10603820151805729,0.055290754657905006,0.07144894276822565,0.10603820151805729,0.9,0,2.3564044781790505
409,1774257647.6368902,1774257647.6868901,0.05,5,-0.1620131388287424,-0.1620131388287424,-0.08042699407761768,7.639510026054877,3.7153076719490494,4.504609143775811,1.9432304823089765,0.08158614475112473,0.029373033249099057,0.04149732141378241,0.11538699223381398,0.9,0,1.8130254389138827
410,1774257647.6868901,1774257647.73689,0.05,5,-0.06815544614078861,-0.06815544614078861,-0.1302696319642606,5.61617457475644,1.9002969949176882,2.894028193885289,-1.5359061849751794,0.06792145916369324,0.04838434422456327,0.05427991080447417,0.06792145916369324,0.9,0,1.509365759193183
411,1774257647.73689,1774257647.78689,0.05,5,-0.10264641904610293,-0.10264641904610293,-0.09570775961415005,3.439428560796658,2.152587272420965,2.3624148333742525,0.28331524077813797,0.041229863158039816,0.02219900232578086,0.02744813757544588,0.041229863158039816,0.9,0,0.9162191812897735
412,1774257647.78689,1774257647.83689,0.05,5,-0.14395485859069423,-0.14395485859069423,-0.09871596663790515,5.646900380905141,2.711520901718591,3.224890513757731,0.9102316575469885,0.06966291625877281,0.03698322874057665,0.04563751035287389,0.08161114948758307,0.9,0,1.5480648057505069
413,1774257647.8368902,1774257647.8868902,0.05,5,-0.12793156571529612,-0.12793156571529612,-0.25792021654519176,7.654538198100494,5.835508636650794,5.97786012788998,-3.2427844636822263,0.18186781098151078,0.10653008512749618,0.12334736261466142,0.18186781098151078,0.9,0,4.041506910700239
414,1774257647.8868902,1774257647.9368901,0.05,5,-0.28545879069915875,-0.28545879069915875,-0.42423451052515415,7.594061648991856,3.3806101518248175,4.180276358261294,-3.3806101518248175,0.1387757198259954,0.0604171150911737,0.08152217626041393,0.1387757198259954,0.9,0,3.0839048850221196
415,1774257647.9368901,1774257647.98689,0.05,5,-0.43829391182951494,-0.43829391182951494,-0.48221467026846465,10.479464339515372,4.209458930217503,5.686342979881481,-2.284997768838548,0.051754801292711095,0.02639633717872104,0.03247653180182295,0.09567555973166081,0.9,0,1.1501066953935797
416,1774257647.98689,1774257648.03689,0.05,5,-0.49084196406159797,-0.49084196406159797,-0.363051482288634,8.773663698750013,3.2406041570929234,4.597523672617305,2.776422835961428,0.12779048177296398,0.07992641487963756,0.0975181454102472,0.12779048177296398,0.9,0,2.839788483843644
417,1774257648.03689,1774257648.08689,0.05,5,-0.32805050993219276,-0.32805050993219276,-0.2956826750564376,7.945990496275766,3.143733911615051,4.250949313312567,0.8292613365228323,0.0470711551187315,0.023806624935104825,0.029747826597900335,0.07943898999448668,0.9,0,1.0460256693051444
418,1774257648.0868902,1774257648.1368902,0.05,5,-0.29044113107332264,-0.29044113107332264,-0.23438658186567868,3.9766038872403007,1.879226421206298,2.4192533669950342,1.4036261021420304,0.06513025838950412,0.04251291122615411,0.04961932960143811,0.06513025838950412,0.9,0,1.4473390753223137
419,1774257648.1368902,1774257648.1868901,0.05,5,-0.21797135244883273,-0.21797135244883273,-0.14418589606834245,4.014511441104597,2.035160134235289,2.5257700493538486,1.835765702681568,0.07378545638049028,0.04838764733298463,0.05559542499138818,0.07378545638049028,0.9,0,1.6396768084553393
420,1774257648.1868901,1774257648.23689,0.05,5,-0.147357989100802,-0.147357989100802,-0.09024765989815314,4.749490401474157,1.5943842680111355,2.4295931810848908,1.4532343698671155,0.060037042273944866,0.02783860943473021,0.037739980093403645,0.060037042273944866,0.9,0,1.3341564949765523
421,1774257648.23689,1774257648.28689,0.05,5,-0.1098191259064382,-0.1098191259064382,-0.16567995601286994,3.0057897674677925,1.794528920810893,2.0843996422094504,-1.3626814798876534,0.06410137294303404,0.0359519963650501,0.04251267628747418,0.06410137294303404,0.9,0,1.4244749542896453
422,1774257648.28689,1774257648.33689,0.05,5,-0.18028316508633663,-0.18028316508633663,-0.31883251744686797,8.20837673736839,4.0962374988265555,5.053155994007147,-3.4706232666540364,0.13854935236053134,0.042026561395644486,0.06750377328025796,0.15092797945289216,0.9,0,3.078874496900696
423,1774257648.3368902,1774257648.3868902,0.05,5,-0.35993753193289263,-0.35993753193289263,-0.4681649343353843,8.78940850072683,4.295767879580694,5.148073514615862,-2.2460855821061707,0.10822740240249168,0.03633877865774652,0.05288059842660275,0.10822740240249168,0.9,0,2.405053386722037
424,1774257648.3868902,1774257648.4368901,0.05,5,-0.4721291067554079,-0.4721291067554079,-0.43672420794638417,4.195667639828266,2.5641464314383215,2.7753111176007526,0.9229701147188194,0.035404898809023755,0.018352698656622812,0.023151260244703577,0.06943336417364493,0.9,0,0.7867755290894167
425,1774257648.4368901,1774257648.48689,0.05,5,-0.43667141813334187,-0.43667141813334187,-0.43393669466322277,3.3170223679268123,1.8709006323335928,2.1144532491385744,0.05507481442786466,0.03416913070518579,0.016210083256832188,0.021115579723638787,0.036903854175304895,0.9,0,0.7593140156707953
426,1774257648.48689,1774257648.53689,0.05,5,-0.34973557875026756,-0.34973557875026756,-0.3756029285352057,1.5483752806954394,1.0815255798523347,1.1632324509845333,-0.6086511288606036,0.025867349784938154,0.010874238880632037,0.01401591889114106,0.025867349784938154,0.9,0,0.5748299952208478
427,1774257648.53689,1774257648.58689,0.05,5,-0.35910139936616736,-0.35910139936616736,-0.26467570107460603,6.581019008119884,3.67392489514359,4.521007393815282,2.756697054519986,0.11321066750446712,0.07280580510657038,0.0847503794793757,0.11321066750446712,0.9,0,2.5157926112103803
428,1774257648.5868902,1774257648.6368902,0.05,5,-0.2520178071841867,-0.2520178071841867,-0.04205337160380694,6.876233879065901,5.2505992642086365,5.5005816776970775,5.2505992642086365,0.20996443558037975,0.09327202735418326,0.1214995913491415,0.20996443558037975,0.9,0,4.665876346230661
429,1774257648.6368902,1774257648.6868901,0.05,5,-0.07452953661508771,-0.07452953661508771,0.00879042308953798,5.8634887920719985,3.7945733402036357,3.9872534376765327,2.066667750601251,0.11778246270693499,0.06920773006463736,0.07959024599049598,0.11778246270693499,0.9,0,2.6173880601541106
430,1774257648.6868901,1774257648.73689,0.05,5,0.027752340667389096,0.027752340667389096,-0.02850009347511891,3.9667048054288956,1.953530393250138,2.419656476514489,-1.4808636788969811,0.05625243414250801,0.018906726782192622,0.027852973647976655,0.06463563118324023,0.9,0,1.2500540920557335
431,1774257648.73689,1774257648.78689,0.05,5,-0.02904839841205714,-0.02904839841205714,-0.03213925205014735,3.521158618717643,1.8499241317746469,2.193546492252092,-0.0893448224158252,0.035804246408865155,0.015824523350278938,0.0205134156356803,0.038895100046955365,0.9,0,0.7956499201970033
432,1774257648.78689,1774257648.83689,0.05,5,-0.0674745345294578,-0.0674745345294578,-0.06357243483142991,3.50398699284875,1.8556856762391418,2.2781552485166556,0.10369217981476667,0.03619688711789862,0.013618338615674293,0.01977716310430816,0.04009898681592651,0.9,0,0.8043752692866358
433,1774257648.8368902,1774257648.8868902,0.05,5,-0.0723118387089354,-0.0723118387089354,-0.1899903841528441,7.933629202686522,3.4538976724261548,4.559116368429936,-2.681474138840136,0.13241189270757167,0.08462372047390045,0.09986182889415797,0.13241189270757167,0.9,0,2.9424865046127033
434,1774257648.8868902,1774257648.9368901,0.05,5,-0.17736142492005857,-0.17736142492005857,-0.27218429246321624,5.792112896779234,2.5707963398772837,3.2213894678616533,-2.5707963398772837,0.09482286754315766,0.036070430626675205,0.04839620822137601,0.09482286754315766,0.9,0,2.107174834292392
435,1774257648.9368901,1774257648.98689,0.05,5,-0.2760208516387583,-0.2760208516387583,-0.29197379250216593,2.023705295654849,1.6001624012015643,1.6553095306904846,-0.3930221200722971,0.04010976542878375,0.020482791764714882,0.024298117985907607,0.04010976542878375,0.9,0,0.8913281206396388
436,1774257648.98689,1774257649.03689,0.05,5,-0.3348953052536334,-0.3348953052536334,-0.36140198542496144,3.302918149623284,1.3731110535945072,1.8021755952023044,-0.7337155818884176,0.041506536365345514,0.027359220216817658,0.030974277556802293,0.041506536365345514,0.9,0,0.9223674747854558
437,1774257649.03689,1774257649.08689,0.05,5,-0.2901542888698185,-0.2901542888698185,-0.2997395962553212,5.130675684548567,2.7290978943480777,3.3010464094783156,0.005507006505011347,0.06257874774778716,0.02979927683800996,0.03972287411265193,0.06257874774778716,0.9,0,1.3906388388397144
438,1774257649.0868902,1774257649.1368902,0.05,5,-0.2723566546119614,-0.2723566546119614,-0.2668161061704153,6.026810528806605,2.434218932029349,3.316974773670391,0.5791863323739539,0.043782452777084646,0.021252488338003594,0.028116792226735368,0.043782452777084646,0.9,0,0.9729433950463253
439,1774257649.1368902,1774257649.1868901,0.05,5,-0.2695891899965572,-0.2695891899965572,-0.17743868998219206,10.028983848965263,4.891015817631286,5.87648531050846,2.303203241937312,0.14395866246427505,0.08260700244357222,0.0990435724793876,0.14395866246427505,0.9,0,3.1990813880950006
440,1774257649.1868901,1774257649.23689,0.05,4,-0.16638835450280262,-0.16638835450280262,-0.08042778376924017,6.40501398737377,3.583102031671558,4.266955892270018,3.0964961685190153,0.08596057073356245,0.0292761440862429,0.044670636738785054,0.09419537778774056,0.9,0,1.9102349051902763
441,1774257649.23689,1774257649.28689,0.05,6,-0.03235022545109381,-0.03235022545109381,0.028959365132159926,4.60348444650984,2.871324742366512,3.0828302705809856,1.0299309637625762,0.061309590583253734,0.02350910696398367,0.031132173023445252,0.09404310730800937,0.9,0,1.3624353462945273
442,1774257649.28689,1774257649.33689,0.05,5,0.07278271445985779,0.07278271445985779,-0.06477188990999153,7.4848152150510865,3.4476392171666395,4.358355850362096,-3.4476392171666395,0.13755460436984931,0.05967134667118075,0.08261233016852988,0.13755460436984931,0.9,0,3.056768985996651
443,1774257649.3368902,1774257649.3868902,0.05,5,-0.0008048379490751129,-0.0008048379490751129,-0.0759967511079318,5.737824891492002,2.8087220577749634,3.282739056327026,-2.0248921063785357,0.07519191315885669,0.023765926474397736,0.036194287812113875,0.07519191315885669,0.9,0,1.6709314035301486
444,1774257649.3868902,1774257649.4368901,0.05,4,-0.15913380058554416,-0.15913380058554416,-0.2167040535976303,3.5471985129577024,2.511260244308913,2.761675338776052,-1.9052819815965272,0.06675917362344425,0.041708169407893826,0.04893272841359242,0.06675917362344425,0.9,0,1.483537191632094
445,1774257649.4368901,1774257649.48689,0.05,6,-0.3534340096190849,-0.3534340096190849,-0.4181807494532844,3.870542972019278,1.7754739949504077,2.184067261048531,-1.2511633601035332,0.06474673983419948,0.028073589450581554,0.03766058087812806,0.07421183594883929,0.9,0,1.4388164407599884
446,1774257649.48689,1774257649.53689,0.05,5,-0.439437566536114,-0.439437566536114,-0.4106611612054802,3.8132618607320277,1.3935618356410995,1.977394728057714,0.7279645959082985,0.03812076325905178,0.024232100213663788,0.027448042301799376,0.03812076325905178,0.9,0,0.8471280724233728
447,1774257649.53689,1774257649.58689,0.05,5,-0.37103667857970696,-0.37103667857970696,-0.3436357409157589,4.857414028415188,2.4247049293038883,3.003157072322089,0.9025556405951362,0.04792092682881166,0.021462878580807986,0.02667954004169532,0.04792092682881166,0.9,0,1.0649094850847034
448,1774257649.5868902,1774257649.6368902,0.05,5,-0.3431767552570618,-0.3431767552570618,-0.18860855369369905,9.556654988300929,5.272197102961536,5.887976036011375,3.854554502571448,0.15456820156336276,0.0942999674337148,0.11170816269828616,0.15456820156336276,0.9,0,3.434848923630283
449,1774257649.6368902,1774257649.6868901,0.05,5,-0.1604501534207167,-0.1604501534207167,-0.11619830314450776,5.641681085509101,3.8447315426183453,4.346810036394497,1.0238909998637948,0.05439885284160978,0.02269150065170928,0.03178387022133222,0.09865070311781872,0.9,0,1.2088633964802171
450,1774257649.6868901,1774257649.73689,0.05,5,-0.09780081904712411,-0.09780081904712411,-0.05595228818133134,1.8104166834861681,1.0452406009047936,1.25444633392685,1.0452406009047936,0.041848530865792766,0.023686963657420818,0.029209185759485362,0.041848530865792766,0.9,0,0.9299673525731724
451,1774257649.73689,1774257649.78689,0.05,5,-0.05358017721135047,-0.05358017721135047,0.013763494369115833,5.475504411478891,2.3894633910103615,3.1196574913401696,1.7746295667014613,0.0789852220001489,0.05393529676148183,0.06113366097427601,0.0789852220001489,0.9,0,1.7552271555588643
452,1774257649.78689,1774257649.83689,0.05,5,0.0054263032292530145,0.0054263032292530145,0.028020544704596563,1.8522129072607274,1.3513044606367657,1.4224361346823464,0.5920622943908171,0.02259424147534355,0.010731647897614518,0.013766189247208346,0.02259424147534355,0.9,0,0.5020942550076344
453,1774257649.8368902,1774257649.8868902,0.05,5,-0.03139395196318762,-0.03139395196318762,-0.13761987771317494,7.618280113424346,2.9829218578501355,4.078226142877637,-2.8618079570133976,0.10622592574998732,0.04775082773723857,0.06344427134128204,0.10622592574998732,0.9,0,2.3605761277774957
454,1774257649.8868902,1774257649.9368901,0.05,5,-0.15144907729266946,-0.15144907729266946,-0.2878110998080316,10.421264729214505,4.587868792793238,5.691389007383016,-3.276373954380359,0.13636202251536214,0.054660047523302516,0.07928299200250635,0.16046188584807103,0.9,0,3.030267167008047
455,1774257649.9368901,1774257649.98689,0.05,5,-0.31123216773379464,-0.31123216773379464,-0.3344153877348259,3.1386032574664737,1.9761030237206327,2.2394928652787,-0.5517283629687668,0.038861121055938586,0.020890443344019415,0.02541520388307184,0.038861121055938586,0.9,0,0.8635804679097463
456,1774257649.98689,1774257650.03689,0.05,5,-0.3929105202197021,-0.3929105202197021,-0.3367723036450436,5.098908065646974,2.3561331079397356,2.9651568918052904,1.3963149040831768,0.05613821657465845,0.019748440881244757,0.02793860229512773,0.07561466065935801,0.9,0,1.2475159238812987
457,1774257650.03689,1774257650.08689,0.05,4,-0.29865187677962357,-0.29865187677962357,-0.35292564914381547,6.765070372950865,3.315205913696925,4.173071168938346,-1.194841001603652,0.08527016053361736,0.054959785049916235,0.06454448651844125,0.08527016053361736,0.9,0,1.8948924563026077
458,1774257650.0868902,1774257650.1368902,0.05,6,-0.30460083671166555,-0.30460083671166555,-0.16795374004740565,6.072131009834168,4.031955128221074,4.284846791385793,3.2976425614946847,0.1366470966642599,0.07435515870985482,0.08637215994609165,0.1366470966642599,0.9,0,3.036602148094664
459,1774257650.1368902,1774257650.1868901,0.05,5,-0.12241375940482534,-0.12241375940482534,0.01392343136278446,6.597709761573938,3.443969685366436,4.016461362510816,3.443969685366436,0.1363371907676098,0.07997673972608757,0.09518619801302787,0.1363371907676098,0.9,0,3.0297153503913288
460,1774257650.1868901,1774257650.23689,0.05,5,0.0020990707710215797,0.0020990707710215797,0.016304894854070953,1.7484999703681563,1.1484713152837507,1.2059394564711186,0.3009586989891371,0.022813776286475587,0.011011867843072525,0.013502514513719716,0.022813776286475587,0.9,0,0.5069728063661241
461,1774257650.23689,1774257650.28689,0.05,5,-0.012486457484390125,-0.012486457484390125,-0.02490052819960717,1.4525830506087436,1.0204624254528005,1.109542197689608,-0.29725343381972735,0.014131727823320249,0.007608305079022298,0.009439583672848383,0.026545798538537294,0.9,0,0.31403839607378325
462,1774257650.28689,1774257650.33689,0.05,5,-0.004735536707929443,-0.004735536707929443,-0.024461255032287396,1.3262198262707883,0.8047642006276559,0.9032336033428184,-0.4988182816013179,0.019725718324357953,0.009669913058352958,0.01166918182733881,0.019725718324357953,0.9,0,0.43834929609684337
463,1774257650.3368902,1774257650.3868902,0.05,5,-0.040723707909610884,-0.040723707909610884,-0.10796824540038262,3.794649602323494,2.811511908720168,2.931108481307248,-1.7487951608606458,0.06724453749077174,0.025407264094330428,0.03556556072276565,0.07199382567903938,0.9,0,1.494323055350483
464,1774257650.3868902,1774257650.4368901,0.05,5,-0.12056330340585132,-0.12056330340585132,-0.16249463084820978,2.1780915243337815,1.535739336283486,1.6583970789435474,-1.1763457960595416,0.04193132744235846,0.014398367592952844,0.02117323657856085,0.05110625198598216,0.9,0,0.9318072764968546
465,1774257650.4368901,1774257650.48689,0.05,5,-0.25466419333983814,-0.25466419333983814,-0.2385857283747129,3.3861997324914532,2.166408844421362,2.4458124855885623,0.4733089781756352,0.030324502239385598,0.010538635994002033,0.01553203038553326,0.04640296720451084,0.9,0,0.6738778275419021
466,1774257650.48689,1774257650.53689,0.05,5,-0.25247931056574535,-0.25247931056574535,-0.27366908883192964,3.005425806203433,2.2067593655754756,2.3027168345808784,-0.5451920282601799,0.03339405823786462,0.017331317084786607,0.020583527110854195,0.053897394831820905,0.9,0,0.7420901830636581
467,1774257650.53689,1774257650.58689,0.05,5,-0.2516398068421348,-0.2516398068421348,-0.30020375789305065,3.17479856405342,2.049622842470611,2.2198938097376626,-1.3992414202327548,0.05080543165058732,0.03123997638373822,0.03664740217171816,0.05080543165058732,0.9,0,1.1290095922352736
468,1774257650.5868902,1774257650.6368902,0.05,5,-0.3262973669366201,-0.3262973669366201,-0.26649660509442613,2.753490361864968,1.4962314223495399,1.6781387427544392,1.4962314223495399,0.05980076184219396,0.025312337547785436,0.03261194580292638,0.05980076184219396,0.9,0,1.3289058187154212
469,1774257650.6368902,1774257650.6868901,0.05,5,-0.3156830368599099,-0.3156830368599099,-0.3534616882672296,4.206656573624036,1.673587372753406,2.2831940474444994,-0.429740914058612,0.057002383795242806,0.037494042622062976,0.04236320460290512,0.057002383795242806,0.9,0,1.2667196398942844
470,1774257650.6868901,1774257650.73689,0.05,5,-0.32058594778403315,-0.32058594778403315,-0.38783914003462994,3.1468353367851134,2.6959763649642268,2.725895605862304,-1.6594055079320444,0.06725319225059678,0.02841958245484715,0.03647527963330645,0.08765391930955402,0.9,0,1.494515383346595
471,1774257650.73689,1774257650.78689,0.05,5,-0.38791809347695094,-0.38791809347695094,-0.3848285938411804,5.524088836081439,4.126427597654302,4.358452223957959,0.2567964067622208,0.08116740838945158,0.033985913064456155,0.046458496882919094,0.08116740838945158,0.9,0,1.8037201864322572
472,1774257650.78689,1774257650.83689,0.05,5,-0.40909965534229653,-0.40909965534229653,-0.28203010422838243,6.460060067686091,3.1965024986406054,3.8516846887932434,3.1965024986406054,0.1270695511139141,0.06799327934420867,0.08416157336692084,0.1270695511139141,0.9,0,2.823767802531424
473,1774257650.8368902,1774257650.8868902,0.05,5,-0.3077877760712209,-0.3077877760712209,-0.16491294372876233,11.21867593194268,3.797490063797658,5.79212882558393,3.4340443980813085,0.14287483234245854,0.03543845614863336,0.06492023430711094,0.15024997432082968,0.9,0,3.174996274276856
474,1774257650.8868902,1774257650.9368901,0.05,5,-0.13876721797511102,-0.13876721797511102,-0.09591734692611177,2.8901489901361987,2.438396584594336,2.4766389148553376,1.1304422711587532,0.04284987104899925,0.01754208670329769,0.024008171730961706,0.07017771097276583,0.9,0,0.9522193566444276
475,1774257650.9368901,1774257650.98689,0.05,5,-0.07297147000390006,-0.07297147000390006,-0.006297548152707694,4.15488151658163,2.77876908695353,2.8973475027396667,1.7549509034024031,0.06667392185119236,0.03395434869679123,0.0406981686151415,0.06667392185119236,0.9,0,1.4816427078042747
476,1774257650.98689,1774257651.03689,0.05,5,0.007398636121826476,0.007398636121826476,-0.01949544493621071,4.289075762185339,2.3179109201774617,2.6488171937056832,-1.5314136252073156,0.026894081058037186,0.014730226994339447,0.018486851957316818,0.026894081058037186,0.9,0,0.5976462457341596
477,1774257651.03689,1774257651.08689,0.05,5,-0.12389997201103663,-0.12389997201103663,-0.15722194550349858,5.631064961166393,3.6206271523679314,4.176806234071094,-0.7381550329625266,0.046759107291868926,0.02724826220744102,0.033106453057752984,0.05742611805502207,0.9,0,1.0390912731526427
478,1774257651.0868902,1774257651.1368902,0.05,5,-0.20037513374817312,-0.20037513374817312,-0.31388422161470186,6.506948858791937,4.113934300192144,4.348915696474671,-2.683505361011324,0.11350908786652875,0.03850753968429114,0.055771529907401626,0.14158970815401156,0.9,0,2.5224241748117495
479,1774257651.1368902,1774257651.1868901,0.05,5,-0.2889363005867286,-0.2889363005867286,-0.3553783241045021,4.9856099160437735,2.4135054435659655,3.0038399003535576,-1.730745070582727,0.06644202351777351,0.02378922736494221,0.03278613925323335,0.07894797168338341,0.9,0,1.4764894115060778
480,1774257651.1868901,1774257651.23689,0.05,5,-0.3886428717250238,-0.3886428717250238,-0.40475633920783066,3.207654432654248,1.4137808072094453,1.8904907380471965,-0.19004640911767884,0.03282260273697163,0.011045842260394867,0.016500020065526578,0.03746657331232173,0.9,0,0.7293911719327028
481,1774257651.23689,1774257651.28689,0.05,5,-0.39575330202771,-0.39575330202771,-0.3912982536587002,6.54925147496836,4.3875668608586444,4.853469860006047,0.42105400067842647,0.07138092390607598,0.020475444848433423,0.03312919408475281,0.08784644596623847,0.9,0,1.5862427534683547
482,1774257651.28689,1774257651.33689,0.05,5,-0.357380277401913,-0.357380277401913,-0.21495606905627246,11.275903339128353,3.938969234135844,5.821799470004277,3.603193964256911,0.14242420834564057,0.047416044134777124,0.06835895687720356,0.14242420834564057,0.9,0,3.164982407680901
483,1774257651.3368902,1774257651.3868902,0.05,5,-0.20266158159131054,-0.20266158159131054,-0.0787567490232225,5.588552303448135,4.503049554731251,4.622232132526788,3.0938932241661172,0.15211951339257285,0.08481870461481833,0.10045693192532783,0.15211951339257285,0.9,0,3.380433630946063
484,1774257651.3868902,1774257651.4368901,0.05,5,-0.042197442563553775,-0.042197442563553775,0.052766880436439685,4.580987318087576,2.4470551068113826,2.7876070340568107,2.4470551068113826,0.09496432299999347,0.04676715916485027,0.05958871705174196,0.09496432299999347,0.9,0,2.1103182888887435
485,1774257651.4368901,1774257651.48689,0.05,5,0.05599206221726311,0.05599206221726311,0.07257276407133104,2.2227328488821776,1.4868652118526193,1.629628400997276,0.6219340668528164,0.016580701854067924,0.0073752446154060946,0.010133843383995844,0.03149535021446054,0.9,0,0.3684600412015094
486,1774257651.48689,1774257651.53689,0.05,4,0.06507040661154513,0.06507040661154513,-0.025704027137158716,5.85301437074218,4.576213023730812,4.866808872517253,-3.0850218751228446,0.11366650520268487,0.06477677094043661,0.07769887324764885,0.11366650520268487,0.9,0,2.525922337837441
487,1774257651.53689,1774257651.58689,0.05,6,-0.03980719380413225,-0.03980719380413225,-0.21571603231196798,6.598556694831139,3.7561064721513615,4.324167084532955,-3.7561064721513615,0.17590883850783573,0.07083276996392122,0.09149838842031564,0.17590883850783573,0.9,0,3.909085300174127
488,1774257651.5868902,1774257651.6368902,0.05,5,-0.2943743564428879,-0.2943743564428879,-0.2788974938629194,4.690675704850197,2.397078164425633,2.7983599642715515,0.29788454139346965,0.0379686594720578,0.015398233976846597,0.019880613064130654,0.053445522052026295,0.9,0,0.8437479882679509
489,1774257651.6368902,1774257651.6868901,0.05,5,-0.2928141860294152,-0.2928141860294152,-0.3979798365911792,5.677755596807377,3.2459762538929846,3.790190537730974,-2.623556562574085,0.11745109324901531,0.07646773001658318,0.08792769658345524,0.11745109324901531,0.9,0,2.6100242944225625
490,1774257651.6868901,1774257651.73689,0.05,5,-0.3744119267655784,-0.3744119267655784,-0.40132598785911383,3.2401237584060074,1.9773338029672232,2.225355488050445,-0.7269563346868856,0.04978959989927312,0.02730189158452634,0.03162061733267363,0.04978959989927312,0.9,0,1.1064355533171804
491,1774257651.73689,1774257651.78689,0.05,5,-0.3494128622018843,-0.3494128622018843,-0.3214221390080429,2.693083246455813,1.2148611655371044,1.5098437317121374,0.7915908409322753,0.027990723193841383,0.01933470472157761,0.021969777406439475,0.027990723193841383,0.9,0,0.6220160709742528
492,1774257651.78689,1774257651.83689,0.05,5,-0.325135939698729,-0.325135939698729,-0.2730347004138358,8.855599409419638,3.442187817253023,4.672028779772355,1.8885461170277618,0.08315477037250141,0.054849254645617095,0.06216722791143187,0.08315477037250141,0.9,0,1.8478837860555866
493,1774257651.8368902,1774257651.8868902,0.05,5,-0.30569235089058644,-0.30569235089058644,-0.2691778839590375,8.463331049831613,3.3616968543190766,4.56368052911534,0.8699686705967297,0.07888737330267859,0.03889085838147353,0.0500959118127839,0.08786173436708877,0.9,0,1.753052740059524
494,1774257651.8868902,1774257651.9368901,0.05,4,-0.25772979660854617,-0.25772979660854617,-0.2080840267251595,2.8953296002027797,1.8837651849954298,2.128146564784403,1.5241598024561034,0.049645769883386676,0.023876349051836485,0.02969353304604951,0.049645769883386676,0.9,0,1.103239330741926
495,1774257651.9368901,1774257651.98689,0.05,6,-0.19995875786875467,-0.19995875786875467,-0.04072164642717162,9.371888705709186,3.461330104221429,4.7899644008941715,3.461330104221429,0.15923711144158303,0.10773030957882435,0.12085985012815412,0.15923711144158303,0.9,0,3.5386024764796224
496,1774257651.98689,1774257652.03689,0.05,5,-0.01987017210624659,-0.01987017210624659,-0.008065610283843283,3.229443505174817,1.4973501367985003,1.8739956061248983,0.3115690717218751,0.03498729992517349,0.02129844990104763,0.025095478723935197,0.03498729992517349,0.9,0,0.7774955538927442
497,1774257652.03689,1774257652.08689,0.05,5,-0.008681896025514101,-0.008681896025514101,-0.09013601412828419,3.457421220599971,2.051322069214949,2.2277592660109655,-2.051322069214949,0.08145411810277009,0.04009631796846162,0.050515691714366456,0.08145411810277009,0.9,0,1.8100915133948907
498,1774257652.0868902,1774257652.1368902,0.05,5,-0.14751256981016594,-0.14751256981016594,-0.30248122337739586,5.951976602112012,3.9065446142972253,4.172740909476363,-3.9065446142972253,0.1549686535672299,0.08874839982294873,0.10468877085653988,0.1549686535672299,0.9,0,3.443747857049553
499,1774257652.1368902,1774257652.1868901,0.05,5,-0.3286181890041176,-0.3286181890041176,-0.4524978397030485,6.050435527525645,3.0943043645479613,3.5421544934430376,-3.0943043645479613,0.12387965069893092,0.05824132922256582,0.075627538200592,0.12387965069893092,0.9,0,2.752881126642909
500,1774257652.1868901,1774257652.23689,0.05,4,-0.4782166085116232,-0.4782166085116232,-0.4555580955536517,12.838292751776109,6.050873186144519,7.764683612364012,3.624850590966988,0.07039987757845945,0.03921595703238334,0.04883821464533672,0.09305839053643095,0.9,0,1.5644417239657653
501,1774257652.23689,1774257652.28689,0.05,6,-0.5219274712100207,-0.5219274712100207,-0.38615761266622395,10.443722827978311,4.022647296629433,5.159528651745992,3.1066951070103204,0.13576985854379675,0.05284406758625912,0.0766623109438862,0.14466993624153324,0.9,0,3.0171079676399275
502,1774257652.28689,1774257652.33689,0.05,4,-0.37764972541867875,-0.37764972541867875,-0.31532774193998625,5.3720477328658705,2.3332485759898813,3.2015687784784,2.1455004351712006,0.0623219834786925,0.01848667273736962,0.03148817205925404,0.06544887804257937,0.9,0,1.3849329661931664
503,1774257652.3368902,1774257652.3868902,0.05,6,-0.24354501025709765,-0.24354501025709765,-0.23300182366232505,1.2831652871175738,0.6765961128935013,0.7685032920636156,0.17195081504304469,0.015637508508033332,0.007297180662727952,0.009013071390926162,0.022638384949846657,0.9,0,0.3475001890674073
504,1774257652.3868902,1774257652.4368901,0.05,5,-0.15628362557427833,-0.15628362557427833,-0.07814347949989031,4.5278128148748475,2.216317478249202,2.613883546705775,2.216317478249202,0.07814014607438802,0.04395902568522904,0.051155926364080284,0.07814014607438802,0.9,0,1.7364476905419557
505,1774257652.4368901,1774257652.48689,0.05,4,-0.09457275816749205,-0.09457275816749205,0.009772895288311961,5.514602135060595,3.517268442518341,3.8153024778347997,3.517268442518341,0.10434565345580402,0.046117551005955014,0.059789951485896276,0.10434565345580402,0.9,0,2.3187922990178667
506,1774257652.48689,1774257652.53689,0.05,5,-0.006400023764707715,-0.006400023764707715,0.03988447713761219,3.509806860465488,2.742226224428763,2.796028017069766,1.2478225811156394,0.046284500902319906,0.01922672766768359,0.02591343881158204,0.07888750244560593,0.9,0,1.0285444644959978
507,1774257652.53689,1774257652.58689,0.05,5,0.05842089660467986,0.05842089660467986,-0.04492552682037222,5.514230102143375,3.432273562814796,3.8598053462713033,-2.3332754068925894,0.11835082711174938,0.06687686280650793,0.07891350901968776,0.11835082711174938,0.9,0,2.630018380261097
508,1774257652.5868902,1774257652.6368902,0.05,5,-0.091859275664944,-0.091859275664944,-0.19626515252549434,4.294344321336496,3.388944395311629,3.5544717777992547,-2.579679354950149,0.10440587686055033,0.03999604675273383,0.055232402160587994,0.11995676294869621,0.9,0,2.320130596901118
509,1774257652.6368902,1774257652.6868901,0.05,6,-0.2709702171505402,-0.2709702171505402,-0.32050956727195734,4.31229370065716,1.3399314875958281,2.012194257004352,-0.9442192510540652,0.049539350121417136,0.011362399779667706,0.020748057976657255,0.0547806876132389,0.9,0,1.1008744471426029
510,1774257652.6868901,1774257652.73689,0.05,4,-0.3420591235687622,-0.3420591235687622,-0.3539462216584917,5.610197533438879,3.463257253047688,4.242540383856821,-0.299435010688003,0.04076387940469023,0.013263351919162475,0.02123180936217253,0.052650977494419715,0.9,0,0.9058639867708939
511,1774257652.73689,1774257652.78689,0.05,6,-0.3386361604450465,-0.3386361604450465,-0.294393963392261,4.449006094326506,2.752511329044086,3.1962427957178043,0.9616892747820778,0.04424219705278554,0.018207130576483477,0.023582075573300748,0.0755193550676736,0.9,0,0.9831599345063452
512,1774257652.78689,1774257652.83689,0.05,4,-0.25924674612905496,-0.25924674612905496,-0.21575051963580813,2.206316816614823,1.4741562301690647,1.6293790465100357,1.4741562301690647,0.04349622649324683,0.017456509044998715,0.02435507883600318,0.04349622649324683,0.9,0,0.9665828109610406
513,1774257652.8368902,1774257652.8868902,0.05,6,-0.2405733996093711,-0.2405733996093711,-0.08600476142993783,4.760559761405585,3.1443521822290577,3.545283877433837,3.1443521822290577,0.15456863817943328,0.07344220269792148,0.09463030710231533,0.15456863817943328,0.9,0,3.434858626209628
514,1774257652.8868902,1774257652.9368901,0.05,4,-0.11284362561376332,-0.11284362561376332,-0.013535282636862211,5.436763699338101,3.5661826269738577,3.968050976969826,3.5661826269738577,0.09930834297690111,0.04324260329085402,0.058223946926732155,0.09930834297690111,0.9,0,2.206852066153358
515,1774257652.9368901,1774257652.98689,0.05,5,0.03808864887359353,0.03808864887359353,0.002735929174063838,2.918602897701611,1.1365810884851681,1.5831783238301778,-1.0428233339126978,0.03535271969952969,0.02508792747589097,0.02841769374317612,0.03535271969952969,0.9,0,0.7856159933228819
516,1774257652.98689,1774257653.03689,0.05,5,0.0019567277480114697,0.0019567277480114697,-0.04225381993785599,3.996334867837239,2.1773283001341066,2.4406483030409296,-1.2638543043289294,0.04421054768586746,0.015168228677052859,0.022176904494958075,0.04421054768586746,0.9,0,0.9824566152414991
517,1774257653.03689,1774257653.08689,0.05,6,-0.11687415501337123,-0.11687415501337123,-0.22009503692960183,7.389121184214134,3.8933941050751137,4.620021185484835,-2.0005087625387863,0.1032208819162306,0.04706475782021558,0.05757313023591218,0.1032208819162306,0.9,0,2.2937973759162356
518,1774257653.0868902,1774257653.1368902,0.05,4,-0.25666616930975217,-0.25666616930975217,-0.32297155118769744,2.6434210976606316,2.078672481379525,2.135958909788665,-2.078672481379525,0.06630538187794527,0.03671889033504884,0.04383158154739142,0.06630538187794527,0.9,0,1.4734529306210058
519,1774257653.1368902,1774257653.1868901,0.05,5,-0.32665700592129165,-0.32665700592129165,-0.3974938963527792,3.754615506944796,1.6968404299588677,2.372388396554871,-1.6792165466561604,0.07083689043148755,0.035701276684323456,0.047570687556666234,0.07110675916990034,0.9,0,1.5741531206997232
520,1774257653.1868901,1774257653.23689,0.05,5,-0.36951580248003085,-0.36951580248003085,-0.3165392170973533,6.704802329158461,3.571150221193078,4.051630863564648,1.4251733299888074,0.0972520324752647,0.053006102834333976,0.0632422654995616,0.0972520324752647,0.9,0,2.161156277228104
521,1774257653.23689,1774257653.28689,0.05,5,-0.27033147518594297,-0.27033147518594297,-0.10397186027225376,5.401366501619772,4.15171986467104,4.288167103742195,4.15171986467104,0.16635961491368922,0.07775966815214783,0.09803237787421876,0.16635961491368922,0.9,0,3.696880331415316
522,1774257653.28689,1774257653.33689,0.05,5,-0.13984372360898217,-0.13984372360898217,-0.0164960508118367,4.361779749357572,3.1114322464292212,3.2160884859465635,3.1114322464292212,0.12334767279714548,0.058652987027193425,0.07215064698352817,0.12334767279714548,0.9,0,2.7410593954921216
523,1774257653.3368902,1774257653.3868902,0.05,5,0.024951356171008902,0.024951356171008902,0.05782859046147304,3.8862571884877743,1.5814496647097949,2.0679653958410755,0.8228014536934923,0.03287723429046414,0.01927943303513411,0.02331840686335443,0.040758139757133244,0.9,0,0.7306052064547586
524,1774257653.3868902,1774257653.4368901,0.05,5,0.06736957154291351,0.06736957154291351,0.019746676951703387,4.315214177225274,2.9879689594250753,3.140518604056533,-0.8921810492416422,0.062248188252726315,0.028832840975141993,0.03690500583467834,0.08568407113002194,0.9,0,1.3832930722828067
525,1774257653.4368901,1774257653.48689,0.05,5,-0.010161495167669204,-0.010161495167669204,-0.019078599780889494,4.121124671903357,2.3518368021369356,2.566264722907014,-0.29127446618525704,0.03688374339639151,0.014954976266424846,0.019982626622808777,0.04309869113167974,0.9,0,0.8196387421420336
526,1774257653.48689,1774257653.53689,0.05,5,-0.061599192716569454,-0.061599192716569454,-0.05301721319711877,1.7465584231082434,0.7881178159764821,1.015127636314858,0.2203713672085843,0.01996511033880454,0.008233240694100762,0.010771342209490607,0.01996511033880454,0.9,0,0.4436691186401009
527,1774257653.53689,1774257653.58689,0.05,5,-0.07565019091511876,-0.07565019091511876,-0.1461240959690785,6.13881677110879,2.052863099342566,3.146864660537504,-1.7609654238153585,0.07047390505395973,0.04912724215977703,0.05516217802610713,0.07047390505395973,0.9,0,1.5660867789768826
528,1774257653.5868902,1774257653.6368902,0.05,5,-0.14689109932617425,-0.14689109932617425,-0.27036339868479065,6.359168880722075,3.7274431411704954,4.22028621778909,-3.7274431411704954,0.1234722993586164,0.06085060302644294,0.07812865357168991,0.1234722993586164,0.9,0,2.7438288746359194
529,1774257653.6368902,1774257653.6868901,0.05,5,-0.2758204879969733,-0.2758204879969733,-0.24745374417516613,2.0080159916551894,1.3802029036549048,1.4410713371133423,0.729783087382676,0.02836674382180715,0.011111583982799123,0.014741293783677044,0.04212908862431258,0.9,0,0.6303720849290477
530,1774257653.6868901,1774257653.73689,0.05,5,-0.28692632913878713,-0.28692632913878713,-0.25803015794160356,3.0618970888988892,1.4738446133313508,1.8298142214933464,0.9119866033729189,0.028896171197183573,0.012748520601232582,0.015749521023965946,0.04091023756822443,0.9,0,0.6421371377151904
531,1774257653.73689,1774257653.78689,0.05,5,-0.2094089846816872,-0.2094089846816872,-0.2824524331908492,3.90295261127409,1.8352675406610819,2.2919127849643366,-1.8352675406610819,0.07304344850916197,0.048093266550502986,0.05509805760309707,0.07304344850916197,0.9,0,1.6231877446480436
532,1774257653.78689,1774257653.83689,0.05,5,-0.2663564525738306,-0.2663564525738306,-0.2552077890591819,4.61630215101755,3.494950319146608,3.565888378385182,0.2771954902826058,0.07577673565424242,0.03356267662807362,0.042884103708224576,0.07577673565424242,0.9,0,1.6839274589831648
533,1774257653.8368902,1774257653.8868902,0.05,5,-0.29328818729258777,-0.29328818729258777,-0.25724462602503545,3.904075253934427,2.061569382239487,2.35394483470661,0.6148182194973322,0.036043561267552315,0.017046004494023725,0.021059870257375865,0.06100388464950207,0.9,0,0.8009680281678291
534,1774257653.8868902,1774257653.9368901,0.05,5,-0.3199356560158504,-0.3199356560158504,-0.34906777583385246,5.6825260883005235,2.032821597860435,2.9373622150617504,-1.1968910692739554,0.04057414324102976,0.028425332659613833,0.0320412731816,0.04057414324102976,0.9,0,0.901647627578439
535,1774257653.9368901,1774257653.98689,0.05,5,-0.3258336913169716,-0.3258336913169716,-0.3143669917179769,4.60187743668214,2.5671204752781813,3.120162378599545,0.26618175693711144,0.0398354058794998,0.017073554793417677,0.0226708665353687,0.05130210547849451,0.9,0,0.885231241766662
536,1774257653.98689,1774257654.03689,0.05,5,-0.26766068472364485,-0.26766068472364485,-0.16888809401839183,7.399769555718778,3.57120690695249,4.761141166721004,3.1060371399063684,0.09877259070525302,0.04792382828031045,0.0573158553509086,0.09877259070525302,0.9,0,2.1949464601167334
537,1774257654.03689,1774257654.08689,0.05,5,-0.09718388821226118,-0.09718388821226118,0.0219469273999683,3.960834041635952,2.953154390807064,3.1293606220767005,2.953154390807064,0.11913081561222948,0.06849993606746893,0.08106801297245803,0.11913081561222948,0.9,0,2.6473514580495436
538,1774257654.0868902,1774257654.1368902,0.05,5,0.03447268676241068,0.03447268676241068,0.0057149467085732975,3.8981994161749376,1.761986124819671,2.2459647135220617,-0.6800383336320155,0.028757740053837383,0.01796758931785022,0.02036102643238484,0.05033770059456301,0.9,0,0.6390608900852751
539,1774257654.1368902,1774257654.1868901,0.05,5,-0.002635341854147575,-0.002635341854147575,-0.09207592042412767,3.2200181409460287,2.241548797107706,2.458274919811276,-2.241548797107706,0.0894405785699801,0.04273021995643372,0.0550756409668074,0.0894405785699801,0.9,0,1.987568412666224
540,1774257654.1868901,1774257654.23689,0.05,5,-0.06690773543585123,-0.06690773543585123,-0.1294976523201521,8.324305610688087,3.7818483824869658,4.826886368852283,-1.473942820191842,0.06258991688430086,0.03882782052115084,0.04407788954267054,0.10704992012523094,0.9,0,1.3908870418733523
541,1774257654.23689,1774257654.28689,0.05,5,-0.12006351522218371,-0.12006351522218371,-0.13803374523981007,4.28397985155205,1.7305678211570819,2.330343139048558,-0.44175336402532706,0.025272972896375742,0.011596325985092294,0.015240613278365884,0.043243202914002105,0.9,0,0.5616216199194609
542,1774257654.28689,1774257654.33689,0.05,5,-0.14597316630391471,-0.14597316630391471,-0.15944160261203685,2.645249035144857,1.2318998904553924,1.5671626086642072,-0.44045442440026306,0.03284480223852132,0.02067693609824523,0.024097998602548593,0.03284480223852132,0.9,0,0.7298844941893626
543,1774257654.3368902,1774257654.3868902,0.05,5,-0.1612525649019848,-0.1612525649019848,-0.3213958461105242,6.938432711408707,4.082274233460073,4.67102905443311,-4.082274233460073,0.16014328120853938,0.08486739027274234,0.1023301734021886,0.16014328120853938,0.9,0,3.558739582411986
544,1774257654.3868902,1774257654.4368901,0.05,5,-0.31153782762150484,-0.31153782762150484,-0.35376976311377384,6.263114942215493,4.663805299099566,4.894284407493735,-1.0292212436964565,0.07285718104768843,0.03397097377456164,0.043858338016695954,0.11508911653995743,0.9,0,1.6190484677264094
545,1774257654.4368901,1774257654.48689,0.05,5,-0.3455346782706907,-0.3455346782706907,-0.3271397790397013,3.182630914652018,1.9478151816315468,2.112114321962915,0.6667494703602004,0.02789015911040521,0.013648772270740194,0.01721712349075483,0.04676952576492771,0.9,0,0.6197813135645601
546,1774257654.48689,1774257654.53689,0.05,5,-0.36178450541893514,-0.36178450541893514,-0.2247568208590245,6.195214115941293,3.837199228169138,4.367687522023872,3.461271062358864,0.13702768455991066,0.049036376293435366,0.07095373908431439,0.1446955613855772,0.9,0,3.0450596568869033
547,1774257654.53689,1774257654.58689,0.05,5,-0.22519134807257926,-0.22519134807257926,-0.17201869318137125,4.711182444314279,2.8509894513510843,3.233037140854791,1.3208601191527545,0.05317265489120801,0.02307418039682802,0.02988530230792794,0.0837525940520778,0.9,0,1.1816145531379556
548,1774257654.5868902,1774257654.6368902,0.05,5,-0.07256497796410429,-0.07256497796410429,-0.08455149239702306,6.573934294387092,2.6538588585920824,3.5994968957792253,-0.7917776279294018,0.048587963967807485,0.028869855791637623,0.03475163777355048,0.048587963967807485,0.9,0,1.0797325326179439
549,1774257654.6368902,1774257654.6868901,0.05,5,-0.04519448832502476,-0.04519448832502476,0.003912763243000175,4.724019473847993,2.6328114143645625,3.025133047075332,1.1511734345559193,0.0551897495321486,0.035953618723105596,0.04147440545824471,0.0551897495321486,0.9,0,1.226438878492191
550,1774257654.6868901,1774257654.73689,0.05,5,-0.013072766907588535,-0.013072766907588535,-0.011662823071465801,6.095782905969918,3.6229225935323295,4.291390977574602,0.035876216083495116,0.06174713520905305,0.01583301899514527,0.028138702517857984,0.07258909681912736,0.9,0,1.3721585602011788
551,1774257654.73689,1774257654.78689,0.05,5,-0.050340577801951995,-0.050340577801951995,-0.09571290376222476,3.9735190619194745,1.9858931476716344,2.3033812766312867,-1.154894293187791,0.06162456614918365,0.03901396177759108,0.044269630042441714,0.06162456614918365,0.9,0,1.369434803315192
552,1774257654.78689,1774257654.83689,0.05,5,-0.07494895151161682,-0.07494895151161682,-0.22215209874373995,5.573584352684659,3.823518515000263,4.094014047732359,-3.823518515000263,0.14720314723212313,0.06906071773593246,0.08829584572777613,0.14720314723212313,0.9,0,3.271181049602736
553,1774257654.8368902,1774257654.8868902,0.05,5,-0.19026763124182067,-0.19026763124182067,-0.29688648973566434,6.636052531357898,3.7803792364097157,4.4030794654603325,-2.5166395364415175,0.10661885849384367,0.03906050307992225,0.05324528022004948,0.12615629238150128,0.9,0,2.369307966529859
554,1774257654.8868902,1774257654.9368901,0.05,5,-0.323013934092479,-0.323013934092479,-0.38132460547140473,4.0523119115473865,2.2796367252622445,2.621868856968849,-1.4269207718376233,0.058310671378925705,0.029742413358465593,0.037458273437564804,0.058310671378925705,0.9,0,1.29579269730946
555,1774257654.9368901,1774257654.98689,0.05,5,-0.36685590231313375,-0.36685590231313375,-0.42215454139203484,3.2196865145490947,2.1477888634311038,2.2385911307745876,-1.3305226006662791,0.05529863907890109,0.02629975304771758,0.032384645248337535,0.07169227190843747,0.9,0,1.228858646197802
556,1774257654.98689,1774257655.03689,0.05,5,-0.39592956445597705,-0.39592956445597705,-0.40216663759694365,3.5836721292244063,2.136106096298847,2.3440905233427474,-0.19440370727195622,0.03459447613629113,0.016407880387576734,0.020426360285690306,0.04083154927725774,0.9,0,0.7687661363620251
557,1774257655.03689,1774257655.08689,0.05,5,-0.3687330812345112,-0.3687330812345112,-0.2433894141344098,5.194407209611113,3.190175896758011,3.711008705862487,3.190175896758011,0.12534366710010142,0.05037345554873198,0.06911156245888211,0.12534366710010142,0.9,0,2.785414824446698
558,1774257655.0868902,1774257655.1368902,0.05,5,-0.2953735521638125,-0.2953735521638125,-0.19133900641189844,5.10269470653304,2.5990405194959565,3.1683192315629083,2.5990405194959565,0.10403454575191406,0.047386528272609946,0.06371277690046179,0.10403454575191406,0.9,0,2.311878794486979
559,1774257655.1368902,1774257655.1868901,0.05,5,-0.16747844875100854,-0.16747844875100854,-0.1651765992596334,1.9809168495894218,1.58009206007186,1.6287720639765082,0.052818219469911554,0.017722233587740582,0.006614257551546232,0.009389216322359268,0.020024083079115712,0.9,0,0.3938274130609018
560,1774257655.1868901,1774257655.23689,0.05,5,-0.14526469920716628,-0.14526469920716628,-0.17804209768437504,6.933149128279794,2.4044764034355572,3.6215900093580267,-1.06209816070434,0.034192184702786815,0.022464789435156368,0.02565041737569358,0.05984821256124931,0.9,0,0.7598263267285958
561,1774257655.23689,1774257655.28689,0.05,5,-0.18092496389720736,-0.18092496389720736,-0.17654123700024887,3.3784433329487595,2.1347131190061712,2.374981274538208,0.1345566180929697,0.045906266412800156,0.023603726427446327,0.02994392044283496,0.045906266412800156,0.9,0,1.0201392536177811
562,1774257655.28689,1774257655.33689,0.05,5,-0.24782564137000168,-0.24782564137000168,-0.21311606165190655,8.699780306315006,4.638440557396977,5.198020272057221,1.32327718757793,0.07824837551865826,0.03158187374673068,0.041769388135416176,0.11460808282233054,0.9,0,1.7388527893035168
563,1774257655.3368902,1774257655.3868902,0.05,5,-0.23669204281828238,-0.23669204281828238,-0.26231618799126977,3.70521538980028,2.3694311542807336,2.707850419377732,-0.41705154779660414,0.06448446272812647,0.03600638464639816,0.043613866233601785,0.06448446272812647,0.9,0,1.4329880606250325
564,1774257655.3868902,1774257655.4368901,0.05,5,-0.2485393330624446,-0.2485393330624446,-0.33555660388021824,3.9605557282279693,2.2675600045724362,2.76687813623454,-2.2140192385903554,0.08701727081777363,0.030540194455389535,0.04558264617753227,0.08796393162376936,0.9,0,1.9337171292838584
565,1774257655.4368901,1774257655.48689,0.05,5,-0.3414622464770998,-0.3414622464770998,-0.28290143621078234,5.858340366014883,1.5495964419649433,2.930976697761365,1.3795737410424984,0.061879647549523686,0.04834092097550145,0.05405812349446816,0.061879647549523686,0.9,0,1.375103278878304
566,1774257655.48689,1774257655.53689,0.05,5,-0.31551678308650344,-0.31551678308650344,-0.22895100235232266,5.981786485469238,2.7264375546202464,3.5737835316982847,2.1787376012669584,0.09358879025934297,0.04321593400231902,0.058792261892611566,0.09767964437465576,0.9,0,2.0797508946520655
567,1774257655.53689,1774257655.58689,0.05,5,-0.17781618048979625,-0.17781618048979625,-0.10539735235146325,4.7295582830631915,1.9567028325865568,2.637200345646524,1.8421250928945965,0.072418828138333,0.029959025450990533,0.03810727936061584,0.072418828138333,0.9,0,1.6093072919629554
568,1774257655.5868902,1774257655.6368902,0.05,5,-0.052311577626266106,-0.052311577626266106,-0.04734617732568751,0.6840193911487009,0.322805277586523,0.4039620787372961,0.11722141365437411,0.0049654003005785985,0.0032243486713774013,0.00365201235411063,0.009123402920205748,0.9,1,0.11034222890174662
569,1774257655.6368902,1774257655.6868901,0.05,5,-0.03854048776855329,-0.03854048776855329,-0.07583283139157415,5.4913035011055955,2.3349955725306755,3.016144015619777,-0.9120232120106848,0.03729234362302086,0.02128764255941481,0.024648491196746964,0.06592718369021058,0.9,0,0.8287187471782413
570,1774257655.6868901,1774257655.73689,0.05,5,-0.08037123792065942,-0.08037123792065942,-0.05542704982501193,3.2438704724992564,1.6007596981467462,2.009657803742859,0.4659729269634591,0.04747421641726105,0.027832573768689993,0.03231762745174578,0.04747421641726105,0.9,0,1.0549825870502454
571,1774257655.73689,1774257655.78689,0.05,5,-0.12265138512124835,-0.12265138512124835,-0.20922924429149034,4.87130729731243,2.1307777883558807,2.6772380287433895,-2.1307777883558807,0.086577859170242,0.05640990126902058,0.06427093794353897,0.086577859170242,0.9,0,1.9239524260053775
572,1774257655.78689,1774257655.83689,0.05,5,-0.2039707770178193,-0.2039707770178193,-0.3026810245607179,11.252119404660911,4.052755791737704,5.830198546492787,-2.6537153263504583,0.106577402795068,0.04583232420913651,0.0655489670382704,0.12543885216148215,0.9,0,2.3683867287792886
573,1774257655.8368902,1774257655.8868902,0.05,5,-0.2991590111842671,-0.2991590111842671,-0.3222639150698308,1.9385653957421414,0.882784483034272,1.0739485579321233,-0.5780953377999508,0.024012845010840445,0.016871568193150156,0.018998021240331467,0.024012845010840445,0.9,0,0.5336187780186765
574,1774257655.8868902,1774257655.9368901,0.05,5,-0.3670813616560431,-0.3670813616560431,-0.34404071136941644,4.727845462989974,1.8056145344034726,2.5631251450313917,0.7201627801570158,0.02572953083052676,0.019019478308245973,0.021294461225651446,0.04877018111715342,0.9,0,0.5717673517894835
575,1774257655.9368901,1774257655.98689,0.05,5,-0.32381810990764676,-0.32381810990764676,-0.35071263794796775,3.416909058888342,2.364791211563663,2.696157224343051,-0.7047994015502328,0.06032819221916641,0.03444840978162681,0.041230221172386186,0.06032819221916641,0.9,0,1.3406264937592534
576,1774257655.98689,1774257656.03689,0.05,5,-0.28929284241240527,-0.28929284241240527,-0.3088224247649581,1.9023717269549336,1.1323791222574993,1.2495300824859792,-0.5075524807647562,0.03243219624820021,0.01403593903685083,0.018118992237015557,0.03243219624820021,0.9,0,0.7207154721822268
577,1774257656.03689,1774257656.08689,0.05,5,-0.2300841368225551,-0.2300841368225551,-0.17811053927337195,6.469147560177771,3.129977792624749,3.8388152819694565,1.2977587684782366,0.08683478238532957,0.05367378856595759,0.06107420355592975,0.08683478238532957,0.9,0,1.9296618307851015
578,1774257656.0868902,1774257656.1368902,0.05,5,-0.19307182080673987,-0.19307182080673987,-0.08576876148687988,8.502746937874692,3.764626967984843,4.930752000476497,2.906065415498278,0.10730305931985999,0.050280271256277057,0.06834520534826301,0.1274100387323323,0.9,0,2.3845124293302216
579,1774257656.1368902,1774257656.1868901,0.05,5,-0.11991530255705322,-0.11991530255705322,-0.057358414750919906,5.904088792493008,2.2585389909629128,3.1269985129194113,1.5558619038880375,0.06255688780613332,0.018164374900269564,0.02912475352004191,0.07664774273842773,0.9,0,1.390153062358518
580,1774257656.1868901,1774257656.23689,0.05,5,-0.02840110355727474,-0.02840110355727474,-0.07016610618060672,4.858835473843176,1.7577882330354848,2.543052453262624,-1.0573329313523279,0.049216181065136755,0.032652331669315526,0.036839403210609835,0.049216181065136755,0.9,0,1.0936929125585944
581,1774257656.23689,1774257656.28689,0.05,5,-0.07086789194016323,-0.07086789194016323,-0.07007139341136949,2.6219229011403358,1.223233876322106,1.5187122746796695,0.08772757424806182,0.02502585921865754,0.01036614150384372,0.01482355955627493,0.02502585921865754,0.9,0,0.5561302048590564
582,1774257656.28689,1774257656.33689,0.05,5,-0.1119953832090979,-0.1119953832090979,-0.10361788951571818,3.8859022883727103,3.0173328367897314,3.2087702125324657,0.4744742204515157,0.04284466536660099,0.016479113855404397,0.022358922703433474,0.06577536867269639,0.9,0,0.9521036748133552
583,1774257656.3368902,1774257656.3868902,0.05,5,-0.14372066219936552,-0.14372066219936552,-0.2260512645170378,6.746746890957292,3.2369477637117283,3.9641564719935976,-2.056526258250734,0.10172152541860141,0.05928978355675831,0.06984111898356457,0.10172152541860141,0.9,0,2.2604783426355866
584,1774257656.3868902,1774257656.4368901,0.05,5,-0.2315682205834069,-0.2315682205834069,-0.3050415032453502,5.452785340653822,2.444603301439125,3.1557174414617317,-1.7745339527109742,0.07347328266194328,0.03466160475637718,0.04326083707688136,0.08615511140891491,0.9,0,1.6327396147098505
585,1774257656.4368901,1774257656.48689,0.05,5,-0.28697143838612815,-0.28697143838612815,-0.2544862554254899,1.8426385445209714,1.0852725485756258,1.2066260684052168,0.783345225402545,0.03248518296063824,0.01145750038629385,0.016974796877618298,0.037805744443632494,0.9,0,0.7218929546808496
586,1774257656.48689,1774257656.53689,0.05,5,-0.2928701777474085,-0.2928701777474085,-0.2878732358465773,0.8306582958594898,0.5286926051070072,0.607212649151785,0.03658430354673531,0.01127039342888947,0.006524730387776167,0.007574025763139096,0.01127039342888947,0.9,1,0.25045318730865485
587,1774257656.53689,1774257656.58689,0.05,5,-0.2536676579524562,-0.2536676579524562,-0.27125742512447426,6.535816824818378,2.7436274106710146,3.584100896104455,-0.5242810017381743,0.04907740374682423,0.020710669134998222,0.02625438674734261,0.06261245151472741,0.9,0,1.0906089721516494
588,1774257656.5868902,1774257656.6368902,0.05,5,-0.25570950104709483,-0.25570950104709483,-0.2742651552474293,6.851394528313094,2.571503303756965,3.6209594425158245,-0.8541939603995822,0.03567996411471133,0.018375675224941455,0.02157936341339546,0.055615765930527666,0.9,0,0.7928880914380295
589,1774257656.6368902,1774257656.6868901,0.05,5,-0.27344784284051543,-0.27344784284051543,-0.19236795580417826,6.043243639373051,4.185827868510203,4.496481415302445,1.9813823068182936,0.12627668050484447,0.05714850529452471,0.07309258029804172,0.12627668050484447,0.9,0,2.80614845566321
590,1774257656.6868901,1774257656.73689,0.05,5,-0.2075457246997201,-0.2075457246997201,-0.11319401604930658,5.1001875103414305,3.071886627010893,3.338925658994029,2.347572783373093,0.09435170865041352,0.03321882332634198,0.0473300935097573,0.10852678454886179,0.9,0,2.096704636675856
591,1774257656.73689,1774257656.78689,0.05,5,-0.12668549952568298,-0.12668549952568298,-0.07223773663792611,5.797768831256479,2.297627083450358,3.100544773084565,1.336208245997462,0.054447762887756865,0.018242206066000723,0.026517981822412863,0.07342581293564922,0.9,0,1.2099502863945968
592,1774257656.78689,1774257656.83689,0.05,5,-0.027016571449864815,-0.027016571449864815,-0.13578684627375437,5.109413723762736,3.084639043548905,3.459843941442308,-2.731811981823628,0.10877027482388955,0.04480040298485605,0.058066479977595536,0.10877027482388955,0.9,0,2.4171172183086567
593,1774257656.8368902,1774257656.8868902,0.05,5,-0.13464953113428219,-0.13464953113428219,-0.1906888881514209,5.2583969353283315,3.4646752704211936,3.939873086543686,-1.3944876204617802,0.05603935701713872,0.020072377689987674,0.031083107035951005,0.09702649643953863,0.9,0,1.2453190448253046
594,1774257656.8868902,1774257656.9368901,0.05,5,-0.2723779192484489,-0.2723779192484489,-0.24304463559448314,6.599569029299918,4.436914486419522,4.6400580705812215,0.34154621754524794,0.06845881789913541,0.028345831707738682,0.037298805747501836,0.10532232515325898,0.9,0,1.5213070644252311
595,1774257656.9368901,1774257656.98689,0.05,5,-0.24815608072332862,-0.24815608072332862,-0.3170237079507315,10.453130957015418,3.89688643602817,5.503559845424924,-2.8405863787715533,0.09371381173115445,0.04609526512852987,0.05930259639944469,0.09371381173115445,0.9,0,2.0825291495812097
596,1774257656.98689,1774257657.03689,0.05,5,-0.24120627351277024,-0.24120627351277024,-0.34774097240759666,4.968305964262707,2.552559821474143,2.996908148494446,-2.552559821474143,0.10653469889482642,0.061029836296631036,0.07044181648057737,0.10653469889482642,0.9,0,2.3674377532183644
597,1774257657.03689,1774257657.08689,0.05,5,-0.33468633414309673,-0.33468633414309673,-0.252670002376671,6.174693706885182,2.4687494002122006,3.4469662659145883,2.118615706623894,0.08883855557049597,0.06219496248577029,0.07030543980276312,0.08883855557049597,0.9,0,1.974190123788799
598,1774257657.0868902,1774257657.1368902,0.05,5,-0.28075933311451723,-0.28075933311451723,-0.14894810697149355,13.650764119884752,4.462981338267288,6.947338603861632,3.3244797531176324,0.13864072969296481,0.05795035600072316,0.08586015870655245,0.15454129742223421,0.9,0,3.0809051042881066
599,1774257657.1368902,1774257657.1868901,0.05,5,-0.1520835082226804,-0.1520835082226804,-0.042288123874306034,4.180689335728783,2.513383882934156,2.802091491674085,2.513383882934156,0.10979538434837438,0.05824712806883185,0.06865249908490355,0.10979538434837438,0.9,0,2.439897429963875
600,1774257657.1868901,1774257657.23689,0.05,5,-0.0240049048240449,-0.0240049048240449,-0.03580914048518677,1.2092276021004902,0.9696278092947047,1.003800872931357,-0.4328133392476182,0.01180423566114187,0.00523836221281113,0.00683512757262986,0.019830946866976968,0.9,0,0.26231634802537485
601,1774257657.23689,1774257657.28689,0.05,5,-0.04208022404489956,-0.04208022404489956,-0.03752591400456151,4.5845217860548875,2.4812598036923705,3.0189748819719737,0.13158248709932388,0.05186138623905479,0.015656794081911347,0.024511553783670117,0.05186138623905479,0.9,0,1.152475249756773
602,1774257657.28689,1774257657.33689,0.05,5,-0.09151149106201535,-0.09151149106201535,-0.12584923563880368,5.78360789450671,4.504536855685949,4.771281936567213,-0.6818984601851432,0.03433774457678833,0.021373122657119138,0.024600010474093645,0.05843156502996871,0.9,0,0.7630609905952961
603,1774257657.3368902,1774257657.3868902,0.05,5,-0.16015885575285566,-0.16015885575285566,-0.3237170523273322,17.75434336119261,7.54645087377846,9.615720536892923,-5.615733400509673,0.20517562982638943,0.12417665233841028,0.14513878668895863,0.20517562982638943,0.9,0,4.559458440586432
604,1774257657.3868902,1774257657.4368901,0.05,5,-0.3261578766611447,-0.3261578766611447,-0.4363483529363802,5.939785829430492,3.222468557055787,3.8248141235116915,-2.939430216385061,0.11019047627523548,0.06391090945760618,0.07392803686245043,0.11019047627523548,0.9,0,2.448677250560788
605,1774257657.4368901,1774257657.48689,0.05,5,-0.3947006063633375,-0.3947006063633375,-0.34962297618111726,12.216657010661722,5.4309959949609246,6.764705174295325,2.182870300790483,0.09086390307059361,0.04075244291263317,0.05072242788451936,0.09086390307059361,0.9,0,2.019197846013191
606,1774257657.48689,1774257657.53689,0.05,5,-0.37871173501937794,-0.37871173501937794,-0.29652856137803385,6.71521824757222,2.662052890804192,3.5825543727603115,1.9602677977513143,0.09574100018183201,0.05202678354152239,0.06609969284976765,0.09574100018183201,0.9,0,2.127577781818489
607,1774257657.53689,1774257657.58689,0.05,5,-0.27325634266862164,-0.27325634266862164,-0.2121137075943545,5.18091501591503,2.4253122011570896,2.9449707775559744,1.2618993262153513,0.06114263507426715,0.018429023734178686,0.02931529665601751,0.0830143337854845,0.9,0,1.358725223872603
608,1774257657.5868902,1774257657.6368902,0.05,5,-0.21318011999904624,-0.21318011999904624,-0.13502944919982218,2.8983711291114798,2.000324924837913,2.2821916999501757,1.9177463229827192,0.08017899605183468,0.04635638265308083,0.056037753950321005,0.08017899605183468,0.9,0,1.781755467818548
609,1774257657.6368902,1774257657.6868901,0.05,5,-0.12654594206930106,-0.12654594206930106,-0.03309669907000888,5.0816698264650855,2.3021364871402072,3.135176006618303,2.3021364871402072,0.09344924299929218,0.06180692133632478,0.07229107555809623,0.09344924299929218,0.9,0,2.0766498444287147
610,1774257657.6868901,1774257657.73689,0.05,5,-0.029230936871082826,-0.029230936871082826,-0.006360517202245425,2.168152833123063,1.3189636703954335,1.4741090293675942,0.5875769991753159,0.037713319338068915,0.01769443062383642,0.02263003969053789,0.037713319338068915,0.9,0,0.838073763068198
611,1774257657.73689,1774257657.78689,0.05,5,-0.030940238278345248,-0.030940238278345248,-0.10770426439147263,3.1725732247062766,2.414448509921981,2.5327235113009268,-1.7982879307815816,0.08754473258094596,0.051615851804127144,0.06066454406638529,0.08754473258094596,0.9,0,1.9454385017987987
612,1774257657.78689,1774257657.83689,0.05,5,-0.11036402412232424,-0.11036402412232424,-0.20693343491920707,5.35390186315771,3.6895035851629716,3.918681016247285,-2.359795708981938,0.09656941079688283,0.03626986537704196,0.04888940651777049,0.12321933972133134,0.9,0,2.145986906597396
613,1774257657.8368902,1774257657.8868902,0.05,5,-0.2333741673292317,-0.2333741673292317,-0.37868738716787287,5.535131372647101,3.842971882977275,4.377914508485679,-3.842971882977275,0.14531321983864118,0.07203326862909118,0.0870513624382538,0.14531321983864118,0.9,0,3.229182663080915
614,1774257657.8868902,1774257657.9368901,0.05,5,-0.43331973342913455,-0.43331973342913455,-0.3628152659671737,6.393313525094715,3.9700380159130297,4.44825578277054,1.6511939398326134,0.07050446746196087,0.03164706583710773,0.03898016249219399,0.10610899174984029,0.9,0,1.5667659435991304
615,1774257657.9368901,1774257657.98689,0.05,5,-0.3763805850722593,-0.3763805850722593,-0.34147447389500657,2.9000530109448492,2.122768555159428,2.2657530876582728,0.908247678943903,0.03490611117725273,0.017704177988563607,0.02141004803601526,0.06038951062379344,0.9,0,0.7756913594945051
616,1774257657.98689,1774257658.03689,0.05,5,-0.2768873597414601,-0.2768873597414601,-0.26103103562083957,6.49586788690952,2.8463296671618927,3.955029558592472,0.5543233301434409,0.05016506045359792,0.022857158957790013,0.03167489347093231,0.06602138457421847,0.9,0,1.1147791211910647
617,1774257658.03689,1774257658.08689,0.05,5,-0.22718783253888591,-0.22718783253888591,-0.20787869111877938,4.828066306265134,2.5632295709669854,3.048668171370463,0.6012956780451817,0.05782958359152002,0.034351829322582,0.04059960550988797,0.05782958359152002,0.9,0,1.2851018575893336
618,1774257658.0868902,1774257658.1368902,0.05,5,-0.1985693145100839,-0.1985693145100839,-0.06719369415551052,3.7605799444683425,3.2832266924236317,3.335655175034648,3.2832266924236317,0.13137562035457337,0.06897827170906408,0.08402533510199676,0.13137562035457337,0.9,0,2.9194582301016303
619,1774257658.1368902,1774257658.1868901,0.05,5,-0.0974628133570519,-0.0974628133570519,0.01642420053104414,3.763577783141945,2.804832803228206,2.929974436707704,2.804832803228206,0.11388701388809604,0.06049878979673144,0.07288400914371458,0.11388701388809604,0.9,0,2.5308225308465784
620,1774257658.1868901,1774257658.23689,0.05,5,0.043785479032851085,0.043785479032851085,0.040282949713762436,3.115084928060834,2.3336217376672495,2.423231034523076,-0.08321686064591854,0.04817448091592229,0.0205403441791426,0.027175203117308346,0.04817448091592229,0.9,0,1.0705440203538286
621,1774257658.23689,1774257658.28689,0.05,5,0.03486572149881381,0.03486572149881381,-0.06944014323625936,4.733735902395012,3.116543247127294,3.390050810173715,-2.5880863097834306,0.10430586473507317,0.04408016463060526,0.058367173668742195,0.11473211626073257,0.9,0,2.317908105223848
622,1774257658.28689,1774257658.33689,0.05,5,-0.12912860375063462,-0.12912860375063462,-0.17744074141931768,2.686825188436039,1.3069168212992057,1.6404896197442231,-1.3069168212992057,0.04831213766868306,0.03139409807326213,0.03634238648431469,0.04831213766868306,0.9,0,1.0736030593040677
623,1774257658.3368902,1774257658.3868902,0.05,5,-0.3163789909506628,-0.3163789909506628,-0.37400256884151,3.51738721815347,2.061634731838008,2.3677738303313784,-1.4457069647933256,0.05762357789084721,0.028436938865358852,0.03401704555405735,0.05762357789084721,0.9,0,1.280523953129938
624,1774257658.3868902,1774257658.4368901,0.05,5,-0.35850351033909306,-0.35850351033909306,-0.39638222216496477,4.370211444360057,2.089981470221849,2.5587685489325933,-0.9609469216197611,0.061217938429855456,0.034010530048232145,0.04164819874940639,0.061217938429855456,0.9,0,1.3603986317745655
625,1774257658.4368901,1774257658.48689,0.05,5,-0.36656799245527244,-0.36656799245527244,-0.33040666788079515,5.909807672409466,3.738236375491117,3.9578487968476894,0.5413363652826284,0.09163208589672894,0.050165663269036244,0.05879115831676346,0.09163208589672894,0.9,0,2.036268575482865
626,1774257658.48689,1774257658.53689,0.05,5,-0.30477028564062414,-0.30477028564062414,-0.21242533957671508,7.1067589090621,3.330307315623688,4.259064159234051,2.4322772306036744,0.10773915591297123,0.07356415381691232,0.08379467172837639,0.10773915591297123,0.9,0,2.3942034647326937
627,1774257658.53689,1774257658.58689,0.05,5,-0.24135510679834202,-0.24135510679834202,-0.08202393366772626,6.537804203966447,4.022510209926875,4.399005457698657,4.022510209926875,0.15933117313061576,0.06569071869037131,0.08739702354951148,0.15933117313061576,0.9,0,3.5406927362359055
628,1774257658.5868902,1774257658.6368902,0.05,5,-0.0964177687346044,-0.0964177687346044,-0.0628902264126144,2.960758725169129,1.7844146143282673,2.0194770056731897,0.7835025039974848,0.03352754232199001,0.014252331785305517,0.01859053721031777,0.052422707412925984,0.9,0,0.7450564960442224
629,1774257658.6368902,1774257658.6868901,0.05,5,-0.01873203029777159,-0.01873203029777159,-0.004383044457665824,2.879307221106561,1.7806513126176204,1.9871572150593013,0.6140798169367158,0.01483012582784416,0.010037086891675593,0.01148303223817841,0.029179111667949925,0.9,0,0.3295583517298702
630,1774257658.6868901,1774257658.73689,0.05,5,-0.006910752862171349,-0.006910752862171349,0.009114678846796107,3.858694773413736,2.0379568092561864,2.5489580310196556,0.41506389487813455,0.049195980091679255,0.02254711780711179,0.03020082196402426,0.049195980091679255,0.9,0,1.0932440020373166
631,1774257658.73689,1774257658.78689,0.05,5,-0.0010826541769620324,-0.0010826541769620324,-0.014595116497013894,3.6125907518075846,2.05373811841138,2.369944179806682,-0.2474427425075877,0.0462973187293164,0.023743882433535944,0.029509935146851702,0.0462973187293164,0.9,0,1.0288293050959199
632,1774257658.78689,1774257658.83689,0.05,5,-0.1448346500936576,-0.1448346500936576,-0.21797750902571783,4.561857448706015,2.342592352597668,2.829412721223033,-1.835952717164593,0.08416829708909163,0.04034768502504924,0.05271502079111621,0.08416829708909163,0.9,0,1.8704066019798138
633,1774257658.8368902,1774257658.8868902,0.05,5,-0.2036694957018938,-0.2036694957018938,-0.31972029781654215,5.783691452315064,3.1086499559388057,3.6178737379054127,-2.8073391727992747,0.11605080211464835,0.054619504900685324,0.07109886643339987,0.1219806053152436,0.9,0,2.578906713658852
634,1774257658.8868902,1774257658.9368901,0.05,5,-0.3377414295169529,-0.3377414295169529,-0.37006793237549174,5.964291682483405,2.2450356508167086,3.17233330930364,-0.854261511098229,0.03232650285853883,0.013428179059721757,0.019122187175319095,0.059530522107001604,0.9,0,0.7183667301897517
635,1774257658.9368901,1774257658.98689,0.05,5,-0.3976833521399252,-0.3976833521399252,-0.3018630498791143,4.691631599238169,2.3915061579246824,3.013510534490003,2.3915061579246824,0.0958203022608109,0.049705381137274365,0.06389444279960702,0.0958203022608109,0.9,0,2.1293400502402418
636,1774257658.98689,1774257659.03689,0.05,5,-0.31954655954890143,-0.31954655954890143,-0.19122922743559975,6.18405695670538,3.7368513444792786,4.4169912164738685,3.326560010765881,0.12831733211330168,0.0430349845701766,0.06513863776788018,0.13711457719222617,0.9,0,2.8514962691844814
637,1774257659.03689,1774257659.08689,0.05,5,-0.14108125962722518,-0.14108125962722518,-0.09605814247776158,3.0795244516628912,1.6499349539486972,1.983439894742212,1.0615418850543379,0.045023117149463596,0.0160646692672668,0.022639680035889297,0.05664813075000387,0.9,0,1.0005137144325242
638,1774257659.0868902,1774257659.1368902,0.05,5,-0.06626180416293655,-0.06626180416293655,0.0422945563261695,5.199558199421389,3.501324081723201,3.744277413444845,2.6203636382176985,0.10855636048910605,0.05816894225371945,0.06938454014651231,0.10855636048910605,0.9,0,2.412363566424579
639,1774257659.1368902,1774257659.1868901,0.05,5,0.0543174929400325,0.0543174929400325,0.08644205830899446,4.141263155331273,1.170376779891553,2.0808855132300734,0.9706110344550339,0.03499033401685094,0.02686818987565932,0.030053666733553377,0.03499033401685094,0.9,0,0.7775629781522431
640,1774257659.1868901,1774257659.23689,0.05,5,0.062348560873327706,0.062348560873327706,0.00579808694682187,3.891912183645244,2.106722064921852,2.4012459205600694,-1.4746803475219936,0.05954163987479337,0.03857380410320026,0.044382773557679396,0.05954163987479337,0.9,0,1.3231475527731857
641,1774257659.23689,1774257659.28689,0.05,5,-0.0006367080192615027,-0.0006367080192615027,-0.09284460620120008,5.582090943088239,2.375090008866535,3.186801378403555,-2.317472697367414,0.09334851188289946,0.0502154810612222,0.062288175052364704,0.09334851188289946,0.9,0,2.074411375175543
642,1774257659.28689,1774257659.33689,0.05,5,-0.09799241888439963,-0.09799241888439963,-0.1396301688798965,2.375035551687156,1.683281894286605,1.7659972992926531,-1.0728218818285307,0.04163774999549685,0.015270181985177836,0.021704708663426883,0.05393863195658184,0.9,0,0.9252833332332633
643,1774257659.3368902,1774257659.3868902,0.05,5,-0.2084374497337897,-0.2084374497337897,-0.17196958377664262,3.6546238622665332,1.9122382813166514,2.2107353957422102,0.951124451060039,0.05499967970720557,0.03099196129273233,0.03673081626356314,0.05499967970720557,0.9,0,1.222215104604568
644,1774257659.3868902,1774257659.4368901,0.05,5,-0.20001946085070132,-0.20001946085070132,-0.25313848001956774,3.3396056945832555,1.6267188711643574,1.9494686961226526,-1.307134075510929,0.05970256787769601,0.037765066968749775,0.043137268925944626,0.05970256787769601,0.9,0,1.3267237306154667
645,1774257659.4368901,1774257659.48689,0.05,5,-0.2649364137976576,-0.2649364137976576,-0.3006791539383622,4.7682529084082255,3.3375398580464104,3.811653515305565,-0.9534134038422977,0.084996336746193,0.03348444000908718,0.04587321875999956,0.084996336746193,0.9,0,1.8888074832487332
646,1774257659.48689,1774257659.53689,0.05,5,-0.309887505828476,-0.309887505828476,-0.2832965626894337,3.114646096595932,1.2168015831257817,1.6921841662934651,0.5780091436143706,0.026990422752358245,0.014318375786049508,0.017935201385022245,0.0382985878968124,0.9,0,0.5997871722746276
647,1774257659.53689,1774257659.58689,0.05,5,-0.2913387172133915,-0.2913387172133915,-0.2369314811239895,2.1047058083857326,1.4503420949419794,1.5636290714064933,1.4503420949419794,0.054407236089401984,0.02663434246950131,0.03308018187689966,0.054407236089401984,0.9,0,1.2090496908755994
648,1774257659.5868902,1774257659.6368902,0.05,5,-0.2239887845481952,-0.2239887845481952,-0.15386038383794162,7.165880022747779,2.5282570954293115,3.707237709888513,1.8824403715678713,0.07012840071025359,0.01714445411159294,0.03178306564040963,0.08084234456301237,0.9,0,1.5584089046723018
649,1774257659.6368902,1774257659.6868901,0.05,5,-0.11300377837634507,-0.11300377837634507,-0.13389190365163786,5.345187691410292,2.1323157448945835,2.855500391461795,-0.5402781008105622,0.039620746474563207,0.01969813574243822,0.023647802540335217,0.0527521847005457,0.9,0,0.8804610327680712
650,1774257659.6868901,1774257659.73689,0.05,5,-0.10672687056843005,-0.10672687056843005,-0.06468549972520637,4.644726169273186,2.138208032437237,2.66621305793091,0.9050595597060864,0.063608425934123,0.03957353577911144,0.04487303198733697,0.063608425934123,0.9,0,1.4135205763138443
651,1774257659.73689,1774257659.78689,0.05,5,-0.06501044004942556,-0.06501044004942556,-0.027495374719150555,2.7536695054702762,1.7987994554923523,1.9160290873025518,0.7724671692221985,0.05360044664032188,0.027637755117666175,0.03405063021672229,0.05360044664032188,0.9,0,1.1911210364515972
652,1774257659.78689,1774257659.83689,0.05,5,-0.027288170964497926,-0.027288170964497926,-0.06513470468068686,5.6484024435731435,2.8109454175633983,3.415238492173236,-1.1341470724463292,0.07028818372981613,0.04076636757142107,0.04846553156037712,0.07028818372981613,0.9,0,1.5619596384403582
653,1774257659.8368902,1774257659.8868902,0.05,5,-0.0732882320061861,-0.0732882320061861,-0.2856558504943912,9.957802608793278,5.330538201299975,6.114541469566277,-5.330538201299975,0.21236761848820507,0.08957864535355649,0.12213818921524186,0.21236761848820507,0.9,0,4.7192804108490005
654,1774257659.8868902,1774257659.9368901,0.05,5,-0.28063450437128934,-0.28063450437128934,-0.3835712624817508,7.385075956231438,2.702900933446152,3.925939198133497,-2.438404471680025,0.10293675811046143,0.056944433976145604,0.07276264518290969,0.10823475409235006,0.9,0,2.2874835135658094
655,1774257659.9368901,1774257659.98689,0.05,5,-0.4196056807236718,-0.4196056807236718,-0.40785940085089945,3.899159791980083,1.831936868648233,2.295626236351631,0.4637754845761993,0.034848823075464,0.011409288457595135,0.01679485814307618,0.03878890092858528,0.9,0,0.7744182905658665
656,1774257659.98689,1774257660.03689,0.05,5,-0.4001240292874827,-0.4001240292874827,-0.37064034022315634,3.809800834296441,1.5053548251630484,2.046798001595873,0.8372218987956981,0.029483689064326357,0.016719023686998735,0.01936853427368854,0.04631100768733065,0.9,0,0.6551930903183634
657,1774257660.03689,1774257660.08689,0.05,5,-0.3619928427985012,-0.3619928427985012,-0.2868789507574981,3.8490130123170836,1.8203177401478083,2.3152870182516607,1.8203177401478083,0.0751138920410031,0.04217790704719251,0.04865320538780868,0.0751138920410031,0.9,0,1.66919760091118
658,1774257660.0868902,1774257660.1368902,0.05,5,-0.18808043475695185,-0.18808043475695185,-0.13421875571636133,3.607834578828532,2.144553234512014,2.547889420357949,1.3269683824114786,0.05699385945196134,0.029191236923756064,0.03689748261703883,0.06997729332041888,0.9,0,1.2665302100435851
659,1774257660.1368902,1774257660.1868901,0.05,5,-0.14335344689974097,-0.14335344689974097,-0.06217039338726458,4.568950921347712,2.145375764263548,2.802648363863506,2.0814361055423527,0.08252550609252446,0.04177283635816869,0.05450027434521161,0.08252550609252446,0.9,0,1.8339001353894322
660,1774257660.1868901,1774257660.23689,0.05,5,-0.03353138379148119,-0.03353138379148119,-0.01771573648149591,4.104877953883197,2.3329246892913797,2.8163425376370763,0.28048571234978087,0.0400886561267289,0.01960003295434907,0.02514300481666534,0.05590430343671418,0.9,0,0.8908590250384198
661,1774257660.23689,1774257660.28689,0.05,5,-0.005172533247253554,-0.005172533247253554,-0.12047430989993946,5.0954600233109755,2.8178103435275053,3.4093809307823593,-2.8178103435275053,0.1153017766526859,0.07382864501690707,0.08538246391231688,0.1153017766526859,0.9,0,2.5622617033930197
662,1774257660.28689,1774257660.33689,0.05,5,-0.1178699749368379,-0.1178699749368379,-0.22815674226282034,4.325223073801879,2.6948111561049743,3.0061201103276227,-2.6948111561049743,0.11028676732598244,0.06775004591711187,0.07925070499389304,0.11028676732598244,0.9,0,2.4508170516884986
663,1774257660.3368902,1774257660.3868902,0.05,5,-0.28875483393042395,-0.28875483393042395,-0.35859537295140803,3.446871357404229,1.81885472143779,2.2174645696166593,-1.7904491267754774,0.06984053902098408,0.03509288995760479,0.04322849089434402,0.06984053902098408,0.9,0,1.5520119782440907
664,1774257660.3868902,1774257660.4368901,0.05,5,-0.3553368327547059,-0.3553368327547059,-0.35628121321961226,1.48271191987205,0.7227265410309069,0.8969022480331015,-0.01862941890511799,0.014206889658984534,0.004257465379402492,0.006719272304904609,0.015151270123890892,0.9,0,0.3157086590885452
665,1774257660.4368901,1774257660.48689,0.05,5,-0.3617334875956306,-0.3617334875956306,-0.346491932634173,4.732815010059098,1.9791542334767214,2.547642273277611,0.38725327155282774,0.046950093969950424,0.025548384541552414,0.030559115741945187,0.046950093969950424,0.9,0,1.0433354215544537
666,1774257660.48689,1774257660.53689,0.05,5,-0.32296975447132886,-0.32296975447132886,-0.2855909369625853,6.256972384611309,3.6322676070815363,4.00208453529529,1.1049691267725525,0.09290398609405526,0.0502076972995754,0.05888114460246599,0.09290398609405526,0.9,0,2.0645330243123388
667,1774257660.53689,1774257660.58689,0.05,5,-0.30934474010038976,-0.30934474010038976,-0.25777819864007284,6.794347259767452,3.031281316930989,3.889173275114822,1.305925467234113,0.09114565600099747,0.04960085944204331,0.06173372998032564,0.09114565600099747,0.9,0,2.0254590222443882
668,1774257660.5868902,1774257660.6368902,0.05,5,-0.27689844072381203,-0.27689844072381203,-0.19642882946494955,7.447800456123958,2.457645240211797,3.8107603233725094,1.8953094566672584,0.08046961125886248,0.03329759159046404,0.04784465456313105,0.08921508205940776,0.9,0,1.7882135835302773
669,1774257660.6368902,1774257660.6868901,0.05,5,-0.19986510627824255,-0.19986510627824255,-0.152976621016563,6.230576522613088,1.8530202025464841,3.1432314683849447,1.3366728391910256,0.04688848526167955,0.014932353757131516,0.02256676217795446,0.06026464913985499,0.9,0,1.0419663391484342
670,1774257660.6868901,1774257660.73689,0.05,5,-0.11864748069983273,-0.11864748069983273,-0.14578766213488067,1.7978530304977123,0.9294811339696706,1.101343075651962,-0.7008435047945815,0.02714018143504794,0.016031741692890594,0.018356885696471724,0.02714018143504794,0.9,0,0.6031151430010653
671,1774257660.73689,1774257660.78689,0.05,5,-0.12539223652021955,-0.12539223652021955,-0.11922861671923278,5.253212044359941,2.454586259104747,3.0622819263325023,0.17201976307522382,0.047122681130647284,0.024701488990794364,0.03137105703489031,0.047122681130647284,0.9,0,1.0471706917921617
672,1774257660.78689,1774257660.83689,0.05,5,-0.12891821057269595,-0.12891821057269595,-0.11810347650132086,5.311596360047928,3.340868087818754,3.5578432168395104,0.4696213077264354,0.03428746771740754,0.017547505379926286,0.02205677193364079,0.06635295683224635,0.9,0,0.7619437270535008
673,1774257660.8368902,1774257660.8868902,0.05,5,-0.14613567135396638,-0.14613567135396638,-0.140951648098451,6.341116359166268,3.6602846780218923,4.145494777124021,-0.03316632609581016,0.05591010131219992,0.025929900960086433,0.03377948244105813,0.06109412456771529,0.9,0,1.242446695826665
674,1774257660.8868902,1774257660.9368901,0.05,5,-0.11209969115023927,-0.11209969115023927,-0.31385492994817427,5.940017784626099,5.006938588213812,5.0569354006704295,-5.006938588213812,0.201755238797935,0.09792885975346392,0.12147606652641066,0.201755238797935,0.9,0,4.483449751065222
675,1774257660.9368901,1774257660.98689,0.05,5,-0.2704011401437496,-0.2704011401437496,-0.3187741516527048,5.7017231370768515,3.8447096017655342,4.188877322908443,-1.199555315839433,0.04889207629459069,0.029551975858759082,0.034661351667952305,0.09726508780354587,0.9,0,1.0864905843242374
676,1774257660.98689,1774257661.03689,0.05,5,-0.3399196276758178,-0.3399196276758178,-0.23408589930023774,5.188818569025024,2.9638028802345513,3.480779751331536,2.88717250967386,0.10730914889946178,0.06053301744134798,0.07516358044601772,0.10730914889946178,0.9,0,2.3846477533213726
677,1774257661.03689,1774257661.08689,0.05,5,-0.2850494067432976,-0.2850494067432976,-0.20414522796141538,7.342997899096681,2.8232840690775527,3.930986565336534,2.168794776954162,0.08090417878188222,0.023129369775916796,0.03746794568080021,0.09397361964699835,0.9,0,1.7978706395973825
678,1774257661.0868902,1774257661.1368902,0.05,5,-0.18588561072354184,-0.18588561072354184,-0.2967080318359246,4.532420515351313,2.683419643744255,3.0060838215048165,-2.683419643744255,0.11082242111238275,0.061932805491158836,0.07293525874129651,0.11082242111238275,0.9,0,2.462720469164061
679,1774257661.1368902,1774257661.1868901,0.05,5,-0.26084786038771257,-0.26084786038771257,-0.2633515440335386,4.21141682148178,2.4227553307096596,2.9343513256988527,-0.3156903732727752,0.04347645297653707,0.020995829892407825,0.028375481478302562,0.04598013662236311,0.9,0,0.9661433994786015
680,1774257661.1868901,1774257661.23689,0.05,5,-0.2771444953177447,-0.2771444953177447,-0.19666450437139313,7.3093227323418954,4.617748132979756,5.010124812124638,1.8669921414749735,0.13296092603169488,0.06697448100245482,0.08304855796489538,0.13296092603169488,0.9,0,2.9546872451487745
681,1774257661.23689,1774257661.28689,0.05,5,-0.18537258259629352,-0.18537258259629352,-0.14838905173059702,3.343478968173001,1.6400598585250536,1.935711969330318,0.8909358397217344,0.0369835308656965,0.010851891257614049,0.017222721972041756,0.04496703709267061,0.9,0,0.8218562414599222
682,1774257661.28689,1774257661.33689,0.05,5,-0.12667542597355172,-0.12667542597355172,-0.23413196771654496,5.069902221288166,2.7514588216205182,3.106762521543918,-2.7514588216205182,0.10745654174299324,0.048600818970057136,0.06358637752944862,0.10745654174299324,0.9,0,2.387923149844294
683,1774257661.3368902,1774257661.3868902,0.05,5,-0.22199009677563072,-0.22199009677563072,-0.3323929614306967,5.704665825410095,3.978672317462748,4.152219522760368,-2.633786172468005,0.11040286465506596,0.0490268329953909,0.06172654219052156,0.1370260890610493,0.9,0,2.453396992334799
684,1774257661.3868902,1774257661.4368901,0.05,5,-0.39399074520623073,-0.39399074520623073,-0.40017540879832814,10.014969425599755,5.88886303406114,6.7770730531476655,-0.14005110451731828,0.11486112360459078,0.033893402729836486,0.05400440916728446,0.12104578719668818,0.9,0,2.5524694134353503
685,1774257661.4368901,1774257661.48689,0.05,5,-0.4294884414394758,-0.4294884414394758,-0.4245295411588032,6.411533130407161,5.539383381434674,5.582262961534987,-0.03305996013064538,0.056675459406707096,0.02542018750906767,0.035877414755889375,0.11239036760695953,0.9,0,1.2594546534823798
686,1774257661.48689,1774257661.53689,0.05,5,-0.4271731423059238,-0.4271731423059238,-0.4152288748916467,9.401415229645119,4.920119577213702,6.11420330301516,-0.018319909820002866,0.07833550277033913,0.029250542601469455,0.04216568924324371,0.09027977018461619,0.9,0,1.7407889504519805
687,1774257661.53689,1774257661.58689,0.05,5,-0.4108577547169782,-0.4108577547169782,-0.3470596955848596,3.482632188804984,2.0048621200137924,2.245068210467265,1.6252912781818432,0.07158602764998806,0.03794218974777077,0.04680196291579438,0.07158602764998806,0.9,0,1.5908006144441789
688,1774257661.5868902,1774257661.6368902,0.05,5,-0.3569947973029224,-0.3569947973029224,-0.19907672293844822,6.781578687629704,4.267998598701574,4.849640288060401,3.9158131126234816,0.16555425249436506,0.09105562643699587,0.11196060935102851,0.16555425249436506,0.9,0,3.6789833887636676
689,1774257661.6368902,1774257661.6868901,0.05,5,-0.20317413080213942,-0.20317413080213942,-0.16592788783526588,2.719491507474085,1.3540047288579276,1.7031795514766586,0.9496096556453508,0.03724624296687354,0.017171466274868562,0.021073327881044455,0.03724624296687354,0.9,0,0.8276942881527452
690,1774257661.6868901,1774257661.73689,0.05,5,-0.15784228096788278,-0.15784228096788278,-0.21294983561213776,3.1845159999258352,1.3700312917968063,1.7444348335819613,-1.1759258420535277,0.055107554644254986,0.03447733731476878,0.03912706400680009,0.055107554644254986,0.9,0,1.2246123254278884
691,1774257661.73689,1774257661.78689,0.05,5,-0.19519693999868723,-0.19519693999868723,-0.2634520999230834,5.171027226062383,1.7903896414125011,2.7026912442922844,-1.7903896414125011,0.06825515992439615,0.029948002157284426,0.04255056849540327,0.06825515992439615,0.9,0,1.5167813316532477
692,1774257661.78689,1774257661.83689,0.05,5,-0.3097333651541754,-0.3097333651541754,-0.32815285697233093,3.0935040783121766,1.9580152384433762,2.3100037227894545,-0.4976622036187402,0.028845214627776117,0.015195436465858058,0.019968560851488983,0.028845214627776117,0.9,0,0.6410047695061358
693,1774257661.8368902,1774257661.8868902,0.05,5,-0.3982585466712964,-0.3982585466712964,-0.4870600470539178,7.965142969295749,4.830445550583427,5.591380574369546,-2.3640597347630448,0.1415213460515083,0.0793182372386936,0.09138164333510893,0.1415213460515083,0.9,0,3.1449188011446285
694,1774257661.8868902,1774257661.9368901,0.05,5,-0.5043701787717374,-0.5043701787717374,-0.4260756062436316,7.692645632222236,4.642824566452825,5.090233557292717,1.8999637042715143,0.07829457252810579,0.03251765719231174,0.04416172476655983,0.13073325665910485,0.9,0,1.7398793895134617
695,1774257661.9368901,1774257661.98689,0.05,5,-0.4521896782082799,-0.4521896782082799,-0.39890951786040835,5.392972950601214,3.534729742456925,3.8748975487963553,1.3322894857429277,0.0972512082778062,0.05425056568655083,0.0646496424180777,0.0972512082778062,0.9,0,2.1611379617290263
696,1774257661.98689,1774257662.03689,0.05,5,-0.37082803570278094,-0.37082803570278094,-0.1433560639151189,7.867645846612811,5.718357898240889,5.939000446354059,5.718357898240889,0.22747197178766204,0.12778755421674742,0.15150495762187388,0.22747197178766204,0.9,0,5.054932706392489
697,1774257662.03689,1774257662.08689,0.05,5,-0.12830528012322973,-0.12830528012322973,0.005549030040032113,5.587372940346976,3.657548394247681,3.997822305618377,3.657548394247681,0.13385431016326182,0.07500545765010685,0.08814763373071736,0.13385431016326182,0.9,0,2.9745402258502622
698,1774257662.0868902,1774257662.1368902,0.05,5,0.03915915462700956,0.03915915462700956,0.04143823600292122,3.683205117135365,2.056057589993294,2.350708580373246,0.3754801282085114,0.03078964473527737,0.008958405769279896,0.014576839843971272,0.041151682243572345,0.9,0,0.6842143274506082
699,1774257662.1368902,1774257662.1868901,0.05,5,0.00884689637237699,0.00884689637237699,-0.13264484789542824,7.660182601905706,3.662299566014041,4.767055786198144,-3.452062660250456,0.1460619853837835,0.09624007442733648,0.11249366819953252,0.1460619853837835,0.9,0,3.245821897417411
700,1774257662.1868901,1774257662.23689,0.05,5,-0.15861820277821762,-0.15861820277821762,-0.18756261157177456,6.044590540775425,2.6003817406658785,3.3302450187960684,-1.0563293081548892,0.034893671187406064,0.01745232238414042,0.021797729429485983,0.06383807998096301,0.9,0,0.7754149152756902
701,1774257662.23689,1774257662.28689,0.05,5,-0.19358151461238232,-0.19358151461238232,-0.2244789697762876,4.42836241720519,2.435032140463688,2.8440534636183212,-0.9957029883367647,0.03089745516390527,0.015810484955294406,0.018870291998452405,0.04124814579853353,0.9,0,0.6866101147534504
702,1774257662.28689,1774257662.33689,0.05,5,-0.2878339915464254,-0.2878339915464254,-0.38802964285338853,5.798279801954103,4.228070867635951,4.3309945458137085,-2.4894678704899262,0.13435419550948524,0.07491698959228191,0.08883577592849747,0.13435419550948524,0.9,0,2.9856487890996717
703,1774257662.3368902,1774257662.3868902,0.05,5,-0.37542548651858115,-0.37542548651858115,-0.5178501255111574,6.859500622061029,5.755732853854239,5.812819523676558,-3.4733013424526415,0.18768142035063357,0.10345661838471445,0.12270460586844895,0.18768142035063357,0.9,0,4.170698230014079
704,1774257662.3868902,1774257662.4368901,0.05,5,-0.47385194144161213,-0.47385194144161213,-0.5220075979652696,4.020077395075333,2.242662366805981,2.5032572973202294,-1.0934833489216287,0.05288692573959419,0.034868588324518376,0.03958146674230983,0.05288692573959419,0.9,0,1.1752650164354264
705,1774257662.4368901,1774257662.48689,0.05,5,-0.5263797195602762,-0.5263797195602762,-0.40760182080135005,9.202159332587557,4.1437312118130105,5.335875454425278,3.9002317026916424,0.11877789875892614,0.07345996879602798,0.08350940354724076,0.11877789875892614,0.9,0,2.6395088613094693
706,1774257662.48689,1774257662.53689,0.05,5,-0.40650116275060105,-0.40650116275060105,-0.2675497428366871,5.400097022874963,3.4746219481159013,4.011589034714865,3.4746219481159013,0.13895141991391396,0.05535326006297218,0.07756061265691315,0.13895141991391396,0.9,0,3.08780933142031
707,1774257662.53689,1774257662.58689,0.05,5,-0.23704366003683075,-0.23704366003683075,-0.17242492502329004,3.179788764106384,1.4224679323782738,1.977556754249228,1.4224679323782738,0.0646187350135407,0.01831502685844385,0.030950802340056965,0.0646187350135407,0.9,0,1.4359718891897932
708,1774257662.5868902,1774257662.6368902,0.05,5,-0.1279739937272598,-0.1279739937272598,-0.09518968758513575,3.679020355502965,1.4394256327733022,1.977028257116319,0.8001492799235369,0.04452927700923756,0.029318657758290838,0.03309703317197155,0.04452927700923756,0.9,0,0.9895394890941679
709,1774257662.6368902,1774257662.6868901,0.05,5,-0.0573253615738881,-0.0573253615738881,-0.07048640559494405,5.4021804193886895,3.327147765754546,3.8100629081924446,-0.3528248843569346,0.06711839768675362,0.021778256857690664,0.032394166828142675,0.07249405955316901,0.9,0,1.4915199485945247
710,1774257662.6868901,1774257662.73689,0.05,5,-0.03196578842392655,-0.03196578842392655,-0.2362625090494002,9.530018449912786,5.070549512872099,5.745669971319581,-5.070549512872099,0.20429672062547363,0.10188382628339436,0.128897539179439,0.20429672062547363,0.9,0,4.539927125010524
711,1774257662.73689,1774257662.78689,0.05,5,-0.23797119293685054,-0.23797119293685054,-0.3654878205029908,7.811902889614149,3.862307659200632,4.63456071497176,-3.262988280637624,0.12751662756614024,0.07525022680328933,0.08695209428950415,0.12751662756614024,0.9,0,2.833702834803116
712,1774257662.78689,1774257662.83689,0.05,5,-0.3700157104682552,-0.3700157104682552,-0.43167591842855946,4.121454285746026,2.017073549742083,2.623664177822503,-1.6371721359461775,0.06166020796030425,0.031984083823302104,0.03755826992028802,0.06166020796030425,0.9,0,1.3702268435623164
713,1774257662.8368902,1774257662.8868902,0.05,5,-0.41519564356078686,-0.41519564356078686,-0.46302006397221984,2.0719766260046013,1.4037865911736245,1.5603098729494744,-1.2069978141949531,0.05197366955524463,0.03197135337827447,0.03748232241986995,0.05197366955524463,0.9,0,1.1549704345609917
714,1774257662.8868902,1774257662.9368901,0.05,5,-0.4477936250756264,-0.4477936250756264,-0.3885204012498135,2.4490571665641587,1.5125063518990716,1.667544750236247,1.5125063518990716,0.059273223825812904,0.03172923629759231,0.038043676517345235,0.059273223825812904,0.9,0,1.317182751684731
715,1774257662.9368901,1774257662.98689,0.05,5,-0.3915227825949978,-0.3915227825949978,-0.4903666214985169,5.749796302662045,2.1032668148973164,3.139043135079497,-2.0309446804392315,0.09884383890351911,0.0373662739667925,0.049702395661566166,0.09884383890351911,0.9,0,2.1965297534115353
716,1774257662.98689,1774257663.03689,0.05,5,-0.5087565989845396,-0.5087565989845396,-0.5051542193245345,7.291233130120449,3.6951123634030862,4.557729632212528,-0.04949579834286166,0.07578529338094298,0.029705012743678517,0.043789080826296754,0.07938767304094807,0.9,0,1.6841176306876215
717,1774257663.03689,1774257663.08689,0.05,5,-0.5185275889863189,-0.5185275889863189,-0.5485236529284206,4.198314195028924,2.8601735381307902,3.029492192530596,-0.7610164406163287,0.07375986676494306,0.03621181408011191,0.044691674714183956,0.07375986676494306,0.9,0,1.639108150332068
718,1774257663.0868902,1774257663.1368902,0.05,5,-0.4629579606178898,-0.4629579606178898,-0.44522266051991494,1.5369720349592944,0.9091416695122894,0.9860250603282512,0.5056107756565508,0.01773530009797486,0.006362138843480913,0.009081209622016598,0.017899942347538778,0.9,0,0.39411777995499686
719,1774257663.1368902,1774257663.1868901,0.05,5,-0.3794506840561776,-0.3794506840561776,-0.3419541029195119,2.449597427111741,1.4616506167883803,1.7016670395577984,0.93193599497404,0.047850147472424776,0.02588215095065305,0.030559545006406726,0.047850147472424776,0.9,0,1.0633366104983282
720,1774257663.1868901,1774257663.23689,0.05,5,-0.3294464282255291,-0.3294464282255291,-0.32375056301171196,2.902511845337232,2.125611402621526,2.1727143703730216,0.2620386786055908,0.04879109706663565,0.023609166946997284,0.02983560951986026,0.04879109706663565,0.9,0,1.084246601480792
721,1774257663.23689,1774257663.28689,0.05,5,-0.3003645797700647,-0.3003645797700647,-0.30208338250145367,4.433459945594219,3.161042440159705,3.272392014531804,-0.12639708223490076,0.061574801986841066,0.02217066706080162,0.031498866979536674,0.06329360471823003,0.9,0,1.3683289330409125
722,1774257663.28689,1774257663.33689,0.05,5,-0.3228061195583805,-0.3228061195583805,-0.4476027692237015,6.547136808594145,6.019450135261117,6.031926510115194,-3.2873793628309764,0.124796649665321,0.04952740277346688,0.0674225177626511,0.18181293147330513,0.9,0,2.7732588814515773
723,1774257663.3368902,1774257663.3868902,0.05,5,-0.43537730938980024,-0.43537730938980024,-0.4818177263270528,2.89296092683618,2.353297497580256,2.4114075465214837,-1.110949399149382,0.04644041693725254,0.021124268143019244,0.02767131525925663,0.07040586737766935,0.9,0,1.0320092652722785
724,1774257663.3868902,1774257663.4368901,0.05,5,-0.4926345708800826,-0.4926345708800826,-0.6316855905191143,5.60983656003215,3.1761514955243433,3.4744496316902826,-3.1761514955243433,0.13905101963903171,0.08013575421328352,0.09289298785625853,0.13905101963903171,0.9,0,3.090022658645149
725,1774257663.4368901,1774257663.48689,0.05,5,-0.6072033629915233,-0.6072033629915233,-0.6193931487215828,6.306792660910711,3.426666595253034,3.8919830968940268,-0.5299464914282553,0.037363179691290105,0.02004343380905884,0.024223504196035542,0.0699706488638876,0.9,0,0.8302928820286689
726,1774257663.48689,1774257663.53689,0.05,5,-0.5525330337630959,-0.5525330337630959,-0.4797170845765662,6.920319572608349,3.241838850463364,3.9071895071855565,1.8378450019908978,0.08441372973054495,0.056541447516678,0.06387769902382472,0.08441372973054495,0.9,0,1.8758606606787764
727,1774257663.53689,1774257663.58689,0.05,5,-0.4259355593388765,-0.4259355593388765,-0.2718371633270384,7.793870163575317,3.94291630623967,4.60791651931077,3.94291630623967,0.1540983960118381,0.09560929686398228,0.11022232658128746,0.1540983960118381,0.9,0,3.424408800263069
728,1774257663.5868902,1774257663.6368902,0.05,5,-0.23891682640915635,-0.23891682640915635,-0.10838266815720007,4.318028219206855,3.2525812957132825,3.4276219842289755,3.2525812957132825,0.13053415825195627,0.0756820872212268,0.08900255079608733,0.13053415825195627,0.9,0,2.9007590722656946
729,1774257663.6368902,1774257663.6868901,0.05,5,-0.11408075447120625,-0.11408075447120625,-0.05991898558917547,3.28542433826901,1.9386824059832202,2.356356480864771,1.3389588789641114,0.06611685104224721,0.042883011856722435,0.04918996785916934,0.06611685104224721,0.9,0,1.4692633564943822
730,1774257663.6868901,1774257663.73689,0.05,5,-0.06701342682227283,-0.06701342682227283,-0.10780938577752895,4.605251035168894,1.8074721549283792,2.4557574668036817,-1.0901251657588258,0.04079595895525612,0.012328745620773707,0.019548486126591273,0.05594862074579676,0.9,0,0.9065768656723581
731,1774257663.73689,1774257663.78689,0.05,5,-0.1424662466941035,-0.1424662466941035,-0.18653034681464506,4.37288063422791,2.4460762411966224,2.761124376630297,-1.1027945053031676,0.04406410012054157,0.02131075870386324,0.025714510748946217,0.07129339516163563,0.9,0,0.9792022249009237
732,1774257663.78689,1774257663.83689,0.05,5,-0.21929551682431925,-0.21929551682431925,-0.34169439738862223,7.090777269378764,2.878516472377779,3.845653236880013,-2.878516472377779,0.12239888056430298,0.07539565143431504,0.08570251205172698,0.12239888056430298,0.9,0,2.719975123651177
733,1774257663.8368902,1774257663.8868902,0.05,5,-0.41344853021502537,-0.41344853021502537,-0.4226772999460809,3.354644143346353,1.5558894000566228,1.8903593291808518,-0.12143267161655358,0.037485471179570407,0.01683981568614412,0.021119013688335995,0.037485471179570407,0.9,0,0.8330104706571201
734,1774257663.8868902,1774257663.9368901,0.05,5,-0.42282276408480146,-0.42282276408480146,-0.4543385356600547,1.518337086866889,1.149506588465389,1.2052087728907637,-0.7884091741384005,0.03884705023660662,0.02321891021339334,0.027049722805786346,0.03884705023660662,0.9,0,0.8632677830357025
735,1774257663.9368901,1774257663.98689,0.05,5,-0.4385908223049811,-0.4385908223049811,-0.4231354675459015,1.4954688389527353,0.48578700425240284,0.7635953890401345,0.3932177304889056,0.017035538884158874,0.007527099682994642,0.010414755854530573,0.017035538884158874,0.9,0,0.37856753075908606
736,1774257663.98689,1774257664.03689,0.05,5,-0.44250951419285633,-0.44250951419285633,-0.38750600709695365,1.9153242055345192,1.2885571055130174,1.4371409738063878,1.2885571055130174,0.05500350709590268,0.022056744506708803,0.029760204973328163,0.05500350709590268,0.9,0,1.222300157686726
737,1774257664.03689,1774257664.08689,0.05,5,-0.3816876886896852,-0.3816876886896852,-0.39517578967579003,4.618487730547725,2.276114873020384,2.7030590809764807,-0.3425800759024028,0.05261566737801465,0.029471480392789386,0.035562572483741714,0.05261566737801465,0.9,0,1.16923705284477
738,1774257664.0868902,1774257664.1368902,0.05,5,-0.34884126675219934,-0.34884126675219934,-0.3579602016612114,4.828605598753356,2.6597039167834895,3.1551708041086637,-0.19899424077687233,0.058099061489646,0.030126331573616615,0.03851588826394139,0.058099061489646,0.9,0,1.2910902553254664
739,1774257664.1368902,1774257664.1868901,0.05,5,-0.2595755598215275,-0.2595755598215275,-0.31202601918587575,4.487304828888023,2.3025544556039597,2.6392417659990732,-1.2952116110578007,0.05245045936434822,0.02435037545971298,0.031072843180835807,0.07385866594097107,0.9,0,1.1655657636521826
740,1774257664.1868901,1774257664.23689,0.05,5,-0.2778681751491661,-0.2778681751491661,-0.279553253842483,8.040394380587246,4.20136658974762,5.0822866701945175,-0.1163493479407105,0.08116029746470074,0.03918356831214433,0.05303288812487416,0.0828453761580176,0.9,0,1.8035621658822385
741,1774257664.23689,1774257664.28689,0.05,5,-0.29242508960765157,-0.29242508960765157,-0.33924981739139615,4.791197187823905,2.804790458184174,3.0727330684212073,-0.9200152502891379,0.04682472778374458,0.02537077982590332,0.030644281929684592,0.08605425187695481,0.9,0,1.040549506305435
742,1774257664.28689,1774257664.33689,0.05,5,-0.34315522148037664,-0.34315522148037664,-0.4586358171726916,8.914848575887452,2.7964959022625724,4.540384758489647,-2.7851423439424474,0.11548059569231495,0.08056517746184141,0.09044220246753855,0.11548059569231495,0.9,0,2.5662354598292207
743,1774257664.3368902,1774257664.3868902,0.05,5,-0.4364171187134843,-0.4364171187134843,-0.4691580810756863,5.608340652344115,3.2090547792753337,3.8580260921802627,-0.7325723527980759,0.0664550533179008,0.040267268833143424,0.046685953037915826,0.0664550533179008,0.9,0,1.4767789626200176
744,1774257664.3868902,1774257664.4368901,0.05,5,-0.45158034619931503,-0.45158034619931503,-0.43258484137588465,2.248279640158248,0.9609154580983148,1.2280385855430542,0.4377130621848178,0.018995504823430376,0.006457139774323084,0.00920283230211015,0.024068356543241853,0.9,0,0.42212232940956385
745,1774257664.4368901,1774257664.48689,0.05,5,-0.42285500653006997,-0.42285500653006997,-0.4265383633702768,2.120379049703564,1.3679548281967455,1.4454078492637628,-0.12060443897070425,0.02554418759945154,0.009508315360869291,0.013227500951962718,0.02922754443965836,0.9,0,0.5676486133211452
746,1774257664.48689,1774257664.53689,0.05,5,-0.4233236504495282,-0.4233236504495282,-0.41854956641960794,4.7083667942958165,2.5624383688616676,3.29018343200994,0.15762629105699744,0.05079133401028718,0.029411739090597678,0.03693507097264749,0.055565418040207426,0.9,0,1.128696311339715
747,1774257664.53689,1774257664.58689,0.05,5,-0.448951935049246,-0.448951935049246,-0.516087267068462,6.582050587237118,4.216126745653153,4.728352835709867,-1.3216826164779056,0.11289239026513564,0.06252403940610023,0.07507873740861419,0.11289239026513564,0.9,0,2.508719783669681
748,1774257664.5868902,1774257664.6368902,0.05,5,-0.452218325199588,-0.452218325199588,-0.5279571102082748,3.931385887057941,1.6665521581577958,2.124698853969322,-1.6665521581577958,0.07573878500868686,0.04921395514179951,0.05568045361709632,0.07573878500868686,0.9,0,1.6830841113041521
749,1774257664.6368902,1774257664.6868901,0.05,5,-0.5125876356832908,-0.5125876356832908,-0.4214132336988849,5.174769608393263,2.399570576218356,2.9865282062967666,2.255991697102137,0.09404618221941458,0.06122187706428778,0.07016446330048491,0.09404618221941458,0.9,0,2.0899151604314348
750,1774257664.6868901,1774257664.73689,0.05,5,-0.42445338613397043,-0.42445338613397043,-0.3834128496862563,3.4806083431634764,1.5714599173817527,1.9813787158682006,1.052418011028143,0.04104053644771416,0.011602272259519032,0.01899715619000019,0.049904788679764056,0.9,0,0.9120119210603146
751,1774257664.73689,1774257664.78689,0.05,5,-0.2921496049353644,-0.2921496049353644,-0.32359842544060874,3.163264407772951,1.1693381708316006,1.6540759696357574,-0.828310295524861,0.03813453249318999,0.026947998427605403,0.03026587337676763,0.03813453249318999,0.9,0,0.8474340554042219
752,1774257664.78689,1774257664.83689,0.05,5,-0.32300095999451756,-0.32300095999451756,-0.30553928786713375,5.457091027433301,3.4240468550035,3.678121797220661,0.3299967599030219,0.08342687078716504,0.04276310863772198,0.05251197349905401,0.08342687078716504,0.9,0,1.8539304619370007
753,1774257664.8368902,1774257664.8868902,0.05,5,-0.3079784684564822,-0.3079784684564822,-0.3654159592614813,4.043711150643275,1.8123903259246739,2.397441274761259,-1.4540586454586952,0.0574374908049991,0.032891079158583046,0.03781033087790072,0.0574374908049991,0.9,0,1.2763886845555354
754,1774257664.8868902,1774257664.9368901,0.05,5,-0.39644440472010545,-0.39644440472010545,-0.4711320187890116,3.2198436613827717,1.9394272217048398,2.261802463798899,-1.775733361749053,0.0780077749476023,0.05040321728667857,0.058814393863962124,0.0780077749476023,0.9,0,1.7335061099467177
755,1774257664.9368901,1774257664.98689,0.05,5,-0.4792572891045117,-0.4792572891045117,-0.5082790865687618,3.470893157897312,2.0239835616600788,2.2259103363274617,-1.0145770340966918,0.048438348730875935,0.027676254282474066,0.03219399355234428,0.048438348730875935,0.9,0,1.0764077495750206
756,1774257664.98689,1774257665.03689,0.05,5,-0.5018524495286786,-0.5018524495286786,-0.4776872324763704,3.0834302988693776,2.102817237834503,2.1829253932144126,0.5611020883998145,0.05463926857051771,0.026116487100830442,0.03168389468893468,0.05463926857051771,0.9,0,1.2142059682337267
757,1774257665.03689,1774257665.08689,0.05,5,-0.5231776199704963,-0.5231776199704963,-0.37873637092257195,10.96263002545888,3.854268491134765,5.683038061663908,3.7112154867986806,0.14732631737792362,0.07028820417692785,0.09450196217307785,0.14732631737792362,0.9,0,3.2739181639538577
758,1774257665.0868902,1774257665.1368902,0.05,5,-0.42046776845829636,-0.42046776845829636,-0.25557594915510673,9.437597230976932,5.1987462764440275,6.242283642765817,4.165984735017601,0.16489181930318964,0.05591803004860555,0.08417920970520379,0.18590504818343562,0.9,0,3.6642626511819913
759,1774257665.1368902,1774257665.1868901,0.05,5,-0.24810082753529028,-0.24810082753529028,-0.21281769212339421,3.149003873205451,2.014784801018635,2.2486262902967855,0.8548948172214225,0.035283135411896066,0.014329163672723721,0.01933375178992129,0.058209793215332345,0.9,0,0.7840696758199125
760,1774257665.1868901,1774257665.23689,0.05,5,-0.19288777704792118,-0.19288777704792118,-0.24974857032813663,4.821752632273064,2.8608082595372544,3.282599339692435,-1.3514998719155447,0.056860793280215455,0.028831427292150665,0.037598444641763304,0.08746219586890483,0.9,0,1.2635731840047877
761,1774257665.23689,1774257665.28689,0.05,5,-0.20335604129276,-0.20335604129276,-0.24249805998199345,9.257394111651049,4.545269918972341,5.558580679119267,-1.9534091687901756,0.064878335037619,0.02751665226304077,0.03703725026756165,0.10402035372685245,0.9,0,1.4417407786137555
762,1774257665.28689,1774257665.33689,0.05,5,-0.28403622898194786,-0.28403622898194786,-0.37105160930542036,11.048784124262916,3.717986664800946,5.778248593092563,-2.0387639743080896,0.0870153803234725,0.029790119773254808,0.04298421319478647,0.11580032477164182,0.9,0,1.9336751182993888
763,1774257665.3368902,1774257665.3868902,0.05,5,-0.3963722114750204,-0.3963722114750204,-0.3682730631572743,3.7954786769721256,1.6839225425326263,2.1647805769166215,0.6409419782378329,0.02809914831774607,0.01738982120372714,0.01973483473111317,0.048254004277370977,0.9,0,0.6244255181721348
764,1774257665.3868902,1774257665.4368901,0.05,5,-0.4348805108974656,-0.4348805108974656,-0.47941257647046975,2.457825531132124,1.3265784022612612,1.5123806541728346,-1.1110110222455214,0.04918282341450164,0.031235340477420305,0.0358328148040941,0.04918282341450164,0.9,0,1.0929516314333696
765,1774257665.4368901,1774257665.48689,0.05,5,-0.46749427081532785,-0.46749427081532785,-0.47564307880661827,3.925751218732307,1.9444758665665645,2.3175104204158243,-0.018399742799589197,0.045005278969174445,0.020717979896610172,0.026739383637735512,0.045005278969174445,0.9,0,1.0001173104260987
766,1774257665.48689,1774257665.53689,0.05,5,-0.4639525287814626,-0.4639525287814626,-0.44725571531798075,4.018882143083391,3.133059201555284,3.189902507431039,0.5449665963365895,0.03000609196893894,0.014954661239827072,0.018734824478409545,0.05357663205519492,0.9,0,0.6668020437541986
767,1774257665.53689,1774257665.58689,0.05,5,-0.4070691639437319,-0.4070691639437319,-0.4178440953847795,3.317796333365778,2.100442217051509,2.395150807600535,-0.2785032069840969,0.03269145175584337,0.012477304468649331,0.016761614258321223,0.04667604144728488,0.9,0,0.7264767056854081
768,1774257665.5868902,1774257665.6368902,0.05,5,-0.4194846373811824,-0.4194846373811824,-0.3622940543627054,5.853290754921483,3.8425620793665773,4.21444131919713,1.5634842973475582,0.06968736350517274,0.031923517106365276,0.041751545265286356,0.06968736350517274,0.9,0,1.5486080778927274
769,1774257665.6368902,1774257665.6868901,0.05,5,-0.3664300024846773,-0.3664300024846773,-0.34816000055860225,5.900600059215613,3.250571527214045,3.713458853378134,0.30027149760623884,0.07256875101186971,0.02769160424169965,0.0369769843366311,0.07256875101186971,0.9,0,1.6126389113748822
770,1774257665.6868901,1774257665.73689,0.05,5,-0.3720725974917681,-0.3720725974917681,-0.34981599038058536,4.82880869925659,3.027896538978128,3.2193684141087227,0.5668807027230522,0.04915732853472138,0.018508749908799204,0.025740350097225136,0.07141393564590409,0.9,0,1.0923850785493638
771,1774257665.73689,1774257665.78689,0.05,5,-0.3321639403775956,-0.3321639403775956,-0.47607207207569274,6.652403535709034,3.635176637912438,4.208580825623568,-3.635176637912438,0.14390813169809713,0.08126943926624466,0.09919731310657397,0.14390813169809713,0.9,0,3.197958482179936
772,1774257665.78689,1774257665.83689,0.05,5,-0.4759370759001634,-0.4759370759001634,-0.4960677240977999,3.689033930237683,2.0524178421992216,2.2654295395688324,-0.5062365855923596,0.020130648197636547,0.010156847805427338,0.012983664236854712,0.036600937360027064,0.9,0,0.44734773772525654
773,1774257665.8368902,1774257665.8868902,0.05,5,-0.5160260978101886,-0.5160260978101886,-0.48628725481440943,7.9046851846111155,2.9195560206249414,4.265003409262303,1.0628227493561195,0.036362324357207654,0.02609012694560796,0.029248129968788474,0.0688695804070103,0.9,0,0.8080516523823922
774,1774257665.8868902,1774257665.9368901,0.05,5,-0.5069840525806778,-0.5069840525806778,-0.472250360511593,6.063491132904424,3.2104278496851686,3.9184189930721,0.8640517903393284,0.04626959892952309,0.029377874144195425,0.0335660475438433,0.08100329099860787,0.9,0,1.0282133095449575
775,1774257665.9368901,1774257665.98689,0.05,5,-0.5059358938363849,-0.5059358938363849,-0.4645115954481589,2.658349928461561,1.2794612686535656,1.5271000781740063,1.0715704100415038,0.04142429838822603,0.014732326524686746,0.02059989330399859,0.04142429838822603,0.9,0,0.9205399641828006
776,1774257665.98689,1774257666.03689,0.05,5,-0.4368316494534335,-0.4368316494534335,-0.46072388484606663,3.1875789920972415,1.9843551944444635,2.2096381895565442,-0.6641197858151192,0.023892235392633132,0.010050840259717964,0.013698936093394452,0.041288578390128505,0.9,0,0.5309385642807362
777,1774257666.03689,1774257666.08689,0.05,5,-0.4383701774161033,-0.4383701774161033,-0.39549138628739944,3.9956852132979437,2.692178558420922,2.9223284049293334,0.8742379691517242,0.07852240739951821,0.047616612742880926,0.05458493789426336,0.07852240739951821,0.9,0,1.7449423866559601
778,1774257666.0868902,1774257666.1368902,0.05,5,-0.3999000589230498,-0.3999000589230498,-0.28628992226295785,4.296006695876954,2.8460931595282872,3.050449159755438,2.8460931595282872,0.11361013666009195,0.060903420458137715,0.07428046342742119,0.11361013666009195,0.9,0,2.5246697035575987
779,1774257666.1368902,1774257666.1868901,0.05,5,-0.3111456090991228,-0.3111456090991228,-0.28093670994938164,7.102450488258065,3.244345570155448,4.020068199598134,0.6310681497024573,0.0447949249594351,0.02511627893155215,0.029050121315569145,0.07500382410917628,0.9,0,0.9954427768763354
780,1774257666.1868901,1774257666.23689,0.05,5,-0.3366173791760663,-0.3366173791760663,-0.3978119042874528,7.994044745781736,4.7816191107591735,5.652620206493639,-0.9878118563349023,0.12034251342632785,0.05893490787244641,0.07472058648951806,0.12034251342632785,0.9,0,2.6742780761406184
781,1774257666.23689,1774257666.28689,0.05,5,-0.3905481998150987,-0.3905481998150987,-0.4197993095718204,1.5642785490158166,0.7464468227837848,0.9337941205194605,-0.657025363074615,0.029251109756721683,0.015715132522292154,0.019101827156563264,0.029251109756721683,0.9,0,0.6500246612604818
782,1774257666.28689,1774257666.33689,0.05,5,-0.4460237069591079,-0.4460237069591079,-0.41186940087146623,4.873925378542633,3.530580509250087,3.632046961508483,0.6322778653074744,0.05873627851390434,0.02796038587285009,0.03490397417689506,0.09289058460154603,0.9,0,1.3052506336423184
783,1774257666.3368902,1774257666.3868902,0.05,5,-0.42545559489713347,-0.42545559489713347,-0.4469021663114986,9.984696374384626,5.353407398142703,6.281800641134335,-0.3610592109503896,0.12404772138727538,0.06328126179668415,0.08082028675220891,0.12404772138727538,0.9,0,2.7566160308283414
784,1774257666.3868902,1774257666.4368901,0.05,5,-0.4511421701408828,-0.4511421701408828,-0.47374548557437984,3.302923076436048,1.7939837434794297,2.009001453413566,-0.6700206393960301,0.03132675328107465,0.019173722233531885,0.022194166178915183,0.03132675328107465,0.9,0,0.6961500729127699
785,1774257666.4368901,1774257666.48689,0.05,5,-0.4444899102657596,-0.4444899102657596,-0.359233078795458,4.16221473367099,2.7725540007490586,2.936402734044974,2.0509077084646,0.09926855564457743,0.05906276310176386,0.06867995396201763,0.09926855564457743,0.9,0,2.2059679032128314
786,1774257666.48689,1774257666.53689,0.05,5,-0.33604100466762865,-0.33604100466762865,-0.19160510799123015,5.725956907797323,3.5676647594549022,4.1478828244825845,3.5676647594549022,0.1444358966763985,0.09138391000896309,0.10641351484742853,0.1444358966763985,0.9,0,3.2096865928088554
787,1774257666.53689,1774257666.58689,0.05,5,-0.22658951515615625,-0.22658951515615625,-0.11192442070169616,6.095627780032368,3.3316961568839982,3.844348570741027,2.815713510875029,0.12427761943926063,0.06861200277940319,0.08473924849504752,0.12427761943926063,0.9,0,2.761724876428014
788,1774257666.5868902,1774257666.6368902,0.05,5,-0.12833805973907458,-0.12833805973907458,-0.16190777372505824,4.118075501715295,2.2125070836009817,2.5449357221820716,-1.1139342813390392,0.03356971398598366,0.014420831946470517,0.01840873009761174,0.051990918667840905,0.9,0,0.7459936441329701
789,1774257666.6368902,1774257666.6868901,0.05,5,-0.1736927539934399,-0.1736927539934399,-0.29372335767901675,9.278488215727178,5.038197858544371,5.613447726069411,-3.162350810918873,0.13249107700321203,0.08734420144519732,0.09892013107539924,0.13249107700321203,0.9,0,2.9442461556269337
790,1774257666.6868901,1774257666.73689,0.05,5,-0.3430499179921028,-0.3430499179921028,-0.36895542096281453,2.566805778615319,1.2912518245219438,1.5607772339497317,-0.6873641237460396,0.025905502970711702,0.011296804514243263,0.015271080502602397,0.027153676024637974,0.9,0,0.5756778437935933
791,1774257666.73689,1774257666.78689,0.05,5,-0.3642988238823372,-0.3642988238823372,-0.5016363428858448,12.031080603199461,6.785378070978131,7.696397887607073,-2.696526296668904,0.15504410389481177,0.10164445863674547,0.11534382193440758,0.15504410389481177,0.9,0,3.4454245309958167
792,1774257666.78689,1774257666.83689,0.05,5,-0.49359952228578463,-0.49359952228578463,-0.6230679306331812,10.160173875041774,6.229438244043213,6.9779604314747585,-3.0656497438130073,0.19071233166227175,0.11557297306697693,0.13257514274411053,0.19071233166227175,0.9,0,4.238051814717149
793,1774257666.8368902,1774257666.8868902,0.05,5,-0.5835951185007137,-0.5835951185007137,-0.6492886875704507,5.702843295174599,2.83369559046182,3.4769139029987324,-1.3244547591827023,0.08129841861303533,0.05661835624443388,0.06406872853659062,0.08129841861303533,0.9,0,1.8066315247341183
794,1774257666.8868902,1774257666.9368901,0.05,5,-0.587100997681885,-0.587100997681885,-0.4960229033234033,3.5128687768535434,2.2392207347425273,2.5062202755940404,2.2392207347425273,0.09107809435848163,0.05049688801520954,0.05996743445957366,0.09107809435848163,0.9,0,2.0239576524107026
795,1774257666.9368901,1774257666.98689,0.05,5,-0.46818788880058476,-0.46818788880058476,-0.28640300834997834,7.6749285867164,4.606770406239877,5.182135751069025,4.606770406239877,0.18178488045060642,0.09372311483135623,0.11792697914851352,0.18178488045060642,0.9,0,4.0396640100134755
796,1774257666.98689,1774257667.03689,0.05,5,-0.260999737635384,-0.260999737635384,-0.12456964434639987,7.748679610578093,3.5894549819094412,4.46925541645529,3.3601241274823574,0.14073894818218707,0.08045943646199447,0.0992562128102232,0.14073894818218707,0.9,0,3.1275321818263793
797,1774257667.03689,1774257667.08689,0.05,5,-0.11026675039029331,-0.11026675039029331,-0.13039938267135898,6.838813588477282,4.434452893151259,4.689039736445743,-0.6669744343368917,0.07515845985031346,0.035048453793403364,0.04319580786798991,0.09529109213137912,0.9,0,1.6701879966736322
798,1774257667.0868902,1774257667.1368902,0.05,5,-0.18286677154261716,-0.18286677154261716,-0.2505290743156484,3.786826393263907,1.8879299670206247,2.3012601255405776,-1.7689272824213353,0.06766230277303126,0.02143750129886311,0.03326459879925463,0.07050817309526997,0.9,0,1.5036067282895833
799,1774257667.1368902,1774257667.1868901,0.05,5,-0.34003891431626887,-0.34003891431626887,-0.37453355622391526,7.627348972705702,2.9372827160397015,4.02432867288263,-0.8763917703131496,0.07571513696374288,0.043158061139226475,0.05042524623157412,0.07571513696374288,0.9,0,1.682558599194286
800,1774257667.1868901,1774257667.23689,0.05,5,-0.4277148583530607,-0.4277148583530607,-0.4681830704981936,6.581825652898198,2.8683228425887957,3.640500435347917,-1.0209348098014555,0.07847539813793442,0.04731449600761761,0.054476890085257836,0.07847539813793442,0.9,0,1.7438977363985424
801,1774257667.23689,1774257667.28689,0.05,5,-0.4944020708039159,-0.4944020708039159,-0.45474579277426563,5.126012857811281,1.8175067080267653,2.6408604247262772,0.7454997208788754,0.04676721083234692,0.02138165332941152,0.02821363549591033,0.059294406371695974,0.9,0,1.0392713518299315
802,1774257667.28689,1774257667.33689,0.05,5,-0.47820735566045613,-0.47820735566045613,-0.4602070375244519,4.121924223659613,1.6822915410553452,2.206390507220078,0.37867057077446165,0.02612403102479066,0.013383588088957687,0.016360441270450447,0.04352373600421833,0.9,0,0.5805340227731257
803,1774257667.3368902,1774257667.3868902,0.05,5,-0.4784852237057531,-0.4784852237057531,-0.40973041005970084,3.9155887519666908,2.5339868754178765,2.7850498516257343,1.7132499762203948,0.08488971511247612,0.04211095017415316,0.053203910874928796,0.08488971511247612,0.9,0,1.8864381136105801
804,1774257667.3868902,1774257667.4368901,0.05,5,-0.45590627312409276,-0.45590627312409276,-0.4062872313646528,11.324238804713962,4.29081443822387,6.034395613902184,1.3982554360427784,0.059373368192117526,0.03876943054894687,0.04399085654257495,0.10899240995155751,0.9,0,1.319408182047056
805,1774257667.4368901,1774257667.48689,0.05,5,-0.4263648397077714,-0.4263648397077714,-0.29613781043580417,18.704927307635856,5.484226011036985,9.401236574040317,4.468911205386981,0.13022702927196722,0.03182204632360948,0.05892063162768104,0.14749875826905073,0.9,0,2.8939339838214932
806,1774257667.48689,1774257667.53689,0.05,5,-0.3156358497871183,-0.3156358497871183,-0.25570749565541306,6.699431811412983,2.4158132445844096,3.4697543197933154,1.516660270184199,0.05992835413170522,0.017748796526440715,0.02817798074215822,0.07776163468660291,0.9,0,1.3317412029267826
807,1774257667.53689,1774257667.58689,0.05,5,-0.18468140968345353,-0.18468140968345353,-0.21434288286079362,4.903344631000252,1.916789764302517,2.581841489085058,-1.10446029268883,0.03847424390409526,0.021227127453241144,0.025398799971426776,0.04900579806984917,0.9,0,0.8549831978687835
808,1774257667.5868902,1774257667.6368902,0.05,5,-0.1497215596875119,-0.1497215596875119,-0.20275916238449862,7.210980259589605,2.9095374589034106,3.925305293173176,-1.3136852843868738,0.0566485093791354,0.0363265037788693,0.041802014814484596,0.08465746232119724,0.9,0,1.2588557639807867
809,1774257667.6368902,1774257667.6868901,0.05,5,-0.22627078845889625,-0.22627078845889625,-0.343019145554066,7.286820503682814,4.066063730942362,4.536889943739558,-2.9396288004440203,0.11674835709516973,0.044557637728630355,0.05956818440146605,0.11674835709516973,0.9,0,2.594407935448216
810,1774257667.6868901,1774257667.73689,0.05,5,-0.4137077950162697,-0.4137077950162697,-0.4636938009964366,4.973051289941299,3.5482140826872755,3.976615158927577,-1.4657401885665835,0.04998600598016689,0.021860771812478974,0.03066959011436452,0.04998600598016689,0.9,0,1.1108001328925974
811,1774257667.73689,1774257667.78689,0.05,5,-0.5022534660940152,-0.5022534660940152,-0.5065065827940353,5.451654245668658,4.48362946556372,4.560924237673466,-0.04115319077050872,0.09273339852082163,0.043215691764052086,0.05607878508230661,0.09273339852082163,0.9,0,2.0607421893515916
812,1774257667.78689,1774257667.83689,0.05,5,-0.5086657472324236,-0.5086657472324236,-0.5682799608285017,6.911376386272968,4.1887301880408545,4.546304422280727,-1.4781086315771264,0.11341277623178925,0.06675279382646777,0.07696247190877832,0.11341277623178925,0.9,0,2.520283916261983
813,1774257667.8368902,1774257667.8868902,0.05,5,-0.5421696133508105,-0.5421696133508105,-0.5077181301008536,3.245933117554565,2.1357190144233154,2.2798716203130414,0.8715574622528351,0.059823301664099215,0.02688597423730086,0.03372069508099117,0.059823301664099215,0.9,0,1.329406703646649
814,1774257667.8868902,1774257667.9368901,0.05,5,-0.5358639598024375,-0.5358639598024375,-0.38248129036531564,13.305890938292668,5.512874960411608,7.2861991857291155,3.8748199192618986,0.16905831128642512,0.07545613282362534,0.10374701181278864,0.1863154524486591,0.9,0,3.7568513619205577
815,1774257667.9368901,1774257667.98689,0.05,5,-0.41703091580106605,-0.41703091580106605,-0.40337084330556655,2.491430438596268,1.6134377517039378,1.8573885814485014,0.36772253240580377,0.0262371259862893,0.014307202382732042,0.017693362609558005,0.0398971984817888,0.9,0,0.5830472441397622
816,1774257667.98689,1774257668.03689,0.05,5,-0.3927294334874084,-0.3927294334874084,-0.4351472212534633,3.3955026222494222,2.4384265920629318,2.6050049177405565,-1.1839640809915242,0.07137720203287962,0.034108652107116874,0.04281357534863709,0.07137720203287962,0.9,0,1.5861600451751023
817,1774257668.03689,1774257668.08689,0.05,5,-0.40865798350991717,-0.40865798350991717,-0.4139953348045269,2.497327027208458,1.7851569157267175,1.855518573613267,-0.4510384273281442,0.03071790477927,0.013464757563513808,0.017096735914378235,0.036055256073879716,0.9,0,0.6826201062059999
818,1774257668.0868902,1774257668.1368902,0.05,5,-0.4117726673850915,-0.4117726673850915,-0.38106493904323385,1.6707483817970188,1.0956459028344578,1.1809910862028872,0.7912487934156052,0.030707728341857643,0.011356971320583099,0.01625384844257203,0.030707728341857643,0.9,0,0.682393963152392
819,1774257668.1368902,1774257668.1868901,0.05,5,-0.43582516250981856,-0.43582516250981856,-0.41134664299900897,7.3669514067133965,3.515860743467519,4.726781332304872,0.18381749444994577,0.06051514769996419,0.03076055668219426,0.03989169485187307,0.08499366721077378,0.9,0,1.344781059999204
820,1774257668.1868901,1774257668.23689,0.05,5,-0.3814093833897799,-0.3814093833897799,-0.474687272714416,9.09955098898937,2.584436085882445,4.569777310473435,-2.223705012040377,0.10027272599044201,0.07771613558969045,0.08693050910601924,0.10027272599044201,0.9,0,2.2282827997876002
821,1774257668.23689,1774257668.28689,0.05,5,-0.3944319292871465,-0.3944319292871465,-0.49532560350621374,6.089740283691627,2.469602612038998,3.3331018563685446,-2.469602612038998,0.10089367421906725,0.03234608289601796,0.04922914447856174,0.10089367421906725,0.9,0,2.2420816493126052
822,1774257668.28689,1774257668.33689,0.05,5,-0.5366520346412772,-0.5366520346412772,-0.47043401631706155,4.679326823655456,1.9544678178224395,2.579840131885586,1.9544678178224395,0.06621801832421564,0.038487642256404386,0.04437195481616186,0.06621801832421564,0.9,0,1.471511518315903
823,1774257668.3368902,1774257668.3868902,0.05,5,-0.4264009233638908,-0.4264009233638908,-0.40235114541535477,6.381854859138432,3.7773590462349755,4.231690460029305,0.5864316166657594,0.06354156512557985,0.030858709713690546,0.037395719488055444,0.08759134307411587,0.9,0,1.4120347805684408
824,1774257668.3868902,1774257668.4368901,0.05,5,-0.3370768560878061,-0.3370768560878061,-0.3982037822107251,2.574537229211994,1.5061771450523278,1.6871397491608475,-1.5061771450523278,0.061126926122919034,0.035304440116590875,0.0424438819654499,0.061126926122919034,0.9,0,1.3583761360648672
825,1774257668.4368901,1774257668.48689,0.05,5,-0.3390511226897321,-0.3390511226897321,-0.3135701634518668,12.090282563738082,5.409452581970011,6.698283792709172,0.6356886998990305,0.12103819009098102,0.05344167287772887,0.06804835123785181,0.12103819009098102,0.9,0,2.6897375575773554
826,1774257668.48689,1774257668.53689,0.05,5,-0.31585035022239155,-0.31585035022239155,-0.27031407466579865,10.160302859747803,5.479936713411201,6.486763052998721,0.3997852835372986,0.11201917998740632,0.06091119666442828,0.07419929766749173,0.11201917998740632,0.9,0,2.4893151108312512
827,1774257668.53689,1774257668.58689,0.05,5,-0.2893276113546838,-0.2893276113546838,-0.2521300953255686,5.014071113337489,2.2158084693194957,2.85785633930179,0.9243903943178795,0.037197516029115196,0.022539647880139346,0.026059788421050015,0.06283372450632252,0.9,0,0.826611467313671
828,1774257668.5868902,1774257668.6368902,0.05,5,-0.3130965591802204,-0.3130965591802204,-0.30102176892528393,1.971331062555581,1.4000764227009521,1.500679252970782,0.23226296775034733,0.024525667107097082,0.010947123629390099,0.013659770072524979,0.036600457362033545,0.9,0,0.5450148246021573
829,1774257668.6368902,1774257668.6868901,0.05,5,-0.29083753892751835,-0.29083753892751835,-0.47415666886095226,6.410144521851444,4.689655896101325,4.982464012395453,-4.689655896101325,0.1833191299334339,0.1030487790188345,0.12325614768469591,0.1833191299334339,0.9,0,4.073758442965198
830,1774257668.6868901,1774257668.73689,0.05,5,-0.44836856412201936,-0.44836856412201936,-0.5513505182108923,5.715186562236946,2.9210095494154706,3.447024426400325,-2.4622057258815224,0.10298195408887295,0.04487057378893209,0.06158142862601566,0.11197578247397838,0.9,0,2.288487868641621
831,1774257668.73689,1774257668.78689,0.05,5,-0.5491817801328235,-0.5491817801328235,-0.5189072828799864,5.817087944845236,3.7123622970089603,4.20698045374378,0.8038183245863424,0.08903198070451657,0.05014911620965458,0.060149382766232204,0.08903198070451657,0.9,0,1.9784884601003678
832,1774257668.78689,1774257668.83689,0.05,5,-0.5083512155632329,-0.5083512155632329,-0.3687297799862619,9.636943082659682,4.479345888903614,5.632423057904809,2.9986798277605384,0.1689692587979556,0.0856999247707373,0.11111834754818281,0.1689692587979556,0.9,0,3.7548724177323463
833,1774257668.8368902,1774257668.8868902,0.05,5,-0.3628889248655799,-0.3628889248655799,-0.2487367325210845,4.505967561130101,2.9072941897971925,3.170049145110732,2.9072941897971925,0.11415219234449539,0.04679673335520225,0.0625870571690798,0.11415219234449539,0.9,0,2.5367153854332307
834,1774257668.8868902,1774257668.9368901,0.05,5,-0.22960033300621843,-0.22960033300621843,-0.24315814750101575,1.5415626793571364,1.1467623844671693,1.2046261941238652,-0.3399385038523378,0.01422142623750347,0.007572186419047905,0.009553776089489414,0.016140602544452765,0.9,0,0.31603169416674376
835,1774257668.9368901,1774257668.98689,0.05,5,-0.26438699929445564,-0.26438699929445564,-0.40127318239178805,4.279141999807632,2.8195090000331797,3.0288604045125274,-2.8195090000331797,0.13688618309733241,0.056319177692614866,0.07554698729326242,0.13688618309733241,0.9,0,3.04191517994072
836,1774257668.98689,1774257669.03689,0.05,5,-0.3403397958685957,-0.3403397958685957,-0.4119475070003016,2.6446956850503827,1.6629810572420927,1.8010871508509985,-1.6629810572420927,0.07160771113170589,0.032610036513618046,0.04175411965278272,0.07160771113170589,0.9,0,1.591282469593464
837,1774257669.03689,1774257669.08689,0.05,5,-0.3855156393586016,-0.3855156393586016,-0.42141389336280094,4.508196312240703,2.8852434158300624,3.073264553628454,-0.7716489292053548,0.03626544427037598,0.019964533332554234,0.024941786996612845,0.0721636982745753,0.9,0,0.8058987615639106
838,1774257669.0868902,1774257669.1368902,0.05,5,-0.4031280764850133,-0.4031280764850133,-0.4156877751500389,4.8379588914774665,2.661552821935821,3.183521167173827,-0.3991109295446753,0.04464981004120816,0.019354406462007413,0.026506114548053884,0.05720950870623376,0.9,0,0.9922180009157368
839,1774257669.1368902,1774257669.1868901,0.05,5,-0.43566068403610614,-0.43566068403610614,-0.47777395774282355,2.671094769949819,1.2083962999420343,1.5471585969971762,-1.0821470828620454,0.04211327370671741,0.01353335152728482,0.021176724746780312,0.043887136273893734,0.9,0,0.9358505268159424
840,1774257669.1868901,1774257669.23689,0.05,5,-0.45367392197021306,-0.45367392197021306,-0.4598752493982408,4.530283180966559,2.6066172853354153,3.2296685248073302,-0.27020316361457974,0.04325333415836624,0.012430805201804174,0.02000712460742659,0.0519989367806315,0.9,0,0.9611852035192497
841,1774257669.23689,1774257669.28689,0.05,5,-0.45136076079786125,-0.45136076079786125,-0.47578562546704517,2.9758956722302052,2.021648187139199,2.309179434874688,-0.8495368638050371,0.029620874792998964,0.013271401070151534,0.017610148560398126,0.054045739462182885,0.9,0,0.6582416620666436
842,1774257669.28689,1774257669.33689,0.05,5,-0.5119142968933572,-0.5119142968933572,-0.5003662781185274,3.663928415254715,1.8221386481485378,2.1732268630733023,0.009825559478819884,0.038286630314847636,0.014581279639846834,0.019733718929492612,0.04343021607904879,0.9,0,0.850814006996614
843,1774257669.3368902,1774257669.3868902,0.05,5,-0.503601080700598,-0.503601080700598,-0.455019208464978,5.3520545871355445,4.362947596286164,4.461479627047424,0.5882018730277941,0.07271262646542564,0.03335438939544442,0.04234049404272583,0.10732913807921274,0.9,0,1.6158361436761253
844,1774257669.3868902,1774257669.4368901,0.05,5,-0.43232512908970144,-0.43232512908970144,-0.3647089162486368,4.691899889085683,2.161014706308043,2.6509771532034327,1.8552176463238128,0.06761621284106462,0.02045276545100457,0.03191650388361255,0.07537227983936573,0.9,0,1.5025825075792134
845,1774257669.4368901,1774257669.48689,0.05,5,-0.34264362065394044,-0.34264362065394044,-0.28954342668540484,3.8451220692197263,1.916605150548462,2.2432568790936895,1.2537408406605868,0.0531001939685356,0.01814972367508062,0.025970069480387065,0.0531001939685356,0.9,0,1.1800043104119022
846,1774257669.48689,1774257669.53689,0.05,5,-0.2491945738635067,-0.2491945738635067,-0.2814528683050576,5.249359243009481,2.5683011963476234,3.173749596761841,-0.8845115307254872,0.06421138893017744,0.022698395080959565,0.0328333112438657,0.06633691068071701,0.9,0,1.426919754003943
847,1774257669.53689,1774257669.58689,0.05,5,-0.24883307019835235,-0.24883307019835235,-0.3096297893002951,3.0444733097526133,1.5651433182318781,1.9046307703387904,-1.5651433182318781,0.06079671910194276,0.028440513296651426,0.03650817067377936,0.06079671910194276,0.9,0,1.3510382022653944
848,1774257669.5868902,1774257669.6368902,0.05,5,-0.3365714381188952,-0.3365714381188952,-0.3659248845323027,3.4761533519663494,2.1368119363603335,2.4488887208099612,-0.3987352603771591,0.02935344641340748,0.015801175862940685,0.018639253913190785,0.0429975349297288,0.9,0,0.6522988091868328
849,1774257669.6368902,1774257669.6868901,0.05,5,-0.36027414339661734,-0.36027414339661734,-0.37626000702479706,3.690046681460177,2.3112173254497264,2.596257378806081,-0.4661939847196378,0.03719251715152955,0.01578379205822612,0.01997387399192999,0.05317838077970927,0.9,0,0.8265003811451009
850,1774257669.6868901,1774257669.73689,0.05,5,-0.36799198733546945,-0.36799198733546945,-0.4474161026965404,10.27354883644233,4.3675166667123415,5.617910380024594,-2.4194428295379424,0.07942411536107097,0.04012983721516532,0.048945900959338116,0.11822671065528378,0.9,0,1.7649803413571323
851,1774257669.73689,1774257669.78689,0.05,5,-0.4762907473139614,-0.4762907473139614,-0.4503061565679018,10.890606498838979,7.235840363169226,8.137683467756565,1.104356276771167,0.14149939651311538,0.0738534314856398,0.09203544652688819,0.14149939651311538,0.9,0,3.144431033624786
852,1774257669.78689,1774257669.83689,0.05,5,-0.5149364841217814,-0.5149364841217814,-0.49328989202397916,2.743770582827397,1.3967354682822062,1.605412855117241,0.5359718204179253,0.03873425146581877,0.02061527664125944,0.024850536819266186,0.03873425146581877,0.9,0,0.8607611436848615
853,1774257669.8368902,1774257669.8868902,0.05,5,-0.49661232773330327,-0.49661232773330327,-0.4590343427596814,3.002510760116857,1.804640418855481,2.023921693388964,0.8898291544320764,0.03757798497362186,0.013498370910931234,0.018707156411237387,0.04672079089915032,0.9,0,0.8350663327471524
854,1774257669.8868902,1774257669.9368901,0.05,5,-0.4469266078560181,-0.4469266078560181,-0.4210240178311659,4.369773352596499,3.2936463175239297,3.3740931119570794,0.6550662698080754,0.03515705437999822,0.016911445336511267,0.021187615602729786,0.05245311716907203,0.9,0,0.7812678751110714
855,1774257669.9368901,1774257669.98689,0.05,5,-0.3950274589436669,-0.3950274589436669,-0.3802909644924851,5.133521512524912,3.0209945886835774,3.321741929362215,1.0277067947519565,0.023258492375743234,0.012432137023994861,0.015410158857736405,0.04362544548123043,0.9,0,0.5168553861276274
856,1774257669.98689,1774257670.03689,0.05,5,-0.3282919190872513,-0.3282919190872513,-0.313447579879931,3.1232680569176408,1.5463567832694043,1.8088154523724544,0.33999961829169323,0.017156785352567483,0.00871485386826224,0.01079779603566902,0.032001124559887795,0.9,0,0.3812618967237218
857,1774257670.03689,1774257670.08689,0.05,5,-0.2604980738841213,-0.2604980738841213,-0.3572314522499313,4.425761645731648,2.372743007810251,3.0136957747442814,-2.190139847100612,0.09673337836581003,0.030809641213589267,0.04818185617587183,0.09673337836581003,0.9,0,2.149630630351334
858,1774257670.0868902,1774257670.1368902,0.05,5,-0.34692848765378614,-0.34692848765378614,-0.4581253362019994,5.236447371780014,4.078597825888579,4.178230314468066,-2.7326681489199727,0.11119684854821327,0.05011650288631272,0.06270427451518665,0.13942723370904953,0.9,0,2.4710410788491832
859,1774257670.1368902,1774257670.1868901,0.05,5,-0.4614594064747489,-0.4614594064747489,-0.5345275646435197,4.087072688632307,1.920912988827641,2.329498039030791,-1.920912988827641,0.07306815816877077,0.04254245171964273,0.04922846813788989,0.07306815816877077,0.9,0,1.6237368481949057
860,1774257670.1868901,1774257670.23689,0.05,5,-0.5118520942878598,-0.5118520942878598,-0.5391003671718576,3.3754512543448603,1.8604212974949237,2.08653467581118,-0.7252817498718764,0.03542097981423409,0.015864133315193273,0.02105411123868581,0.05009605766799474,0.9,0,0.7871328847607574
861,1774257670.23689,1774257670.28689,0.05,5,-0.4868854521578794,-0.4868854521578794,-0.4524289075202522,8.517687791632634,3.460727355962149,4.606499434872713,0.7981165398541678,0.08673846267609908,0.05304102156181277,0.061918944832036034,0.08673846267609908,0.9,0,1.9275213928022017
862,1774257670.28689,1774257670.33689,0.05,5,-0.4636301225245441,-0.4636301225245441,-0.38653375285714375,3.7786193138343847,2.58705194641532,2.7381754782810006,1.9349701158071957,0.07709636966740036,0.04447753269926378,0.052411057912931824,0.07709636966740036,0.9,0,1.7132526592755632
863,1774257670.3368902,1774257670.3868902,0.05,5,-0.3841835830985849,-0.3841835830985849,-0.39033613608807216,0.9695844260924908,0.6348349572651578,0.6813463762641647,-0.1500427442189124,0.01567131412678452,0.008065906682055002,0.00979176887175856,0.01567131412678452,0.9,0,0.34825142503965595
864,1774257670.3868902,1774257670.4368901,0.05,5,-0.35426100704883084,-0.35426100704883084,-0.3367475375855103,4.466150685776343,2.490396220558529,2.763604140134839,0.4692461744666123,0.04484354733962653,0.01651333908398801,0.022883819664455244,0.04484354733962653,0.9,0,0.9965232742139228
865,1774257670.4368901,1774257670.48689,0.05,5,-0.3363124333950911,-0.3363124333950911,-0.3825012856919088,8.546312743454468,3.4073900283722725,4.564977507640008,-0.8657663433549619,0.05442333846651404,0.03203609973897945,0.037647304287783054,0.09462613196516645,0.9,0,1.2094075214780895
866,1774257670.48689,1774257670.53689,0.05,5,-0.34689213048947093,-0.34689213048947093,-0.3499954259976707,3.5500002394760184,2.2327941309581605,2.4922606935938014,-0.19111788061189922,0.024051979820731595,0.013833806124715242,0.017165161924921665,0.04617866241907459,0.9,0,0.5344884404607021
867,1774257670.53689,1774257670.58689,0.05,5,-0.36077496192800085,-0.36077496192800085,-0.3336591641348621,5.198096078652973,4.022887508699704,4.131719798405736,0.42790239651712825,0.06363540618992652,0.026411559498620875,0.034800414193872545,0.0907512039830653,0.9,0,1.4141201375539225
868,1774257670.5868902,1774257670.6368902,0.05,5,-0.3780172684061331,-0.3780172684061331,-0.4796247017476649,7.161915485896179,6.019967252165651,6.1283793760636405,-2.4390095092175623,0.16461713491420155,0.08736210285739743,0.10411027641632276,0.16461713491420155,0.9,0,3.658158553648923
869,1774257670.6368902,1774257670.6868901,0.05,5,-0.4581033819972326,-0.4581033819972326,-0.524653630757132,5.175778905524323,2.3883458463466556,3.020530353248991,-1.6697287711946438,0.07669554970614406,0.0487063109970973,0.05541977933632004,0.07669554970614406,0.9,0,1.7043455490254233
870,1774257670.6868901,1774257670.73689,0.05,5,-0.499760187191857,-0.499760187191857,-0.4345574006039476,2.605345477354074,1.648684569791158,1.8916819216842191,1.648684569791158,0.0652027865879094,0.03699567286283599,0.04391451999171647,0.0652027865879094,0.9,0,1.4489508130646531
871,1774257670.73689,1774257670.78689,0.05,5,-0.4598542622755111,-0.4598542622755111,-0.35792119481575535,3.477982501352949,2.5690761849204473,2.6457840653771805,2.5690761849204473,0.10193306745975578,0.05454524419276836,0.06571202286254087,0.10193306745975578,0.9,0,2.2651792768834613
872,1774257670.78689,1774257670.83689,0.05,5,-0.36386020871448777,-0.36386020871448777,-0.2736350111913117,6.227296821737228,3.4527922512900195,3.986348827500886,2.5560444118980588,0.09022519752317609,0.03588622986246988,0.0472250580346975,0.10808359632515413,0.9,0,2.005004389403913
873,1774257670.8368902,1774257670.8868902,0.05,5,-0.2253774987878546,-0.2253774987878546,-0.23961757742969853,7.935467634373308,2.9341820343331237,4.135082672648826,-1.0335517828535299,0.04850747093699073,0.021567401966443717,0.027969005203338896,0.05803217858055412,0.9,0,1.077943798599794
874,1774257670.8868902,1774257670.9368901,0.05,5,-0.2524581373765517,-0.2524581373765517,-0.3650358903526227,3.828615800329524,2.8450951334309007,2.9936769992678895,-2.8450951334309007,0.11257775297607098,0.05405191645235512,0.06867075783031035,0.11257775297607098,0.9,0,2.501727843912688
875,1774257670.9368901,1774257670.98689,0.05,5,-0.4009126465816895,-0.4009126465816895,-0.38502251575921276,7.412296926450568,6.480016434705686,6.512161713356064,0.601758740425905,0.080084853086833,0.03392308577708954,0.04563751872545459,0.13966884127221402,0.9,0,1.779663401929622
876,1774257670.98689,1774257671.03689,0.05,5,-0.4292802990024963,-0.4292802990024963,-0.3746629713518774,9.424622502640004,6.595728293546276,6.7996061492477065,1.0200369832801928,0.09183029685039623,0.04142217557781269,0.051730529768832724,0.14644762450101512,0.9,0,2.0406732633421383
877,1774257671.03689,1774257671.08689,0.05,5,-0.4210678161433798,-0.4210678161433798,-0.4731873809277731,6.147224388335412,3.126926046405746,3.708318517957673,-1.388784582425927,0.08797804830828043,0.03506497462504946,0.04744279020243118,0.08797804830828043,0.9,0,1.9550677401840093
878,1774257671.0868902,1774257671.1368902,0.05,5,-0.4059234146969995,-0.4059234146969995,-0.3685999301274917,2.9257131590493572,1.2266549235243218,1.614927756034481,0.9138130759110669,0.03732348456950779,0.011091709840457719,0.01735251050294135,0.043563757172236484,0.9,0,0.8294107682112841
879,1774257671.1368902,1774257671.1868901,0.05,5,-0.40258663872130834,-0.40258663872130834,-0.3410697719216965,7.27307878700705,2.6342568943978453,3.757576178537092,1.4775209258289064,0.061516866799611825,0.02929595184381434,0.03739828413537892,0.08434735593740922,0.9,0,1.367041484435818
880,1774257671.1868901,1774257671.23689,0.05,5,-0.3614285686431665,-0.3614285686431665,-0.35384758607610806,9.1404153631383,5.7752337748385285,6.2991148511315815,-0.17570600568239048,0.11522927686904844,0.05442544370778185,0.07106272634143661,0.1228102594361069,0.9,0,2.560650597089965
881,1774257671.23689,1774257671.28689,0.05,5,-0.3687212935543611,-0.3687212935543611,-0.5071728436503551,6.201742230808619,3.60398317364039,4.243433203170298,-3.43144717844678,0.14183291177242818,0.07770765244733199,0.09645186626646099,0.14183291177242818,0.9,0,3.151842483831737
882,1774257671.28689,1774257671.33689,0.05,5,-0.47354730752473173,-0.47354730752473173,-0.48266533412955026,2.4936234172381124,1.3929594276468795,1.5548413956579508,-0.4855555308222598,0.01525411186032527,0.008413827566615194,0.01048567752186929,0.030320687385553824,0.9,0,0.33898026356278377
883,1774257671.3368902,1774257671.3868902,0.05,5,-0.46087091795716395,-0.46087091795716395,-0.3688563349108939,5.009781636004808,2.7310335817504985,3.4193723840467736,2.3595266574849285,0.09201458304627003,0.02910465662668904,0.04605884999986041,0.09924170248695074,0.9,0,2.0447685121393335
884,1774257671.3868902,1774257671.4368901,0.05,5,-0.43520561678621483,-0.43520561678621483,-0.39239221047077205,5.44504615994435,1.9533246494438918,2.8400092968002966,1.2817273464743486,0.04281340631544278,0.013248872059332607,0.020509810710493744,0.05509727002551518,0.9,0,0.9514090292320617
885,1774257671.4368901,1774257671.48689,0.05,5,-0.36073675602054406,-0.36073675602054406,-0.5071029274333514,7.812723192265571,3.9499728620859527,4.551683076749717,-3.9499728620859527,0.14636617141280733,0.08236243053749007,0.09846159837121439,0.14636617141280733,0.9,0,3.2525815869512735
886,1774257671.48689,1774257671.53689,0.05,5,-0.45265700478204995,-0.45265700478204995,-0.4372683320518557,8.691113547144507,5.026453425399255,5.547183048270725,0.4246000854839136,0.08492181456151565,0.02839601283481912,0.0417214322459578,0.09185180369322121,0.9,0,1.8871514347003475
887,1774257671.53689,1774257671.58689,0.05,5,-0.42550155835062015,-0.42550155835062015,-0.3685859868184684,8.271547108931891,5.92916116653234,6.693936217151733,1.477039877223205,0.14816129910734221,0.07050386346122187,0.08517307864377886,0.14816129910734221,0.9,0,3.2924733134964934
888,1774257671.5868902,1774257671.6368902,0.05,5,-0.39128041093225985,-0.39128041093225985,-0.35256030932888555,10.08970985004845,6.119895675491135,7.3860376549572555,1.0869220569953124,0.14252575846297166,0.04574029859860973,0.0687749235511557,0.14252575846297166,0.9,0,3.1672390769549255
889,1774257671.6368902,1774257671.6868901,0.05,5,-0.3715874131026936,-0.3715874131026936,-0.3287982100388655,9.010315169496234,4.534149191612505,5.321974250302165,0.860704845032942,0.06287949685143113,0.03702734235852685,0.042360552572070255,0.10566869991525923,0.9,0,1.397322152254025
890,1774257671.6868901,1774257671.73689,0.05,5,-0.3473544496337022,-0.3473544496337022,-0.3942795927394216,3.8237661757815053,2.1673156188996274,2.5667912014690426,-1.2463794127715557,0.06563216021310098,0.04190829426941004,0.04830239260859956,0.06563216021310098,0.9,0,1.4584924491800215
891,1774257671.73689,1774257671.78689,0.05,5,-0.3429049054080119,-0.3429049054080119,-0.3453467380262036,3.25341941874583,1.6368184658426066,1.9690722923695478,0.010108756469691449,0.01804093677694729,0.01087149503935928,0.013460035203957223,0.035560073812719306,0.9,0,0.4009097061543842
892,1774257671.78689,1774257671.83689,0.05,5,-0.34897735925179413,-0.34897735925179413,-0.3822752086868331,5.396692539414282,2.663548315310361,3.3382798601311863,-0.8215717876171271,0.03507406648653694,0.021962155590082112,0.02529862973192084,0.06837191592157593,0.9,0,0.7794236997008207
893,1774257671.8368902,1774257671.8868902,0.05,5,-0.39491435218802745,-0.39491435218802745,-0.4287466608873478,3.204626312404059,1.4204754334044607,1.7686539251501892,-0.8549843932421152,0.03383230869932036,0.018934403934083143,0.02256398302466147,0.04532547877227627,0.9,0,0.751829082207119
894,1774257671.8868902,1774257671.9368901,0.05,5,-0.3648902151939493,-0.3648902151939493,-0.5176351505803811,4.841554738915975,3.8440913907235768,4.025073125781923,-3.8440913907235768,0.1527449353864318,0.06621136573496743,0.08603886819466074,0.1527449353864318,0.9,0,3.394331897476262
895,1774257671.9368901,1774257671.98689,0.05,5,-0.45080510217876146,-0.45080510217876146,-0.5348279445015657,8.395982719748247,4.975721735492095,5.42200580865304,-2.363384528564019,0.08402284232280421,0.04064280677777661,0.05009215820251535,0.13679769624179616,0.9,0,1.8671742738400934
896,1774257671.98689,1774257672.03689,0.05,5,-0.598481966544007,-0.598481966544007,-0.5843834683463086,2.890993655576802,1.7910761728078668,2.0891607665939778,0.34557934501946586,0.04112632894968005,0.018762458635552325,0.023346744958440826,0.04112632894968005,0.9,0,0.9139184211040009
897,1774257672.03689,1774257672.08689,0.05,5,-0.5455013142968407,-0.5455013142968407,-0.49726707682821963,4.655202792082218,3.4193642267690905,3.6752309503592064,1.1848525403620878,0.048234237468621044,0.025067760180757036,0.032274492851458565,0.09218409065520644,0.9,0,1.0718719437471342
898,1774257672.0868902,1774257672.1368902,0.05,5,-0.4545103500338494,-0.4545103500338494,-0.45432632183881255,4.292445354709564,2.1303256104873562,2.5943176902174137,-0.07237295477507555,0.02454710197359017,0.01355689820375774,0.017530105234867924,0.04418527428349145,0.9,0,0.5454911549686704
899,1774257672.1368902,1774257672.1868901,0.05,5,-0.384991509470415,-0.384991509470415,-0.2951528788467491,6.262131499490115,2.193344699926105,3.266740221820899,2.193344699926105,0.08983863062366587,0.06435749674134435,0.07258898275361525,0.08983863062366587,0.9,0,1.9964140138592414
900,1774257672.1868901,1774257672.23689,0.05,5,-0.2588235756694282,-0.2588235756694282,-0.2283705814585401,7.412745475414675,2.452817904626907,3.7846126160650297,1.2535548330804298,0.054306708089957745,0.03561620451380905,0.040690433779763446,0.054306708089957745,0.9,0,1.2068157353323943
901,1774257672.23689,1774257672.28689,0.05,5,-0.24036447516141063,-0.24036447516141063,-0.25714277983965,4.465391943233624,2.6043649310971757,2.944213046701035,-0.37166895948036394,0.05924755583588853,0.03168217376562923,0.03850489013392181,0.05924755583588853,0.9,0,1.316612351908634
902,1774257672.28689,1774257672.33689,0.05,5,-0.2974151442541056,-0.2974151442541056,-0.34086770154099216,4.962870474321709,2.4101489231664592,2.876125947310919,-1.017676167969997,0.052502924563535225,0.024443243953926764,0.03210020734759615,0.052502924563535225,0.9,0,1.1667316569674493
903,1774257672.3368902,1774257672.3868902,0.05,5,-0.31240392044837056,-0.31240392044837056,-0.34922375580832143,2.4016615673702337,1.2179640926409872,1.4112289619695517,-0.8539717724911249,0.04414115687053355,0.024527704153531015,0.030366301693790718,0.04414115687053355,0.9,0,0.9809145971229677
904,1774257672.3868902,1774257672.4368901,0.05,5,-0.3570122695647888,-0.3570122695647888,-0.41874175366184074,3.6826590592315824,2.2665015568284956,2.534421682860629,-1.9637774179331458,0.06172948409705192,0.02239991029122259,0.031166937202442836,0.06172948409705192,0.9,0,1.3717663132678204
905,1774257672.4368901,1774257672.48689,0.05,5,-0.4090966404388176,-0.4090966404388176,-0.4209043660490893,5.848036532715819,3.8997530552522437,4.353814930734427,-0.2651178765732676,0.0848755330892711,0.04543181822635215,0.05639628717236219,0.0848755330892711,0.9,0,1.8861229575393574
906,1774257672.48689,1774257672.53689,0.05,5,-0.41444107533882063,-0.41444107533882063,-0.5290552541874509,6.546074626178077,4.124315865213309,4.394078469020092,-2.7878929527712737,0.14038417842722234,0.08604825480013586,0.0991441022248878,0.14038417842722234,0.9,0,3.1196484094938293
907,1774257672.53689,1774257672.58689,0.05,5,-0.47661064695714533,-0.47661064695714533,-0.5630435026283231,3.4502432213486927,2.1748148959913878,2.3018519968544924,-2.1748148959913878,0.08643285567117781,0.03906818780122952,0.048867443241838525,0.08643285567117781,0.9,0,1.9207301260261733
908,1774257672.5868902,1774257672.6368902,0.05,5,-0.47958108998986027,-0.47958108998986027,-0.4601514366724947,2.170223970834595,0.6546718293691168,1.0945122154180316,0.4874476406181156,0.01942965331736557,0.008383935928804265,0.012030837220502742,0.02276488088202422,0.9,0,0.4317700737192348
909,1774257672.6368902,1774257672.6868901,0.05,6,-0.4563763863770567,-0.4563763863770567,-0.26230163378721183,7.498364812086205,4.119037307275735,4.8713971887952745,3.7651939379439496,0.19407475258984486,0.08733442005334328,0.1175855526330334,0.20030853325246467,0.9,0,4.31277227977433
910,1774257672.6868901,1774257672.73689,0.05,5,-0.2565579762138685,-0.2565579762138685,-0.16593752112791624,6.051449631929883,3.2910913661990713,3.789291021120815,2.2353967238853447,0.09062045508595226,0.04186709084365253,0.05239794626604766,0.10796289670313128,0.9,0,2.013787890798939
911,1774257672.73689,1774257672.78689,0.05,4,-0.1613671419785612,-0.1613671419785612,-0.1428684813552374,1.0243165743054239,0.5834714976634071,0.7018684989333338,0.5834714976634071,0.01849866062332381,0.01004992810033753,0.012019880973123618,0.01849866062332381,0.9,0,0.41108134718497347
912,1774257672.78689,1774257672.83689,0.05,5,-0.17526220779462212,-0.17526220779462212,-0.3097346207296914,5.5838646689894516,3.3492937462471772,3.7179013144290094,-3.3492937462471772,0.13447241293506926,0.07533528011654826,0.09183062231232236,0.13447241293506926,0.9,0,2.9882758430015386
913,1774257672.8368902,1774257672.8868902,0.05,5,-0.30880717003933955,-0.30880717003933955,-0.27756938147250254,6.5234250370417195,2.6679106816276628,3.5329038808511313,0.7659907967647113,0.04968941676228461,0.022941255909389523,0.02835842056322718,0.06825966562149988,0.9,0,1.1042092613841024
914,1774257672.8868902,1774257672.9368901,0.05,6,-0.32159434295622924,-0.32159434295622924,-0.25480688634843174,3.181200417851544,1.632958658760047,2.0700406250831316,1.3260421236800322,0.0667874566077975,0.020395407116307745,0.032836488210809825,0.07390313805638071,0.9,0,1.4841657023955
915,1774257672.9368901,1774257672.98689,0.05,4,-0.31068247439139907,-0.31068247439139907,-0.44802937898547024,9.016966213331386,5.219296795670291,6.304084830470507,-4.883469737749944,0.14252494406444977,0.09063303263297205,0.10725000475703014,0.14252494406444977,0.9,0,3.1672209792099943
916,1774257672.98689,1774257673.03689,0.05,6,-0.3821251362377324,-0.3821251362377324,-0.5414065611128241,3.9689041257804725,3.205488142298428,3.2585282495812233,-3.205488142298428,0.15928142487509173,0.08553207016014584,0.10171782401712146,0.15928142487509173,0.9,0,3.5395872194464824
917,1774257673.03689,1774257673.08689,0.05,4,-0.5212004105545838,-0.5212004105545838,-0.45341860125397465,5.700092973326192,3.4689402221957697,3.8249597761584897,2.168048060993394,0.06778180930060912,0.023907331986669764,0.0354407262144197,0.08629166058663812,0.9,0,1.5062624289024247
918,1774257673.0868902,1774257673.1368902,0.05,6,-0.4961857279047576,-0.4961857279047576,-0.40344451343815074,5.97836644372381,1.9801437148342784,3.0266606980746458,1.6606462390719028,0.09438355248588465,0.03723692761494177,0.05509933111136707,0.10028677750390114,0.9,0,2.097412277464103
919,1774257673.1368902,1774257673.1868901,0.05,5,-0.47123312451175753,-0.47123312451175753,-0.40391089265178964,3.657839882657628,1.6858492259949036,2.1195756363181215,1.6858492259949036,0.06732223185996788,0.02609566559290465,0.034588694943319204,0.06732223185996788,0.9,0,1.496049596888175
920,1774257673.1868901,1774257673.23689,0.05,4,-0.39801955899872044,-0.39801955899872044,-0.43717003211504063,3.477083113779907,1.6886141807553459,2.1114562302222324,-1.2298278858511973,0.04606983409803411,0.030831751520724066,0.03573272190062574,0.04606983409803411,0.9,0,1.0237740910674247
921,1774257673.23689,1774257673.28689,0.05,6,-0.4152940342747839,-0.4152940342747839,-0.41100100525902433,4.482795295588473,2.097171310233175,2.5992035154531865,0.2409305363657237,0.03691999451894956,0.01491569100287519,0.021164762993474237,0.03691999451894956,0.9,0,0.8204443226433235
922,1774257673.28689,1774257673.33689,0.05,5,-0.4019991491891417,-0.4019991491891417,-0.3573937381805681,5.357557947549389,2.496921625274524,3.142841746918647,1.1431054409563017,0.05212446860448072,0.0347780257702874,0.04006995721871272,0.05212446860448072,0.9,0,1.158321524544016
923,1774257673.3368902,1774257673.3868902,0.05,5,-0.3560478212870668,-0.3560478212870668,-0.32171005268291863,3.6606910806842965,2.0998830347912367,2.3222909382803274,0.8298384364012417,0.059245486737572906,0.03585828500679361,0.04108714185291976,0.059245486737572906,0.9,0,1.3165663719460645
924,1774257673.3868902,1774257673.4368901,0.05,4,-0.28124828588875594,-0.28124828588875594,-0.28275719539188554,1.0370942990419307,0.7134655671858271,0.8418573288872352,-0.03230498275988595,0.00848173379616135,0.0027267078426162633,0.004331743778761106,0.009990643299290947,0.9,0,0.18848297324802998
925,1774257673.4368901,1774257673.48689,0.05,6,-0.32625420305686986,-0.32625420305686986,-0.30863072523103374,8.891638389921093,3.6753764130182534,4.550946832003229,0.5641721266694735,0.0820293289987501,0.03989250885258791,0.048962690058941,0.09965280682458622,0.9,0,1.8228739777500018
926,1774257673.48689,1774257673.53689,0.05,4,-0.29988011985987517,-0.29988011985987517,-0.43899810763370534,8.978932325151717,4.589324330284769,5.740287627257911,-4.589324330284769,0.13911798777383017,0.09091811947463575,0.10660771854694494,0.13911798777383017,0.9,0,3.0915108394184476
927,1774257673.53689,1774257673.58689,0.05,6,-0.44269614433376653,-0.44269614433376653,-0.5035637818407349,4.791991192489068,3.0065649814740056,3.361763786800087,-1.089768504478378,0.060867637506968386,0.03123319642842204,0.03894252319478455,0.10457967722193223,0.9,0,1.3526141668215195
928,1774257673.5868902,1774257673.6368902,0.05,5,-0.5322056727068384,-0.5322056727068384,-0.49449273569038343,5.15493770225575,3.3180505975952763,3.53192138409451,0.740581746467401,0.04018072160140557,0.019668267314900446,0.025570824645983606,0.04697486732433248,0.9,0,0.8929049244756792
929,1774257673.6368902,1774257673.6868901,0.05,5,-0.4817350738946675,-0.4817350738946675,-0.543066619739161,4.827849648215603,3.4128720013965848,3.578360983383113,-1.4990360004568344,0.09876043499632559,0.05437939467383568,0.06471020409262486,0.09876043499632559,0.9,0,2.1946763332516794
930,1774257673.6868901,1774257673.73689,0.05,5,-0.4290314035503116,-0.4290314035503116,-0.4815210207078954,2.937748524614612,1.3121629705532616,1.7150405085576221,-1.3121629705532616,0.05248961715758377,0.03555151441493565,0.0405284842396037,0.05248961715758377,0.9,0,1.1664359368351946
931,1774257673.73689,1774257673.78689,0.05,4,-0.45780085159156636,-0.45780085159156636,-0.38033455980876096,3.683886154411302,2.5108309768880357,2.9006854679171905,2.5108309768880357,0.0774662917828054,0.03955367658502597,0.048143285698739005,0.0774662917828054,0.9,0,1.7214731507290086
932,1774257673.78689,1774257673.83689,0.05,6,-0.3971735227783915,-0.3971735227783915,-0.3313720816912325,5.5759808637483115,2.58483045853846,3.1349599589460233,1.3425688542026568,0.06580144108715902,0.01867686881942504,0.02961784591160096,0.07089491128780606,0.9,0,1.4622542463813113
933,1774257673.8368902,1774257673.8868902,0.05,5,-0.29380268896354983,-0.29380268896354983,-0.4079910323901976,7.30479595339452,2.9165880506096253,3.955204149022002,-2.9165880506096253,0.1141883434266478,0.07858765598393777,0.0892665809773815,0.1141883434266478,0.9,0,2.5375187428143953
934,1774257673.8868902,1774257673.9368901,0.05,5,-0.323355946944646,-0.323355946944646,-0.3969776567593064,4.581937375078751,2.6897889223759837,3.10694854625425,-1.8536597153596166,0.07362170981466043,0.03818355071200663,0.0474819904829223,0.09039172300660953,0.9,0,1.6360379958813427
935,1774257673.9368901,1774257673.98689,0.05,5,-0.40120579063784895,-0.40120579063784895,-0.3927818632271244,6.4161227325886205,3.2426407863452176,3.8918526241668996,-0.1825702256498012,0.0559763336985411,0.02895182103565792,0.03642407727801829,0.0559763336985411,0.9,0,1.2439185266342465
936,1774257673.98689,1774257674.03689,0.05,4,-0.43318652343204184,-0.43318652343204184,-0.3629754254904506,2.993000013693914,2.351824423698818,2.4609444485902783,2.351824423698818,0.07021109794159125,0.031868235715301216,0.04182354816468428,0.07021109794159125,0.9,0,1.5602466209242498
937,1774257674.03689,1774257674.08689,0.05,6,-0.37965709892222843,-0.37965709892222843,-0.35408266103314523,10.624520579405232,3.8841358279862632,5.256734683700136,0.4856761470501157,0.08265544208778719,0.03692545474301421,0.04599768438543047,0.10822987997687039,0.9,0,1.8367876019508262
938,1774257674.0868902,1774257674.1368902,0.05,5,-0.37369958835028416,-0.37369958835028416,-0.3793322236251879,0.9715827057884998,0.7041809846526326,0.7283458442272374,-0.16223428040647853,0.011947325681032794,0.005411761516484925,0.0066251710081020165,0.016880419694150883,0.9,0,0.26549612624517316
939,1774257674.1368902,1774257674.1868901,0.05,5,-0.3193770171474288,-0.3193770171474288,-0.37357530132741895,2.2614454356282327,1.357504392036101,1.474509135097776,-1.357504392036101,0.054198284179990175,0.029401483468831036,0.036114165558324536,0.054198284179990175,0.9,0,1.2044063151108926
940,1774257674.1868901,1774257674.23689,0.05,5,-0.3688324821471225,-0.3688324821471225,-0.3414813878150723,2.7227921928325225,0.9460938123271744,1.419682591078703,0.8722019196941561,0.028828402259333086,0.015778508658961743,0.0201134298711554,0.028828402259333086,0.9,0,0.6406311613185129
941,1774257674.23689,1774257674.28689,0.05,5,-0.34402982134683563,-0.34402982134683563,-0.27272892537886106,4.683297743027488,2.6007065059725756,2.878247194489511,1.8564521932366422,0.07130089596797456,0.025102303190075382,0.03545508234433921,0.07130089596797456,0.9,0,1.584464354843879
942,1774257674.28689,1774257674.33689,0.05,5,-0.23900000549961606,-0.23900000549961606,-0.31987568066747013,3.2104049485569477,2.0379730655526678,2.2182470648184722,-2.0379730655526678,0.08087567516785407,0.04339175313892938,0.051401306162604556,0.08087567516785407,0.9,0,1.7972372259523124
943,1774257674.3368902,1774257674.3868902,0.05,5,-0.2930142457781172,-0.2930142457781172,-0.40292721120061503,6.398201632857897,4.041637364489989,4.521052414036236,-2.6929193074503153,0.10991296542249784,0.04103367489533237,0.057205768782324896,0.13525699446370204,0.9,0,2.442510342722174
944,1774257674.3868902,1774257674.4368901,0.05,4,-0.43359889215914904,-0.43359889215914904,-0.3892844936897562,9.623841255306104,6.358838517198561,7.612112693708211,0.05705565300550767,0.11798102700867286,0.05284397125705147,0.06762429325948306,0.11798102700867286,0.9,0,2.6218006001927296
945,1774257674.4368901,1774257674.48689,0.05,6,-0.464641193635833,-0.464641193635833,-0.4842657901728394,6.452579933122603,4.297811881413695,4.9849987353573155,-1.208414824687456,0.04875614748695323,0.025929499823037678,0.03149871812476498,0.09147315951624224,0.9,0,1.0834699441545161
946,1774257674.48689,1774257674.53689,0.05,5,-0.5081747333923332,-0.5081747333923332,-0.5035594422351375,7.452497813910412,3.5793540072262537,4.469903147289107,0.17931925838858587,0.04196010027998853,0.024124111748010456,0.030200331975110604,0.07468117671841001,0.9,0,0.9324466728886339
947,1774257674.53689,1774257674.58689,0.05,5,-0.5097169167769878,-0.5097169167769878,-0.3934380984385097,6.26181532124337,2.8748337682154483,3.799134698438835,2.8748337682154483,0.11627881833847814,0.041971847390702366,0.06308005865913648,0.11627881833847814,0.9,0,2.5839737408550696
948,1774257674.5868902,1774257674.6368902,0.05,5,-0.36765883424119666,-0.36765883424119666,-0.3212805519069336,2.6539420308040285,1.42959988342086,1.7698871554284494,1.2390880682286438,0.046378282334263055,0.02199008694323732,0.026495744443035273,0.046378282334263055,0.9,0,1.0306284963169567
949,1774257674.6368902,1774257674.6868901,0.05,5,-0.29577820590215265,-0.29577820590215265,-0.32367414234139935,5.686119480941583,3.138762661654623,3.5852724372124998,-0.7351957181098583,0.028310412380447347,0.01696095137149579,0.020262790131609396,0.05620634881969405,0.9,0,0.6291202751210521
950,1774257674.6868901,1774257674.73689,0.05,5,-0.30756352541717297,-0.30756352541717297,-0.2453023442094055,3.5506095700844327,1.6548026164598568,2.049185887032079,1.5519915725912705,0.06226118120776747,0.028281954880777716,0.03679275391584811,0.06226118120776747,0.9,0,1.3835818046170547
951,1774257674.73689,1774257674.78689,0.05,5,-0.27961282559723455,-0.27961282559723455,-0.2810844700840033,3.931895107548243,2.0420657454309405,2.4053297160846734,0.07611819165681888,0.02866073843787237,0.01314819850093869,0.017495365664463594,0.040429776238999515,0.9,0,0.6369052986193859
952,1774257674.78689,1774257674.83689,0.05,5,-0.25155728910551317,-0.25155728910551317,-0.43123911615632377,8.672065323015932,3.545888776791899,4.760072007752211,-3.5322678108040915,0.1796818270508106,0.11485334903205706,0.13007322435224075,0.1796818270508106,0.9,0,3.9929294900180126
953,1774257674.8368902,1774257674.8868902,0.05,5,-0.423036919363591,-0.423036919363591,-0.4639970233732626,5.014331177742103,3.6188822900119035,3.814368204964473,-1.1117167011408517,0.05281164163989005,0.024690573661058368,0.03203189617390983,0.09377174564956164,0.9,0,1.173592036442001
954,1774257674.8868902,1774257674.9368901,0.05,5,-0.4980620217622979,-0.4980620217622979,-0.5120482369024663,3.0565585743858312,1.8940483018099843,2.235069959301787,-0.3657690146170687,0.028495359298584655,0.009273454939319437,0.014251445265946993,0.042481574438753,0.9,0,0.6332302066352145
955,1774257674.9368901,1774257674.98689,0.05,5,-0.47007791477927807,-0.47007791477927807,-0.5441119299051567,4.972231786525198,2.039131983465665,2.6913609492951376,-1.8515833597246085,0.07783953641668306,0.039800754501075286,0.050397157428877036,0.07783953641668306,0.9,0,1.7297674759262902
956,1774257674.98689,1774257675.03689,0.05,5,-0.4510626182541532,-0.4510626182541532,-0.4754343291876328,5.549046097838582,2.9397397233406917,3.4274917350060345,-0.8291225744212971,0.036665926406886484,0.020909592537592493,0.02494671249864255,0.06906880393934084,0.9,0,0.8147983645974773
957,1774257675.03689,1774257675.08689,0.05,5,-0.4469359013470139,-0.4469359013470139,-0.4436942043548303,6.741616100780762,3.9422292038443496,4.548178481502834,-0.16539239383298282,0.08003100757296139,0.032383956256518964,0.04570086949037976,0.08003100757296139,0.9,0,1.7784668349546973
958,1774257675.0868902,1774257675.1368902,0.05,5,-0.43509312097357455,-0.43509312097357455,-0.4428948920607027,8.294507052059656,3.911235460671461,4.7977413899247985,-0.23601806535836678,0.07384000526890871,0.026569076605566455,0.038845811944461926,0.08164177635603687,0.9,0,1.640889005975749
959,1774257675.1368902,1774257675.1868901,0.05,5,-0.44363534323164133,-0.44363534323164133,-0.26784364729557514,7.10205103963835,4.185958589022609,4.621277002978841,4.185958589022609,0.1757916959360662,0.08127902027903977,0.10799934926387812,0.1757916959360662,0.9,0,3.9064821319125818
960,1774257675.1868901,1774257675.23689,0.05,5,-0.35377605612724194,-0.35377605612724194,-0.2971746049421169,5.7416343650573385,1.7312544316892562,2.8926147526628143,1.4614717820880898,0.05660145118512505,0.013726626731858326,0.025569867122727574,0.06324878950530455,0.9,0,1.257810026336112
961,1774257675.23689,1774257675.28689,0.05,4,-0.2698809700630275,-0.2698809700630275,-0.39390356896872825,4.8578450796407235,4.115877931972489,4.1492663370741925,-4.115877931972489,0.12402259890570072,0.06518349627926504,0.07977209698345224,0.12402259890570072,0.9,0,2.7560577534600155
962,1774257675.28689,1774257675.33689,0.05,6,-0.4215368368299631,-0.4215368368299631,-0.388809545007462,8.95714995070051,5.371101616890251,5.891836756864473,0.9365304861170707,0.14442546124576278,0.061772571510690176,0.07666820066118568,0.14442546124576278,0.9,0,3.2094546943502835
963,1774257675.3368902,1774257675.3868902,0.05,5,-0.409391663838478,-0.409391663838478,-0.3152458454760258,7.232933195889818,4.421444102652483,5.230243303297656,2.785241894434926,0.1274701162841846,0.0769348077922142,0.0891451745815647,0.1274701162841846,0.9,0,2.832669250759657
964,1774257675.3868902,1774257675.4368901,0.05,5,-0.32681365960610675,-0.32681365960610675,-0.3420829663342124,3.4817824330927944,1.4905407552139858,1.913130688143858,-0.45989564064654764,0.03168823261700898,0.016528331380972795,0.019830467683937168,0.03168823261700898,0.9,0,0.704182947044644
965,1774257675.4368901,1774257675.48689,0.05,5,-0.316499687831345,-0.316499687831345,-0.3527131563035254,4.697217639015757,2.129082768143266,2.742045074735396,-0.8625115595296791,0.03621346847218038,0.014770078988775392,0.018887189092856554,0.04891135601385049,0.9,0,0.8047437438262305
966,1774257675.48689,1774257675.53689,0.05,5,-0.3299761949772419,-0.3299761949772419,-0.3011313845505221,3.1170523262373107,1.9936011130868623,2.2158184580131226,0.6516474598922087,0.04893881510062942,0.02328961016686696,0.028274159017097664,0.04893881510062942,0.9,0,1.0875292244584314
967,1774257675.53689,1774257675.58689,0.05,5,-0.3667324277733366,-0.3667324277733366,-0.3168157410553822,7.430850664698554,5.315579521563439,5.532765840667928,0.4652169958622818,0.07680260953246654,0.040601333654510754,0.04818081963626379,0.12733094118227334,0.9,0,1.706724656277034
968,1774257675.5868902,1774257675.6368902,0.05,5,-0.4090763358365553,-0.4090763358365553,-0.47399717785296536,6.584277319897859,2.814633252927915,3.6693994833727652,-1.642197064069483,0.08820909288381829,0.052667140579011576,0.06346124027034034,0.08820909288381829,0.9,0,1.9602020640848505
969,1774257675.6368902,1774257675.6868901,0.05,4,-0.5050058963497345,-0.5050058963497345,-0.5397328293605705,2.1480680950437416,1.1869721705438883,1.4252721529595236,-1.1869721705438883,0.03472693301083607,0.012549537632458946,0.01859628467262647,0.03472693301083607,0.9,0,0.7717096224630237
970,1774257675.6868901,1774257675.73689,0.05,6,-0.5437169388443518,-0.5437169388443518,-0.4749417685855575,4.694552309772301,2.122532919820382,2.6793680112082394,1.7711140932790452,0.06877517025879432,0.029127102118482212,0.03705287922934704,0.06877517025879432,0.9,0,1.5283371168620958
971,1774257675.73689,1774257675.78689,0.05,5,-0.5659989398682943,-0.5659989398682943,-0.39707740737051767,6.470747514618862,4.615875237268481,5.046844237672645,4.615875237268481,0.16892153249777664,0.0965894106861186,0.11593626059129321,0.16892153249777664,0.9,0,3.7538118332839248
972,1774257675.78689,1774257675.83689,0.05,5,-0.3799119926188082,-0.3799119926188082,-0.27789938185745383,6.591632301222301,3.994350213232697,4.458460141911911,2.526150578363034,0.10201261076135437,0.039826378506952295,0.053540129942800836,0.13091171427306209,0.9,0,2.266946905807875
973,1774257675.8368902,1774257675.8868902,0.05,5,-0.21650153987850235,-0.21650153987850235,-0.16215815682411386,4.519374776569244,1.708098958120412,2.4087971689105347,1.3454781633815491,0.05434338305438849,0.014785218148158303,0.024875646958481323,0.061658488690704866,0.9,0,1.2076307345419663
974,1774257675.8868902,1774257675.9368901,0.05,5,-0.1268802683474549,-0.1268802683474549,-0.07605085285987911,5.4922924257731705,2.481079152125423,3.078617668163077,1.3971197468450438,0.0681254860704553,0.04300801261812433,0.0487101020984159,0.0681254860704553,0.9,0,1.5138996904545619
975,1774257675.9368901,1774257675.98689,0.05,5,-0.06339301996197645,-0.06339301996197645,-0.1329097253194856,3.271684287224403,1.7405650611205539,1.9555293271537266,-1.7405650611205539,0.06951670535750916,0.036607684406331775,0.045273644803627715,0.06951670535750916,0.9,0,1.5448156746113144
976,1774257675.98689,1774257676.03689,0.05,5,-0.1563963339510326,-0.1563963339510326,-0.23452102939160874,4.810923593434196,2.415459924863409,3.085754244238348,-2.415459924863409,0.07812469544057613,0.03338433327930737,0.0449418367183197,0.07812469544057613,0.9,0,1.7361043431239136
977,1774257676.03689,1774257676.08689,0.05,5,-0.24403323797691975,-0.24403323797691975,-0.26621650579191763,1.569529743580524,1.1853494311554715,1.252501728957464,-0.5616017649527969,0.03511148656444077,0.020673126588934287,0.023979464332188217,0.03511148656444077,0.9,0,0.7802552569875726
978,1774257676.0868902,1774257676.1368902,0.05,5,-0.194506144042256,-0.194506144042256,-0.3389741383964117,5.661691155629269,3.7054202293452407,3.9931215880791386,-3.7054202293452407,0.14446799435415572,0.08398649571820253,0.09902476538253326,0.14446799435415572,0.9,0,3.2103998745367934
979,1774257676.1368902,1774257676.1868901,0.05,5,-0.3600897996627108,-0.3600897996627108,-0.3587599978991868,8.121528235061785,4.714385089854048,5.233088262850234,0.2254268979650187,0.09422125172438872,0.04498433768047831,0.05921695067662789,0.09422125172438872,0.9,0,2.0938055938753046
980,1774257676.1868901,1774257676.23689,0.05,5,-0.4543793668496796,-0.4543793668496796,-0.48867272229193254,4.1582802589641314,1.9007095933567266,2.4057373957295556,-0.908617116842581,0.034293355442252926,0.01261387445688721,0.017828673269555017,0.05343930514426809,0.9,0,0.7620745653833982
981,1774257676.23689,1774257676.28689,0.05,4,-0.463255687311008,-0.463255687311008,-0.5026286321793624,5.315692452591104,3.941651651035175,4.110782180471647,-1.2440601765572128,0.08102533054804734,0.04533450150862371,0.054380565797517606,0.08102533054804734,0.9,0,1.8005629010677184
982,1774257676.28689,1774257676.33689,0.05,6,-0.481351532680368,-0.481351532680368,-0.4276346852163345,3.875607249111104,2.7221526603815525,2.876166062953307,1.20896236348337,0.07027847427379136,0.03343020374810587,0.040842705267077284,0.07027847427379136,0.9,0,1.561743872750919
983,1774257676.3368902,1774257676.3868902,0.05,5,-0.3898812533714218,-0.3898812533714218,-0.36979804589692067,5.178373964280921,2.3482734420058584,3.1471378257277127,0.5827218658243856,0.05440162809993104,0.035053738270542076,0.04112759436406922,0.05440162809993104,0.9,0,1.2089250688873563
984,1774257676.3868902,1774257676.4368901,0.05,5,-0.3572400938979848,-0.3572400938979848,-0.2603043285675049,8.131047334773799,3.830952342154385,4.676103339588865,2.0541869728328828,0.120020877760628,0.050151096907465734,0.07004587554509503,0.1279931246811327,0.9,0,2.667130616902844
985,1774257676.4368901,1774257676.48689,0.05,5,-0.29294101673985323,-0.29294101673985323,-0.18325618009480987,9.833441852315865,4.480470196028829,5.6101597034859125,2.501175173623234,0.10968483664504336,0.03143163645292178,0.051218337643725624,0.14030566206830497,0.9,0,2.4374408143342965
986,1774257676.48689,1774257676.53689,0.05,5,-0.21758291186812267,-0.21758291186812267,-0.31585689650501875,3.995079667081653,2.495002074997899,2.6528078193064517,-2.495002074997899,0.09827398463689607,0.04975609963847687,0.06139313061765399,0.09827398463689607,0.9,0,2.183866325264357
987,1774257676.53689,1774257676.58689,0.05,5,-0.2472182709913121,-0.2472182709913121,-0.2611664279812319,5.762444118178562,2.732385963768199,3.65908813994026,-0.21441800778648887,0.04224426496293687,0.01892867108247386,0.023320049330702784,0.062085099998612,0.9,0,0.9387614436208193
988,1774257676.5868902,1774257676.6368902,0.05,5,-0.25039608898607035,-0.25039608898607035,-0.21627430513750295,6.580299661649071,5.0738791652636515,5.2078757085226774,1.1224046521977749,0.11109586023621557,0.052773493421720594,0.06442794208183504,0.11109586023621557,0.9,0,2.4687968941381233
989,1774257676.6368902,1774257676.6868901,0.05,5,-0.2263056187718283,-0.2263056187718283,-0.16328717026745193,7.526527273781067,2.8985296505390696,3.971077590623916,1.7658862206179056,0.07996001248299006,0.03134725155840742,0.04573803212690994,0.08720700025848155,0.9,0,1.7768891662886679
990,1774257676.6868901,1774257676.73689,0.05,5,-0.19034047663716064,-0.19034047663716064,-0.18357108103129746,3.286381993455399,2.440006952174859,2.5451017214308362,0.13878788658522567,0.03271413349884744,0.014074532316446259,0.018320634886296067,0.03948352910471062,0.9,0,0.726980744418832
991,1774257676.73689,1774257676.78689,0.05,5,-0.17593508585082854,-0.17593508585082854,-0.30335079790681585,5.595125999450317,3.177179656277455,3.645150053027312,-3.177179656277455,0.1274157120559873,0.0638585007324348,0.0817694919195263,0.1274157120559873,0.9,0,2.831460267910829
992,1774257676.78689,1774257676.83689,0.05,5,-0.29919433310369137,-0.29919433310369137,-0.39556569074458003,8.883158958459346,2.962806164559264,4.583982453152618,-2.5964961588088413,0.09637135764088867,0.02434839248764281,0.04397218585722698,0.10223503380668864,0.9,0,2.1415857253530812
993,1774257676.8368902,1774257676.8868902,0.05,5,-0.3970501442506091,-0.3970501442506091,-0.4356814015265279,1.8593233916036835,1.1791913841179866,1.2964066559227951,-0.9544119478817666,0.043158782303219734,0.027498475871513495,0.03157023930586895,0.043158782303219734,0.9,0,0.9590840511826606
994,1774257676.8868902,1774257676.9368901,0.05,4,-0.4758545774736088,-0.4758545774736088,-0.48168974928973246,2.4749086800180202,1.8461532399163982,1.9057739390572932,-0.19621411990438467,0.030707558433812676,0.012486192714524239,0.017004544007062427,0.030707558433812676,0.9,0,0.6823901874180593
995,1774257676.9368901,1774257676.98689,0.05,6,-0.488752801563339,-0.488752801563339,-0.48422164312984944,8.530354318707058,4.012148735354174,4.869611660462262,-0.9009077830747948,0.07774239802720195,0.02896621235038348,0.0402076562161791,0.08844254931942697,0.9,0,1.7276088450489322
996,1774257676.98689,1774257677.03689,0.05,5,-0.4381996635101509,-0.4381996635101509,-0.36470781798093044,4.2168024962229165,2.8639842018741013,3.0301463644088247,1.9185731279061273,0.09181129486471762,0.04663602653646211,0.05831367923375999,0.09181129486471762,0.9,0,2.040250996993725
997,1774257677.03689,1774257677.08689,0.05,5,-0.37235350657176025,-0.37235350657176025,-0.18519934347336225,12.56820112881275,7.209426620954941,8.201666297138713,4.809394734208043,0.24283269825179177,0.1130936413136635,0.1462631227995687,0.24283269825179177,0.9,0,5.39628218337315
998,1774257677.0868902,1774257677.1368902,0.05,5,-0.18759053047444665,-0.18759053047444665,-0.063606443864864,5.016217815952597,3.096394423814616,3.4384753350107253,3.096394423814616,0.12398408660958266,0.06645723903276898,0.08201657432050696,0.12398408660958266,0.9,0,2.755201924657392
999,1774257677.1368902,1774257677.1868901,0.05,5,-0.08282369295007538,-0.08282369295007538,-0.1975305019488651,5.765525463923501,2.865659987817114,3.53244492807628,-2.865659987817114,0.11470680899878971,0.0602979576259333,0.07669673117394583,0.11470680899878971,0.9,0,2.5490401999731045
1000,1774257677.1868901,1774257677.23689,0.05,5,-0.17255898851012816,-0.17255898851012816,-0.2642591366640202,8.265981677442898,2.8446585424976805,4.233840928855907,-2.314119418737499,0.09170014815389202,0.06471010560139148,0.07263982213870084,0.09170014815389202,0.9,0,2.037781070086489
1001,1774257677.23689,1774257677.28689,0.05,5,-0.3390384492652907,-0.3390384492652907,-0.3662849453181498,4.398641731051317,2.876211448296406,3.038813933865802,-0.6768905827707477,0.027246496052859115,0.015090821050089243,0.018687215865603832,0.051416519246448966,0.9,0,0.6054776900635358
1002,1774257677.28689,1774257677.33689,0.05,5,-0.40298612985968113,-0.40298612985968113,-0.46733977529726045,5.074988003647012,2.2969443808968606,2.8174870485081587,-1.8554147296092134,0.06435364543757932,0.044738350525140816,0.05044280554173613,0.06435364543757932,0.9,0,1.4300810097239847
1003,1774257677.3368902,1774257677.3868902,0.05,5,-0.4753936306123374,-0.4753936306123374,-0.4097294551360609,5.717454909776648,2.0383780651586028,2.9913268581227377,1.5917373757721418,0.06566417547627651,0.017736306453466043,0.029972444651803487,0.07482656766248663,0.9,0,1.4592038994728112
1004,1774257677.3868902,1774257677.4368901,0.05,5,-0.35960297112225453,-0.35960297112225453,-0.28418842235932706,6.8160429903185715,4.829197628546271,5.48264382600203,1.421176133386985,0.11934835094876392,0.07166774407252305,0.08408271082954867,0.11934835094876392,0.9,0,2.652185576639198
1005,1774257677.4368901,1774257677.48689,0.05,5,-0.27251699020444964,-0.27251699020444964,-0.1572542735699204,5.179069972529778,3.9361668631608495,4.121513046440107,2.8498939337913978,0.13638264138109507,0.07898018428484134,0.09254247326314474,0.13638264138109507,0.9,0,3.0307253640243346
1006,1774257677.48689,1774257677.53689,0.05,5,-0.16909298224965505,-0.16909298224965505,-0.05886125717917996,10.111288327019698,3.0368507812085364,5.120100213723398,2.8004541965020238,0.11023172507047509,0.025228458504507945,0.049603900742185236,0.11441774110839041,0.9,0,2.4495938904550014
1007,1774257677.53689,1774257677.58689,0.05,5,-0.07311719063697186,-0.07311719063697186,-0.15826364811877977,5.170699474530974,2.015682296282412,2.7739120530811663,-2.015682296282412,0.08514645748180791,0.05768152587844655,0.0653724145713915,0.08514645748180791,0.9,0,1.8921434995957311
1008,1774257677.5868902,1774257677.6368902,0.05,5,-0.14530227153236003,-0.14530227153236003,-0.21379972186062401,4.0678185722641755,3.0956534123879975,3.2015600883832627,-1.0617441262559097,0.06849745032826399,0.02450393878799522,0.03502087357591009,0.06849745032826399,0.9,0,1.5221655628503106
1009,1774257677.6368902,1774257677.6868901,0.05,5,-0.251362115907937,-0.251362115907937,-0.21389954332244546,6.395861326660176,2.417471364254701,3.4406684745359337,0.9576417025900834,0.06680133603980876,0.02990955204153984,0.03905827224207975,0.06680133603980876,0.9,0,1.4844741342179721
1010,1774257677.6868901,1774257677.73689,0.05,5,-0.25886966047514626,-0.25886966047514626,-0.26417684544067144,2.8170804360083586,1.9885068729536228,2.091721424811326,-0.06597223534144553,0.01952514562880686,0.010660532290605906,0.013134872513822555,0.038656584441331465,0.9,0,0.43389212508459685
1011,1774257677.73689,1774257677.78689,0.05,5,-0.2538343008227328,-0.2538343008227328,-0.31077213776111945,2.7977563232852347,2.471474709615228,2.4899836906397548,-1.450699691950358,0.07760837139424587,0.043716268436919115,0.05137542576537968,0.07760837139424587,0.9,0,1.7246304754276858
1012,1774257677.78689,1774257677.83689,0.05,5,-0.30602303025594324,-0.30602303025594324,-0.30267078289406846,5.903662263602869,3.034101031258799,3.466714572004278,0.08226989945736451,0.059196506697498485,0.022536175198263175,0.03190930116843391,0.059196506697498485,0.9,0,1.3154779266110772
1013,1774257677.8368902,1774257677.8868902,0.05,5,-0.29657122460763236,-0.29657122460763236,-0.1600283002284467,5.703024781018521,3.4350782284699415,3.721448183299061,3.4350782284699415,0.13654292437918567,0.06071850241794965,0.07951012006469113,0.13654292437918567,0.9,0,3.0342872084263477
1014,1774257677.8868902,1774257677.9368901,0.05,5,-0.19595750829823752,-0.19595750829823752,-0.11417673001916362,3.5580559299142114,1.9931990797257202,2.2103101060584627,1.9931990797257202,0.0817807782790739,0.03694303879486397,0.047663287275987384,0.0817807782790739,0.9,0,1.8173506284238643
1015,1774257677.9368901,1774257677.98689,0.05,5,-0.08596366941058836,-0.08596366941058836,-0.15561459259440769,2.5990749299384217,1.7027015449536687,1.9821815075201608,-1.7027015449536687,0.06965092318381932,0.04339344437176589,0.05129414650130783,0.06965092318381932,0.9,0,1.5477982929737626
1016,1774257677.98689,1774257678.03689,0.05,5,-0.14695849274794232,-0.14695849274794232,-0.1565076891948663,5.5634789484286555,3.0233764699225985,3.495129438823635,-0.10414293769958385,0.0531405365211635,0.016591065265634718,0.02551268585502544,0.06268973296808748,0.9,0,1.180900811581411
1017,1774257678.03689,1774257678.08689,0.05,5,-0.1638396547752263,-0.1638396547752263,-0.12620514932859503,3.914260261601013,2.523443517876808,2.6630759788452667,0.5663133870763016,0.061316210062793405,0.03109776423021372,0.03738645112671699,0.061316210062793405,0.9,0,1.3625824458398532
1018,1774257678.0868902,1774257678.1368902,0.05,5,-0.1497468747757542,-0.1497468747757542,-0.10524324513579918,2.3724418763353903,1.3485620016807487,1.5971118697063518,1.3415893918413206,0.044503629639955036,0.017825287572264224,0.02497981238852371,0.04469724933657172,0.9,0,0.9889695475545562
1019,1774257678.1368902,1774257678.1868901,0.05,5,-0.10375126664309524,-0.10375126664309524,-0.09885252163940655,6.61504092747799,3.4744198119549674,4.237147660176349,0.08049249675443049,0.06253066874729217,0.03223618135352947,0.040841808887929446,0.06742941375098085,0.9,0,1.3895704166064926
1020,1774257678.1868901,1774257678.23689,0.05,5,-0.0714130276617183,-0.0714130276617183,-0.12294189479429801,4.4035080749709135,1.3235855327829626,2.229388779208416,-1.2949658785761655,0.05152886713257972,0.01966377835683146,0.030643007126477773,0.052056388615697655,0.9,0,1.1450859362795491
1021,1774257678.23689,1774257678.28689,0.05,5,-0.1341090146287926,-0.1341090146287926,-0.09457436074511029,4.493490381841659,2.678308584183785,2.95840376298547,1.1710115480873635,0.07038965277335371,0.03921068248602601,0.04585561289732471,0.07038965277335371,0.9,0,1.5642145060745267
1022,1774257678.28689,1774257678.33689,0.05,5,-0.11479306066407921,-0.11479306066407921,-0.08914760120401646,4.860471307912773,4.1369728684358495,4.234944108151554,0.616078249609193,0.06966520492530512,0.02885178241164993,0.03663129303547782,0.09531066438536787,0.9,0,1.5481156650067802
1023,1774257678.3368902,1774257678.3868902,0.05,5,-0.11510469337288774,-0.11510469337288774,-0.21530904353969968,4.29664877539183,2.9511781773079155,3.201531794447082,-2.4879498385063856,0.10941457052423352,0.06616490967335895,0.0771872335481757,0.10941457052423352,0.9,0,2.4314349005385223
1024,1774257678.3868902,1774257678.4368901,0.05,5,-0.1438458862009753,-0.1438458862009753,-0.22376549139038202,3.7799985124238105,1.9831882021653435,2.313427138492724,-1.9831882021653435,0.07991960518940672,0.04319431801645684,0.053794141768226535,0.07991960518940672,0.9,0,1.7759912264312603
1025,1774257678.4368901,1774257678.48689,0.05,5,-0.257029488390931,-0.257029488390931,-0.2506067162986791,6.316162482813703,3.5072567031558104,4.312460226319536,0.13596495484612303,0.07199532816347043,0.032486748061201456,0.04487300805527004,0.07199532816347043,0.9,0,1.5998961814104538
1026,1774257678.48689,1774257678.53689,0.05,5,-0.2705930591474944,-0.2705930591474944,-0.27646536090778057,1.9069686911995674,1.1359912724763017,1.3412996368022927,-0.14419634972471918,0.026064043374537715,0.011318726447716487,0.01469038016244588,0.026064043374537715,0.9,0,0.5792009638786159
1027,1774257678.53689,1774257678.58689,0.05,5,-0.29757538844344705,-0.29757538844344705,-0.2751186560423792,6.410295377776316,3.1603521055021826,3.722012902383257,0.6395305254789078,0.05196814086269452,0.027413861966638354,0.03270193073458756,0.0744248732637624,0.9,0,1.1548475747265448
1028,1774257678.5868902,1774257678.6368902,0.05,5,-0.22374893029542964,-0.22374893029542964,-0.23449875569571357,1.6582331512603463,1.2358840372391704,1.3029041565756991,-0.0742201600353582,0.030234390212834028,0.01363648375260319,0.016943944190741512,0.030234390212834028,0.9,0,0.6718753380629783
1029,1774257678.6368902,1774257678.6868901,0.05,5,-0.22596189350237653,-0.22596189350237653,-0.15822234541666325,7.399284545821104,4.533589097173644,5.004259886057327,1.6779443190555257,0.10027555683227693,0.05784562240600927,0.06748695474115869,0.10027555683227693,0.9,0,2.2283457073839315
1030,1774257678.6868901,1774257678.73689,0.05,4,-0.1644696978265642,-0.1644696978265642,-0.12247266132912668,1.7684121992841324,1.1805664489502412,1.263530274760226,1.1805664489502412,0.04199703649743752,0.016714317776272747,0.02299856244926496,0.04199703649743752,0.9,0,0.9332674777208337
1031,1774257678.73689,1774257678.78689,0.05,6,-0.1429773391415801,-0.1429773391415801,-0.1384565654480178,2.8928394426257795,1.2071319855554221,1.7212456901089703,0.03268128344632189,0.02601895615165445,0.013466558649256333,0.017482848350862185,0.030539729845216745,0.9,0,0.5781990255923211
1032,1774257678.78689,1774257678.83689,0.05,5,-0.17364116016029235,-0.17364116016029235,-0.2532368240371333,3.7258195794909343,1.9953667237174244,2.329308113861011,-1.9953667237174244,0.07959566387684097,0.0389090013482928,0.050421781414233494,0.07959566387684097,0.9,0,1.7687925305964658
1033,1774257678.8368902,1774257678.8868902,0.05,5,-0.23366178250529707,-0.23366178250529707,-0.312304117470812,4.630060480385782,2.1789501154455637,2.6451854683863427,-2.1789501154455637,0.07864233496551493,0.03303129690961239,0.04219085028597525,0.07864233496551493,0.9,0,1.7476074436781093
1034,1774257678.8868902,1774257678.9368901,0.05,4,-0.35975875990802963,-0.35975875990802963,-0.4212996275004671,3.945851232885565,2.0259537208871543,2.4390513862885386,-2.0259537208871543,0.06154086759243749,0.024057966076670517,0.03324417276317726,0.06154086759243749,0.9,0,1.3675748353874995
1035,1774257678.9368901,1774257678.98689,0.05,6,-0.4205628545032916,-0.4205628545032916,-0.45949509012436746,4.921542468346248,1.477795892968855,2.282073595679035,-1.1645874555697486,0.03893223562107584,0.026439264878305984,0.029413556676546704,0.03893223562107584,0.9,0,0.865160791579463
1036,1774257678.98689,1774257679.03689,0.05,5,-0.4770640116164617,-0.4770640116164617,-0.4151962434629823,4.360771274116922,2.955044654918502,3.2744531644139445,1.5076532820378756,0.09062784176727023,0.04333594609240092,0.05544066865758896,0.09062784176727023,0.9,0,2.0139520392726715
1037,1774257679.03689,1774257679.08689,0.05,5,-0.41011234040799044,-0.41011234040799044,-0.3114848557273082,5.080260122930432,3.1024405576911054,3.3876703324443618,2.4844735637907993,0.11127205296913056,0.06810471052518718,0.0789412111839907,0.11127205296913056,0.9,0,2.472712288202901
1038,1774257679.0868902,1774257679.1368902,0.05,5,-0.32728316020464476,-0.32728316020464476,-0.15087875002527013,9.621366281326008,4.953238048006447,5.998784415014927,4.475733684142537,0.18596746678294185,0.09548504810120617,0.12193234138824785,0.18596746678294185,0.9,0,4.132610372954263
1039,1774257679.1368902,1774257679.1868901,0.05,5,-0.18420977480959613,-0.18420977480959613,-0.10920931512556689,5.749861968606952,2.3693034573216205,3.203961090063481,1.8713102572430178,0.07500045968402924,0.027805015777023257,0.04006073968076392,0.08495433054435444,0.9,0,1.6666768818673163
1040,1774257679.1868901,1774257679.23689,0.05,5,-0.11939897014357735,-0.11939897014357735,-0.16450182867944685,4.245071575680563,1.495464389538901,2.1953820227772027,-1.3203403610005167,0.04850462795962522,0.023709527447471956,0.030689555529194636,0.04850462795962522,0.9,0,1.0778806213250047
1041,1774257679.23689,1774257679.28689,0.05,5,-0.10058579114886458,-0.10058579114886458,-0.12107569202817832,1.5776970562987835,1.2324788319783653,1.2855828585176268,-0.4964435442501113,0.02048990087931374,0.00896355227783209,0.011777453514835737,0.03472590444073105,0.9,0,0.45533113065141634
1042,1774257679.28689,1774257679.33689,0.05,5,-0.13086378824521352,-0.13086378824521352,-0.06515020365955988,5.4259999209366265,2.136893754163131,2.86637588694704,1.752661226904109,0.07337953973484872,0.043506183851232026,0.05280452746857018,0.07337953973484872,0.9,0,1.6306564385521936
1043,1774257679.3368902,1774257679.3868902,0.05,5,-0.07223429956918305,-0.07223429956918305,-0.02986446966511727,3.2201689127669435,2.1177392574396827,2.2427542837039893,1.0728497262325705,0.04236982990406578,0.018857679841625157,0.025274195988158242,0.06323870255354941,0.9,0,0.9415517756459061
1044,1774257679.3868902,1774257679.4368901,0.05,5,-0.05925606177380612,-0.05925606177380612,-0.17556437064808797,5.683402729717382,2.85565812094965,3.649070745862623,-2.85565812094965,0.11630830887428184,0.06288167609501624,0.07996332511755334,0.11630830887428184,0.9,0,2.5846290860951515
1045,1774257679.4368901,1774257679.48689,0.05,5,-0.1581010199390449,-0.1581010199390449,-0.28611342750422775,5.9918154832447055,3.2158418104811597,3.606808414603188,-3.2158418104811597,0.12801240756518284,0.051336477041761495,0.06812701245727028,0.12801240756518284,0.9,0,2.844720168115174
1046,1774257679.48689,1774257679.53689,0.05,5,-0.3254398498368219,-0.3254398498368219,-0.28211008352429706,5.100313239129732,1.6929259855322873,2.6218565350454734,1.111822299609999,0.054775455854076394,0.03829444733518576,0.04310874412986693,0.054775455854076394,0.9,0,1.2172323523128086
1047,1774257679.53689,1774257679.58689,0.05,5,-0.27183583794694244,-0.27183583794694244,-0.2640920692956598,4.492537776063785,2.072080908313464,2.614218724513499,0.20989652512004436,0.03874544173795774,0.016027998816123233,0.021570181139109076,0.046489210389240365,0.9,0,0.8610098163990608
1048,1774257679.5868902,1774257679.6368902,0.05,5,-0.2591784118995289,-0.2591784118995289,-0.2203566790563665,4.989483148928886,2.3868864410477126,2.8209280996171184,0.8982600752342884,0.0388217328431624,0.013791991882832828,0.019739355627369375,0.052533284506761674,0.9,0,0.8627051742924976
1049,1774257679.6368902,1774257679.6868901,0.05,5,-0.12133243242217025,-0.12133243242217025,-0.11586812614131692,0.9470711111109504,0.4501263029265611,0.5467004146401238,0.15086666593081477,0.006297701550905047,0.0041051284160633136,0.004665704011898473,0.011762007831758375,0.9,0,0.13994892335344547
1050,1774257679.6868901,1774257679.73689,0.05,5,-0.13492049894596436,-0.13492049894596436,-0.08844192106883549,2.434120413310862,1.6737134409891345,1.7982148102101205,1.0778605692437335,0.05678946650877818,0.035049018626768104,0.0405149473373685,0.05678946650877818,0.9,0,1.2619881446395151
1051,1774257679.73689,1774257679.78689,0.05,5,-0.07349469933607229,-0.07349469933607229,0.01670401018169962,3.688861391130676,2.278390941516005,2.627258336560737,2.278390941516005,0.09019870951777191,0.047204966497964365,0.05678911391822303,0.09019870951777191,0.9,0,2.0044157670615976
1052,1774257679.78689,1774257679.83689,0.05,5,0.013421915503994224,0.013421915503994224,0.0027293819084137343,3.768061676279701,2.0707242750438923,2.4010797342893797,0.09861284776874507,0.043521323770294676,0.01940493175414213,0.02439141510942645,0.043521323770294676,0.9,0,0.9671405282287705
1053,1774257679.8368902,1774257679.8868902,0.05,5,-0.010401949544369102,-0.010401949544369102,-0.16533182571940486,6.749798356082208,4.772477712854098,5.333025065018903,-4.352861626247687,0.1635298818105024,0.09585349614507266,0.11481313913336506,0.1635298818105024,0.9,0,3.6339973735667197
1054,1774257679.8868902,1774257679.9368901,0.05,5,-0.18387428392415398,-0.18387428392415398,-0.2712007406623007,3.5548111656037724,2.2225338434813406,2.535796631622818,-2.2225338434813406,0.08732645673814673,0.036438645931301264,0.04842549874254064,0.08732645673814673,0.9,0,1.9405879275143716
1055,1774257679.9368901,1774257679.98689,0.05,5,-0.26770462844443793,-0.26770462844443793,-0.3424045712940123,2.814416092461734,1.8518035229267165,2.075764605422947,-1.8518035229267165,0.07469994284957437,0.04681276809735387,0.054219513088143025,0.07469994284957437,0.9,0,1.6599987299905414
1056,1774257679.98689,1774257680.03689,0.05,5,-0.32918815787551525,-0.32918815787551525,-0.409050627970595,3.626799198885336,1.9863103268966047,2.2910118542017224,-1.9863103268966047,0.07986247009507974,0.04752172565044795,0.05637724860336499,0.07986247009507974,0.9,0,1.7747215576684385
1057,1774257680.03689,1774257680.08689,0.05,5,-0.4033333123826538,-0.4033333123826538,-0.46533287119860284,4.9267375164170115,3.5732144583203325,3.73730440245375,-1.5764536994297589,0.06199955881594904,0.027159770575286492,0.03484010543852784,0.10240318373370488,0.9,0,1.3777679736877564
1058,1774257680.0868902,1774257680.1368902,0.05,5,-0.504667896062048,-0.504667896062048,-0.43006738453031373,9.20238394171842,3.6273496666438745,4.886227571317739,2.133831398823007,0.10064932651170366,0.06862411992013112,0.07729660555243215,0.10064932651170366,0.9,0,2.236651700260081
1059,1774257680.1368902,1774257680.1868901,0.05,5,-0.4552000894796732,-0.4552000894796732,-0.2776955590671714,8.204216309074107,4.592068185319933,5.479683227836382,4.394960200012626,0.18137140164144144,0.09756233175093684,0.12222790744521941,0.18137140164144144,0.9,0,4.030475592032031
1060,1774257680.1868901,1774257680.23689,0.05,5,-0.29915628229128666,-0.29915628229128666,-0.19356893026294095,7.678659407181907,2.6351061406536114,3.9582174146373545,2.6351061406536114,0.10558735202834571,0.031379660300837706,0.0494960769363332,0.10558735202834571,0.9,0,2.346385600629904
1061,1774257680.23689,1774257680.28689,0.05,5,-0.18004111073435436,-0.18004111073435436,-0.04813484686076331,5.93895039177542,3.325461338105072,3.8864865355266662,3.325461338105072,0.13190626387359106,0.05837729266899662,0.07533996030635846,0.13190626387359106,0.9,0,2.931250308302023
1062,1774257680.28689,1774257680.33689,0.05,5,-0.00900345876026748,-0.00900345876026748,0.013636207438217907,2.5847497865743105,1.3108401978539819,1.6178288307580373,0.4506826429963773,0.03633770402866099,0.016889292897345094,0.02225039028219507,0.036461169965806214,0.9,0,0.8075045339702441
1063,1774257680.3368902,1774257680.3868902,0.05,5,0.053939820020297194,0.053939820020297194,-0.0725171925994257,4.4983644190062515,3.274577022971532,3.432362997563793,-3.274577022971532,0.1264570126197229,0.058593863301282,0.07453865229239692,0.1264570126197229,0.9,0,2.8101558359938417
1064,1774257680.3868902,1774257680.4368901,0.05,5,-0.13579400055138763,-0.13579400055138763,-0.20302004705361695,6.102058556800578,2.2610628837907165,3.2277214175795175,-1.3892732737247395,0.06969867261390736,0.049118481713590054,0.05528396820478451,0.06969867261390736,0.9,0,1.5488593914201634
1065,1774257680.4368901,1774257680.48689,0.05,5,-0.21422528196595278,-0.21422528196595278,-0.32623569085168547,9.512779123829544,4.447367441997738,5.523556486900745,-2.635415607232998,0.14800131945995923,0.09928941382586136,0.11287433066687132,0.14800131945995923,0.9,0,3.2889182102213157
1066,1774257680.48689,1774257680.53689,0.05,5,-0.3928253191273637,-0.3928253191273637,-0.3993720917337259,2.312835517868713,1.4383208081932874,1.6918268316631861,-0.1676325264636584,0.022120472354503373,0.007608113838016217,0.0110593041741729,0.022597864236301834,0.9,0,0.4915660523222971
1067,1774257680.53689,1774257680.58689,0.05,5,-0.4498728730345194,-0.4498728730345194,-0.3885480031981004,5.770923868455757,1.798009478362209,2.916408480634609,1.6118555057944706,0.061324869836418994,0.044885833965229785,0.05029740007583991,0.061324869836418994,0.9,0,1.3627748852537553
1068,1774257680.5868902,1774257680.6368902,0.05,5,-0.39523413154946696,-0.39523413154946696,-0.31927135085169467,6.2037644173561235,2.0116042338286335,3.190333493140176,2.0116042338286335,0.07596278069777229,0.038880985509683386,0.05057221836395759,0.07596278069777229,0.9,0,1.6880617932838284
1069,1774257680.6368902,1774257680.6868901,0.05,5,-0.28429295651689057,-0.28429295651689057,-0.28671988671278215,3.3318931976021773,1.5797328199133363,1.9702042941401605,-0.0862137788877525,0.030144366262029265,0.011364588077125393,0.016722982224607406,0.03253245881114053,0.9,0,0.6698748058228725
1070,1774257680.6868901,1774257680.73689,0.05,5,-0.2547366576202782,-0.2547366576202782,-0.11239628058791161,6.63241374439779,3.4830511066734253,4.14746425480104,3.4830511066734253,0.14234037703236657,0.08063696996314193,0.09650911770293724,0.14234037703236657,0.9,0,3.1631194896081456
1071,1774257680.73689,1774257680.78689,0.05,5,-0.11853977243019695,-0.11853977243019695,-0.07411870965784388,4.859412569589941,3.5459932646744265,3.7387558623092274,1.1162869798794561,0.09269885135773287,0.04082524014110332,0.05143782033074062,0.09269885135773287,0.9,0,2.059974474616286
1072,1774257680.78689,1774257680.83689,0.05,5,-0.05607805140405509,-0.05607805140405509,-0.048420370771584446,1.3444686991433537,0.8669822601177861,1.0107539498973417,0.2240640121818317,0.013329149624959104,0.005232584165962224,0.00721315860786291,0.02098683025742975,0.9,0,0.29620332499909113
1073,1774257680.8368902,1774257680.8868902,0.05,5,-0.06618696413256331,-0.06618696413256331,-0.20346342075108553,6.802314919443718,3.3884801102398465,4.196335509866646,-3.3884801102398465,0.13727645661852222,0.06268579352617867,0.08474916458835524,0.13727645661852222,0.9,0,3.0505879248560492
1074,1774257680.8868902,1774257680.9368901,0.05,5,-0.17492766231597498,-0.17492766231597498,-0.307102496051893,7.049114933325717,4.165039731439649,4.7238011160220506,-3.2657693182005962,0.132174833735918,0.06496869760402513,0.08243131940303833,0.15019452929234153,0.9,0,2.9372185274648444
1075,1774257680.9368901,1774257680.98689,0.05,5,-0.33148887987601083,-0.33148887987601083,-0.36936004462793803,3.6046065848638746,2.5263678659059488,2.7941767161696736,-1.2521624631510158,0.0378711647519272,0.023128242187734138,0.028126933861308556,0.0378711647519272,0.9,0,0.8415814389317154
1076,1774257680.98689,1774257681.03689,0.05,5,-0.41050531592413336,-0.41050531592413336,-0.32237374904840016,11.2397237153773,3.996971290075002,5.834165987085168,2.3449563465502163,0.09537958442850764,0.045407604276113255,0.05983765066706411,0.12388800915238096,0.9,0,2.1195463206335026
1077,1774257681.03689,1774257681.08689,0.05,5,-0.3744156432124306,-0.3744156432124306,-0.24776920754842002,9.050259305698248,4.6104893088074625,5.912135914894503,3.8332442547673864,0.12664643566401057,0.03487452079995597,0.058383965659352506,0.14474052019080508,0.9,0,2.8143652369780123
1078,1774257681.0868902,1774257681.1368902,0.05,5,-0.28315571197160105,-0.28315571197160105,-0.2533030398081681,2.5222212604024357,0.9464952876839501,1.3138615813465955,0.7616165296845216,0.02985267216343296,0.009480281934807665,0.01419819848373402,0.02985267216343296,0.9,0,0.6633927147429546
1079,1774257681.1368902,1774257681.1868901,0.05,5,-0.17094220203771893,-0.17094220203771893,-0.1312342708775278,8.295590797846083,3.452251606699777,4.582444414113511,1.3864060617136313,0.06991604201885677,0.03376496689491834,0.04057754167605213,0.06991604201885677,0.9,0,1.5536898226412614
1080,1774257681.1868901,1774257681.23689,0.05,5,-0.10167962315200285,-0.10167962315200285,-0.03423585401805451,3.1978734884268527,2.043750535322866,2.30352226132569,1.6785132231339204,0.076469719061042,0.0494650638381697,0.05675423368488355,0.076469719061042,0.9,0,1.6993270902453774
1081,1774257681.23689,1774257681.28689,0.05,5,-0.04256286470973167,-0.04256286470973167,-0.0109667959971924,4.116613837609194,1.482668284766382,2.172275670467911,0.8271513076485284,0.03159606871253927,0.013833806070656809,0.01722871634460257,0.04592950114982387,0.9,0,0.7021348602786504
1082,1774257681.28689,1774257681.33689,0.05,5,-0.012550182002485253,-0.012550182002485253,-0.10610752976253221,3.421710168177283,2.3436503684764,2.58482754774874,-2.3436503684764,0.09355734776004695,0.05612651975929399,0.06606918742085678,0.09355734776004695,0.9,0,2.0790521724454876
1083,1774257681.3368902,1774257681.3868902,0.05,5,-0.06406036778415189,-0.06406036778415189,-0.23614408125096753,6.5714460984979945,4.460307505345862,5.0209091964844585,-4.460307505345862,0.17208371346681564,0.07541526145429134,0.096462805765457,0.17208371346681564,0.9,0,3.8240825214847916
1084,1774257681.3868902,1774257681.4368901,0.05,5,-0.2504087965359235,-0.2504087965359235,-0.19798598001323653,3.6386415086866757,1.2419536466318264,1.873286439808361,1.0299130628120832,0.05242281652268699,0.03849880389048429,0.04317014410996675,0.05242281652268699,0.9,0,1.164951478281933
1085,1774257681.4368901,1774257681.48689,0.05,5,-0.24654166824982082,-0.24654166824982082,-0.29240016480160674,5.382815059119955,2.614342492512055,3.1447111634040206,-1.19201649594945,0.05270900661781208,0.03145563669173161,0.036544771264094736,0.05270900661781208,0.9,0,1.1713112581736016
1086,1774257681.48689,1774257681.53689,0.05,5,-0.3042027971969117,-0.3042027971969117,-0.3902822395660388,3.933292421441677,2.165338789417095,2.529583271750765,-2.165338789417095,0.08607944236912712,0.04047769485366317,0.05334735293140898,0.08607944236912712,0.9,0,1.9128764970917136
1087,1774257681.53689,1774257681.58689,0.05,5,-0.4137479182252452,-0.4137479182252452,-0.40279121410652535,7.566499992029457,4.704039862708452,4.995103529460928,0.753925444984967,0.09352110791580542,0.044217250132633945,0.05598486591564528,0.09352110791580542,0.9,0,2.0782468425734537
1088,1774257681.5868902,1774257681.6368902,0.05,5,-0.4175856144110524,-0.4175856144110524,-0.35045904594066773,7.376060064355236,2.909138857342726,3.896191407495989,1.650960612742662,0.0924089291266747,0.050758322924562796,0.06203595669249402,0.0924089291266747,0.9,0,2.0535317583705486
1089,1774257681.6368902,1774257681.6868901,0.05,5,-0.3591170490644029,-0.3591170490644029,-0.24997719959900827,9.906630172843283,2.7140519616087095,4.966886570941288,2.681010411233641,0.10913984946539462,0.04264448384936422,0.0664413066313038,0.10913984946539462,0.9,0,2.42532998811988
1090,1774257681.6868901,1774257681.73689,0.05,5,-0.2850856402818126,-0.2850856402818126,-0.2195925307046928,7.718954014004665,2.1980371750307164,3.878990467342658,1.661439831971616,0.06549310957711979,0.01886132595417773,0.030379488101501956,0.07795872950249949,0.9,0,1.4554024350471062
1091,1774257681.73689,1774257681.78689,0.05,5,-0.21407611774264743,-0.21407611774264743,-0.11420971851128416,3.6296145404034736,2.5078433898295303,2.601579650005664,2.5078433898295303,0.09986639923136327,0.05176387823604121,0.06304750324919432,0.09986639923136327,0.9,0,2.2192533162525168
1092,1774257681.78689,1774257681.83689,0.05,5,-0.08532442652948394,-0.08532442652948394,-0.0563174031517545,4.822841352815437,1.7605605488598384,2.601986165026859,0.65086012754788,0.04720848393816769,0.025008526241510055,0.03243256313170501,0.04929198339283279,0.9,0,1.0490774208481708
1093,1774257681.8368902,1774257681.8868902,0.05,5,-0.05947669452913309,-0.05947669452913309,-0.05239705351533482,2.038100567821897,1.1680449461365248,1.3658008420401602,0.005728850031438304,0.013318574768606796,0.007749712025786976,0.008911002917573067,0.023254189384021365,0.9,0,0.2959683281912621
1094,1774257681.8868902,1774257681.9368901,0.05,5,-0.09979988541489573,-0.09979988541489573,-0.21929705476630193,4.183019153458227,2.9345509730394763,3.188883047878733,-2.9345509730394763,0.1194971693514062,0.05476079062100029,0.0694735250978278,0.1194971693514062,0.9,0,2.6554926522534705
1095,1774257681.9368901,1774257681.98689,0.05,5,-0.20404697373401307,-0.20404697373401307,-0.39287829152806036,10.873069404347529,5.190264246168394,6.343086425201104,-5.190264246168394,0.1888313177940473,0.0931272904688814,0.11602706959823253,0.1888313177940473,0.9,0,4.1962515065343835
1096,1774257681.98689,1774257682.03689,0.05,5,-0.4151390353243817,-0.4151390353243817,-0.5544787065073429,6.2851027558268004,3.3860936300433524,3.8031792472683286,-3.3860936300433524,0.1393396711829612,0.08539400260591706,0.09825414260607002,0.1393396711829612,0.9,0,3.0964371373991373
1097,1774257682.03689,1774257682.08689,0.05,5,-0.5585319422914627,-0.5585319422914627,-0.5147928568853674,3.8719217422125216,2.508611794711151,2.673180121444788,1.1616016427873959,0.05261072798407351,0.03199165913925519,0.03694734140409004,0.05261072798407351,0.9,0,1.1691272885349668
1098,1774257682.0868902,1774257682.1368902,0.05,5,-0.5112779312587653,-0.5112779312587653,-0.4545535660560778,6.196134330202833,2.8943251626400253,3.5726082340844663,1.4594136554699533,0.08197740911741924,0.03303510909621564,0.04575427734579942,0.0857567584387271,0.9,0,1.8217202026093162
1099,1774257682.1368902,1774257682.1868901,0.05,5,-0.4290095850693053,-0.4290095850693053,-0.2932488207850239,5.033845298802756,3.3831204126497916,3.825558158147895,3.3831204126497916,0.1357607642842814,0.07699594582544089,0.09342322909887753,0.1357607642842814,0.9,0,3.016905872984031
1100,1774257682.1868901,1774257682.23689,0.05,5,-0.2888748778933274,-0.2888748778933274,-0.1479432552639544,6.713623162460509,4.311065590531896,4.887255788786047,3.396050487065094,0.14093162262937298,0.048391916462030095,0.07274249051988665,0.15766423391265233,0.9,0,3.131813836208288
1101,1774257682.23689,1774257682.28689,0.05,5,-0.12801161989249144,-0.12801161989249144,-0.10425812130734327,2.5232094808237724,1.1566186920822723,1.4527550852865507,0.6954476723159834,0.023753498585148164,0.013753582889443047,0.016321277439439254,0.03421452696139468,0.9,0,0.5278555241144036
1102,1774257682.28689,1774257682.33689,0.05,5,-0.05793191306240946,-0.05793191306240946,0.018923069672106378,5.436785312447137,3.004985699893842,3.635743223810418,1.9000929260390553,0.07866753218335501,0.0489697887054535,0.0570756680163739,0.07866753218335501,0.9,0,1.7481673818523333
1103,1774257682.3368902,1774257682.3868902,0.05,5,0.03727820299468258,0.03727820299468258,0.04964976943510534,6.8627487597803345,3.7143942731672763,4.17035025348797,0.2830198932771091,0.06847198250276743,0.024405740900054495,0.03430811323304059,0.08084354894319018,0.9,0,1.5215996111726093
1104,1774257682.3868902,1774257682.4368901,0.05,5,0.0619490437415718,0.0619490437415718,0.02647521229103128,1.6434447611416951,1.1736984126182337,1.3173063208444709,-1.0965336930507443,0.03547383145054052,0.019391066034727338,0.02291836891353149,0.03547383145054052,0.9,0,0.788307365567567
1105,1774257682.4368901,1774257682.48689,0.05,5,0.04231637257022198,0.04231637257022198,-0.12268470569479478,7.5008818505762616,4.806580410439122,5.565885878639975,-4.541156623591264,0.16500107826501675,0.06466136106061732,0.090931429046916,0.1719004574671143,0.9,0,3.666690628111483
1106,1774257682.48689,1774257682.53689,0.05,5,-0.16420610054598955,-0.16420610054598955,-0.2600122682811199,7.574193734233283,4.037736144439405,4.560049146972556,-2.272511075857599,0.09580616773513034,0.050245161991457676,0.0603563476208061,0.12929671826686714,0.9,0,2.129025949669563
1107,1774257682.53689,1774257682.58689,0.05,5,-0.2764545653236218,-0.2764545653236218,-0.47090263467519367,7.637613615243567,4.8817287566740335,5.633999272207565,-4.8817287566740335,0.19444806935157188,0.08439841945750122,0.10743091800128268,0.19444806935157188,0.9,0,4.321068207812708
1108,1774257682.5868902,1774257682.6368902,0.05,5,-0.4421910081998769,-0.4421910081998769,-0.40996251689593444,2.958973089349508,1.149263264111494,1.575663737019519,0.8007807356851768,0.03222849130394245,0.009422929680680137,0.014999673256067807,0.039210597932082425,0.9,0,0.7161886956431656
1109,1774257682.6368902,1774257682.6868901,0.05,5,-0.3699661713088335,-0.3699661713088335,-0.28951033856367897,3.163857756030711,2.163876051619444,2.2773752893002723,2.163876051619444,0.08045583274515455,0.038774599995419365,0.048531352483437165,0.08045583274515455,0.9,0,1.7879073943367676
1110,1774257682.6868901,1774257682.73689,0.05,5,-0.28036142645974116,-0.28036142645974116,-0.2475473250097597,3.4385712492353298,1.1198419983561736,1.7589735508457844,0.8090752085067081,0.0387687736355507,0.028167300678492053,0.03155257066232756,0.0387687736355507,0.9,0,0.8615283030122377
1111,1774257682.73689,1774257682.78689,0.05,5,-0.25024297659444744,-0.25024297659444744,-0.21063808860006678,2.4113811979528115,1.3220556223195745,1.5836549950508194,0.9829558519121024,0.039604887994380666,0.022159195825423007,0.025604274653054745,0.039604887994380666,0.9,0,0.8801086220973481
1112,1774257682.78689,1774257682.83689,0.05,5,-0.20735686582003116,-0.20735686582003116,-0.1968584910645451,1.8165612699238844,0.8278410644476117,1.0252890763344078,0.16783469901318723,0.015079934949817575,0.008711620868197156,0.010261794455113236,0.020377589790047307,0.9,0,0.3351096655515016
1113,1774257682.8368902,1774257682.8868902,0.05,5,-0.2047765828605744,-0.2047765828605744,-0.2031513939424769,1.3630070759200683,0.7473047298898912,0.8377504503043318,0.13604706373694805,0.009873192249619689,0.0049477608884128665,0.006129944582167243,0.01626369271726305,0.9,0,0.21940427221377085
1114,1774257682.8868902,1774257682.9368901,0.05,5,-0.2147526047267439,-0.2147526047267439,-0.24994547558110441,2.4547706167009746,1.8143823120215634,1.8990356745525525,-0.8747849260332576,0.035192870854360514,0.018529249426035586,0.022749057547654338,0.035192870854360514,0.9,0,0.7820637967635669
1115,1774257682.9368901,1774257682.98689,0.05,5,-0.21161639622696965,-0.21161639622696965,-0.20307738819347856,7.202695994463209,4.024584660428495,4.704808831796311,0.22700940857955895,0.03785413330785781,0.01859617294089953,0.02384799563078706,0.07238579787221269,0.9,0,0.84120296239684
1116,1774257682.98689,1774257683.03689,0.05,5,-0.22146091745342947,-0.22146091745342947,-0.31890264938345037,5.499592949320918,3.7493374185350263,3.9585916033545954,-2.353645846535234,0.0974417319300209,0.05688485533351908,0.0656885557438993,0.0974417319300209,0.9,0,2.1653718206671306
1117,1774257683.03689,1774257683.08689,0.05,5,-0.34872905686928557,-0.34872905686928557,-0.5625369604271908,8.024048982214387,5.551485004928561,6.251071421549549,-5.551485004928561,0.21380790355790524,0.10210650677495652,0.12542799955210582,0.21380790355790524,0.9,0,4.751286745731227
1118,1774257683.0868902,1774257683.1368902,0.05,5,-0.5764391530396626,-0.5764391530396626,-0.5839329753987464,6.398041410051417,3.613631682585651,3.9653907010099263,-0.6969745981385936,0.06883790243135468,0.028971843229701765,0.03790238378315512,0.06883790243135468,0.9,0,1.5297311651412149
1119,1774257683.1368902,1774257683.1868901,0.05,5,-0.5606960862264572,-0.5606960862264572,-0.45614063632170737,11.718024958298292,5.647979012531232,7.007353998801078,3.3204418404484835,0.1045554499047498,0.04806502046804647,0.05846298329523422,0.15188193844346926,0.9,0,2.323454442327773
1120,1774257683.1868901,1774257683.23689,0.05,5,-0.39284845506292476,-0.39284845506292476,-0.2440221290577654,7.410380952925477,3.7876286458771182,4.464981710688266,3.7876286458771182,0.14882632600515935,0.09086373785553822,0.10448033247611592,0.14882632600515935,0.9,0,3.307251689003541
1121,1774257683.23689,1774257683.28689,0.05,5,-0.20032416065404235,-0.20032416065404235,0.013704153711077471,7.898683218055903,5.37574012077344,5.574480148281163,5.37574012077344,0.21402831436511982,0.10604592808798192,0.13164232544528356,0.21402831436511982,0.9,0,4.756184763669329
1122,1774257683.28689,1774257683.33689,0.05,5,0.05482609765563446,0.05482609765563446,0.09395953434392311,2.2011457414048063,1.536122656963482,1.594376623254866,0.9156627631426303,0.03913343668828865,0.023966138555611048,0.028038687770379832,0.03913343668828865,0.9,0,0.8696319264064143
1123,1774257683.3368902,1774257683.3868902,0.05,5,0.09531767987068761,0.09531767987068761,0.10928311459154502,3.846964703405537,2.2530737053480796,2.6300412679142346,-0.015388326371464145,0.04761129296374077,0.02304217813354493,0.028175501777230712,0.04761129296374077,0.9,0,1.0580287325275726
1124,1774257683.3868902,1774257683.4368901,0.05,5,0.09585095437502622,0.09585095437502622,0.042414923902003014,4.306605007150034,2.5434776395052925,2.765354495306871,-1.3106838403362324,0.07763277842519685,0.04664375998319059,0.053305752913680775,0.07763277842519685,0.9,0,1.7251728538932631
1125,1774257683.4368901,1774257683.48689,0.05,5,0.05176204951613159,0.05176204951613159,-0.12955045483130595,8.511561948919912,5.541415353916525,5.846198518685086,-5.541415353916525,0.18131250434743754,0.08854320965532858,0.10993426017380589,0.18131250434743754,0.9,0,4.029166763276389
1126,1774257683.48689,1774257683.53689,0.05,5,-0.16890664656379917,-0.16890664656379917,-0.12395813904228363,3.1643372931952625,1.8332958447939436,2.007672353595069,1.3023180822454183,0.05740874341681572,0.0344255750056342,0.03987533114547505,0.05740874341681572,0.9,0,1.2757498537070158
1127,1774257683.53689,1774257683.58689,0.05,5,-0.09062946575974776,-0.09062946575974776,-0.22473366933477215,6.029355732658173,4.210963947762768,4.465629118651837,-3.2659603784832614,0.15271045737976535,0.09058709023653358,0.10759749308517773,0.15271045737976535,0.9,0,3.393565719550341
1128,1774257683.5868902,1774257683.6368902,0.05,5,-0.15382694715420855,-0.15382694715420855,-0.037531493936803696,6.168285832264219,3.740749695924878,4.177635531265592,3.129330782211515,0.11629545321740486,0.0446514059758488,0.06180852122850886,0.1282964129690982,0.9,0,2.584343404831219
1129,1774257683.6368902,1774257683.6868901,0.05,5,-0.06419696323803152,-0.06419696323803152,-0.009001300585592696,5.387671342132125,2.616732523171321,3.1575209961107524,1.5325587858904413,0.055195662652438825,0.02124947321706791,0.028182523636752846,0.07731079027952617,0.9,0,1.226570281165307
1130,1774257683.6868901,1774257683.73689,0.05,5,0.01411566207678263,0.01411566207678263,-0.011095079437747141,3.48244700582865,1.925210892502279,2.32268626383133,-0.5997698345780267,0.029420359465885143,0.0170207837659956,0.01982643302839333,0.05463110098041492,0.9,0,0.6537857659085586
1131,1774257683.73689,1774257683.78689,0.05,5,-0.02896861719789859,-0.02896861719789859,0.02989440840729125,3.545552172801401,2.3325975259631857,2.498448168213559,1.3203632006705548,0.05886302560518984,0.030823539807542377,0.037416812310460575,0.07910721013326578,0.9,0,1.3080672356708851
1132,1774257683.78689,1774257683.83689,0.05,5,0.04416740669567519,0.04416740669567519,0.1223448498621345,6.967324874499346,2.5535152394749874,3.6296199491561407,1.9803876415397947,0.08948912892225362,0.062255193135661566,0.0699227055959444,0.08948912892225362,0.9,0,1.9886473093834136
1133,1774257683.8368902,1774257683.8868902,0.05,5,0.136883153006717,0.136883153006717,0.04311792805024686,6.971985762335651,2.6380233314356203,3.651269986449394,-2.6380233314356203,0.09376522495647013,0.03248869219959268,0.04654874477380773,0.09376522495647013,0.9,0,2.083671665699336
1134,1774257683.8868902,1774257683.9368901,0.05,5,0.0070579565873146385,0.0070579565873146385,-0.07155340361658,2.4906953458341343,1.9003525799299479,1.9730933355181703,-1.9003525799299479,0.07861136020389464,0.04184867477539086,0.0502194341253863,0.07861136020389464,0.9,0,1.746919115642103
1135,1774257683.9368901,1774257683.98689,0.05,5,-0.07800633952889877,-0.07800633952889877,-0.013168157591849257,5.288781297732931,2.89737479447956,3.2268805341563267,1.6081636252483418,0.09006296388278573,0.055250166469009265,0.06295928763802615,0.09006296388278573,0.9,0,2.001399197395238
1136,1774257683.98689,1774257684.03689,0.05,5,-0.02306604733776068,-0.02306604733776068,0.13030231723643718,5.391959662498505,3.8690123633310263,4.2757258610749,3.8690123633310263,0.15336836457419786,0.06223610911838895,0.08498679543137709,0.15336836457419786,0.9,0,3.4081858794266187
1137,1774257684.03689,1774257684.08689,0.05,5,0.16275671165579808,0.16275671165579808,0.04070592021720633,5.792705677363634,3.7892647762231366,4.17380696763765,-2.9952847892208974,0.12205079143859175,0.053590465964849496,0.07130062523103571,0.13707209173742602,0.9,0,2.712239809746483
1138,1774257684.0868902,1774257684.1368902,0.05,5,0.00466833659575297,0.00466833659575297,-0.038853808295132464,3.5520314038906795,1.4995904577857275,1.950652955437756,-1.0770102798439853,0.043522144890885434,0.02985311289934766,0.03363071664234748,0.043522144890885434,0.9,0,0.9671587753530095
1139,1774257684.1368902,1774257684.1868901,0.05,5,-0.026264624245484203,-0.026264624245484203,-0.07180121294840074,7.480948439790037,5.474436823014479,5.63498298707026,-0.959413415732693,0.08834372831148495,0.03938773105110761,0.050247051680531875,0.13388031701440148,0.9,0,1.963193962477443
1140,1774257684.1868901,1774257684.23689,0.05,5,-0.07546469484124677,-0.07546469484124677,-0.16629170300501608,4.798349856976277,3.4365098301917714,3.622353333575912,-2.2650674310438745,0.11375924972499987,0.06749358573130537,0.07899095335596373,0.11375924972499987,0.9,0,2.527983327222219
1141,1774257684.23689,1774257684.28689,0.05,5,-0.0843742737411352,-0.0843742737411352,-0.01410525467988586,6.306658764386002,2.5400169229938045,3.4093337957755057,1.7633943097198213,0.08302774083970342,0.05884482079317475,0.06625996117966305,0.08302774083970342,0.9,0,1.8450609075489648
1142,1774257684.28689,1774257684.33689,0.05,5,-0.00901582082241872,-0.00901582082241872,-0.05219001575608666,3.004441973064241,1.6384720170080023,1.8196934643737215,-1.1021038648980253,0.05386957771228151,0.02667508940643205,0.03319565618887431,0.05386957771228151,0.9,0,1.197101726939589
1143,1774257684.3368902,1774257684.3868902,0.05,5,-0.044412167897437946,-0.044412167897437946,-0.007531092156191642,2.203894583489933,1.2153663282050817,1.3573674655728452,0.9285509662695507,0.04294109842313268,0.02686173163469967,0.030802624591890714,0.04294109842313268,0.9,0,0.9542466316251705
1144,1774257684.3868902,1774257684.4368901,0.05,5,-0.017608958206306473,-0.017608958206306473,-0.09756010144882672,2.9679240880407685,2.0347917871068963,2.1070986504653626,-2.0347917871068963,0.07995114324252026,0.04023641414623606,0.05013080267051796,0.07995114324252026,0.9,0,1.7766920720560055
1145,1774257684.4368901,1774257684.48689,0.05,5,-0.10317784810207645,-0.10317784810207645,-0.1094376850926646,0.4608721318423565,0.29288112357870005,0.3187481148579213,-0.15652439693516917,0.006259836990588158,0.0031858117764088727,0.0039152390935653335,0.009043471262716665,0.9,1,0.13910748867973682
1146,1774257684.48689,1774257684.53689,0.05,5,-0.10850161972832119,-0.10850161972832119,-0.1125992754789979,0.33641265638802836,0.13612917081727205,0.18338069951808106,-0.09914639364496516,0.004097655750676707,0.001141558403200882,0.0018860718436577901,0.0047421633059479,0.9,1,0.09105901668170459
1147,1774257684.53689,1774257684.58689,0.05,5,-0.11275730728649858,-0.11275730728649858,-0.11730271397140954,0.20201615763527897,0.11081277877020353,0.12383898033518485,-0.11081277877020353,0.004545406684910963,0.0018164735631498118,0.0024199204537644296,0.004545406684910963,0.9,1,0.10100903744246584
1148,1774257684.5868902,1774257684.6368902,0.05,5,-0.1169363546095522,-0.1169363546095522,-0.11510930175734281,0.18296268447222155,0.05823386811943798,0.09291623852374194,0.047120655472793836,0.001827052852209396,0.0004561614533103414,0.0008286512244063927,0.001827052852209396,0.9,1,0.04060117449354213
1149,1774257684.6368902,1774257684.6868901,0.05,5,-0.11556191766257037,-0.11556191766257037,-0.12008146460191126,0.21154998778054399,0.12669825198821238,0.14535951313777742,-0.11525420434854741,0.004519546939340882,0.002536497258393558,0.002940675663129331,0.004519546939340882,0.9,1,0.10043437642979737
1150,1774257684.6868901,1774257684.73689,0.05,5,-0.11933626861961794,-0.11933626861961794,-0.11995228135031666,0.1251461403552737,0.07983754236052876,0.09304186070751334,-0.014749751332164072,0.0018554784004495145,0.000647920493971077,0.0009321932995897527,0.0019021526493326335,0.9,1,0.04123285334332254
1151,1774257684.73689,1774257684.78689,0.05,5,-0.11924954184412072,-0.11924954184412072,-0.11952601577565879,0.10354451208731451,0.0647801676623878,0.06898321297423664,-0.008147628788869144,0.0014659510588460184,0.000723199814584688,0.000894986353760797,0.0014659510588460184,0.9,1,0.03257669019657818
1152,1774257684.78689,1774257684.83689,0.05,5,-0.11847877380660275,-0.11847877380660275,-0.11926037708424968,0.17892246816730428,0.12168928438199393,0.13138888194779777,-0.008993085879313092,0.001174636661628592,0.0006602265194022017,0.0007618312455549065,0.0019057819369643347,0.9,1,0.026103036925079818
1153,1774257684.8368902,1774257684.8868902,0.05,5,-0.11848264909476328,-0.11848264909476328,-0.11839364278187313,0.10269340599129091,0.05287224119290133,0.06247868212342455,0.0015255381972558752,0.0010157438852679002,0.0003144382170558624,0.0005012753044465249,0.001104750198158047,0.9,1,0.022572086339286666
1154,1774257684.8868902,1774257684.9368901,0.05,5,-0.12003271352748406,-0.12003271352748406,-0.11826973282903472,0.14185092943477298,0.05329486475711137,0.07389209393845608,0.04185282751415528,0.0019465474323051846,0.0013452680598686844,0.0015147530147802863,0.0019465474323051846,0.9,1,0.043256609606781876
1155,1774257684.9368901,1774257684.98689,0.05,5,-0.11850712587529234,-0.11850712587529234,-0.11743730264649757,0.23388924950950904,0.12899624828505668,0.16009991833202186,0.014584647347780998,0.0018457178291149956,0.0006721459094262388,0.0009644692958877113,0.002915541057909768,0.9,1,0.041015951758111006
1156,1774257684.98689,1774257685.03689,0.05,5,-0.11918253194704342,-0.11918253194704342,-0.1186705018527589,0.11019201468007032,0.0407985704919943,0.05782996204949427,0.01429743684804086,0.0010886518250257382,0.000579848311915021,0.0006773853390076028,0.0010886518250257382,0.9,1,0.024192262778349734
1157,1774257685.03689,1774257685.08689,0.05,5,-0.11828832969608254,-0.11828832969608254,-0.1188985909035133,0.10268788620276668,0.060572216482136704,0.06713822016677212,-0.01858567682491421,0.0006102612074307678,0.00032813182202580946,0.00038907850526728765,0.001025433403424425,0.9,1,0.013561360165128173
1158,1774257685.0868902,1774257685.1368902,0.05,5,-0.11963226084366634,-0.11963226084366634,-0.11881011409734107,0.048494827848215336,0.035014649199057536,0.03766695872086781,0.017024514870770422,0.0008221467463252613,0.00040915491860300525,0.0005250764109206668,0.0011725472022328653,0.9,1,0.018269927696116916
1159,1774257685.1368902,1774257685.1868901,0.05,5,-0.12071637254639038,-0.12071637254639038,-0.11860987262701252,0.16237700433851043,0.07250998018298849,0.09195400232266265,0.053761648804831946,0.0021064999193778633,0.001374400252461011,0.0015681392626116129,0.0021064999193778633,0.9,1,0.04681110931950807
1160,1774257685.1868901,1774257685.23689,0.05,5,-0.11845791709576964,-0.11845791709576964,-0.11727033242993584,0.20999045872725824,0.07121333172003673,0.10821814138914618,0.04703273961624246,0.0011875846658337963,0.0005812210205141971,0.0007546483572070281,0.0016199321998393856,0.9,1,0.026390770351862138
1161,1774257685.23689,1774257685.28689,0.05,5,-0.11846350636600626,-0.11846350636600626,-0.11897254888035777,0.060282557687305026,0.042624471310791716,0.04480561071969334,-0.012307336559589665,0.0005988303565341718,0.00028734700264161086,0.00036862166541731627,0.0011078728708856789,0.9,1,0.013307341256314928
1162,1774257685.28689,1774257685.33689,0.05,5,-0.11814046981718225,-0.11814046981718225,-0.1194548747667553,0.08769738502309259,0.050956180067511944,0.06218853673544815,-0.03378463711724381,0.0013144049495730503,0.0005443162090160742,0.0006947155496623782,0.001653274748490724,0.9,1,0.029208998879401114
1163,1774257685.3368902,1774257685.3868902,0.05,5,-0.118473216628773,-0.118473216628773,-0.11927405529267292,0.15893083666305827,0.0977290135893097,0.10647466733695707,-0.022669930506078788,0.0008008386638999193,0.0004695176333642137,0.0005527744229516134,0.0015588795233531516,0.9,1,0.01779641475333154
1164,1774257685.3868902,1774257685.4368901,0.05,5,-0.11814814348230472,-0.11814814348230472,-0.11839466523032979,0.04617514794460646,0.02789778613620822,0.031962550455224566,-0.004810212163904986,0.0003206320086045211,0.00020105672560471745,0.00023206592698186683,0.0004699967899444435,0.9,1,0.007125155746767135
1165,1774257685.4368901,1774257685.48689,0.05,5,-0.11861151163720968,-0.11861151163720968,-0.11864875487638227,0.0559229390199643,0.034783882163873896,0.038197512401801845,-0.0009315727882438108,0.0006783576782881662,0.0003051067243192429,0.00040239246646181346,0.0006783576782881662,0.9,1,0.015074615073070358
1166,1774257685.48689,1774257685.53689,0.05,5,-0.11875528065340306,-0.11875528065340306,-0.11944020458745498,0.24229281330523902,0.09150321424533053,0.12833550866210947,-0.03845483695568122,0.0010207933766799154,0.000544641363431822,0.0006602505336959677,0.0017057173107318385,0.9,1,0.022684297259553673
1167,1774257685.53689,1774257685.58689,0.05,5,-0.11918706452334042,-0.11918706452334042,-0.11883888919197833,0.12785675617891593,0.05151078787972444,0.07234996044556172,0.015045659287964778,0.001174104891109376,0.0003959876367230497,0.0005766417921037821,0.001174104891109376,0.9,1,0.026091219802430576
1168,1774257685.5868902,1774257685.6368902,0.05,5,-0.11786071522964693,-0.11786071522964693,-0.11801751393936089,0.14335337054306416,0.09173756754480104,0.10250538248317323,-0.005299299792478349,0.0020343354279285103,0.00063179485911799,0.0009625249108185547,0.0020343354279285103,0.9,1,0.04520745395396689
1169,1774257685.6368902,1774257685.6868901,0.05,5,-0.11820211539174194,-0.11820211539174194,-0.11816663498038046,0.17924288472066352,0.09270268082882589,0.110364550817946,0.0031180867812580144,0.001838512406881862,0.000534299728711643,0.0008835113562666517,0.001873992818243339,0.9,1,0.040855831264041374
1170,1774257685.6868901,1774257685.73689,0.05,5,-0.11872425874449805,-0.11872425874449805,-0.11848215954539983,0.13985119138000662,0.06502465247966492,0.07865099953694628,0.0049009432103383835,0.0007708158308441099,0.0004088383133904333,0.0004954004822800677,0.001432353849244672,0.9,1,0.017129240685424662
1171,1774257685.73689,1774257685.78689,0.05,5,-0.11893086866526444,-0.11893086866526444,-0.11768263168873144,0.11516180436339732,0.04703094624205741,0.0620948596816829,0.0277900273399449,0.0012482369765329931,0.0003373661811456319,0.000576858485393857,0.0012482369765329931,0.9,1,0.027738599478510956
1172,1774257685.78689,1774257685.83689,0.05,5,-0.11830930746298869,-0.11830930746298869,-0.11823864197407559,0.09811937349602537,0.05215704018817679,0.06919553789468606,0.0015633988120348442,0.0008707009917066633,0.00022938829101493418,0.0003960838247136124,0.0009826431950808873,0.9,1,0.019348910926814736
1173,1774257685.8368902,1774257685.8868902,0.05,5,-0.11883115396517245,-0.11883115396517245,-0.11931051148170431,0.10128209709929992,0.06747063072691543,0.07063051508347472,-0.007266453435102394,0.000680108252609099,0.00032423005883582267,0.0004193008086181684,0.0011594657691409577,0.9,1,0.015113516724646643
1174,1774257685.8868902,1774257685.9368901,0.05,4,-0.11863763079192167,-0.11863763079192167,-0.11960179641702919,10.929084426228656,3.6665225679545075,6.309995994156169,-3.6665225679545075,0.0009641656251075104,0.00038685869004644394,0.0005247284753298145,0.0009641656251075104,0.9,0,0.021425902780166893
1175,1774257685.9368901,1774257685.98689,0.05,6,-0.11801657757224641,-0.11801657757224641,-0.11870263911324982,3.855748878010539,0.8033272998072236,1.7250161123437442,-0.7506262467403355,0.001430403054758167,0.0007580253941430378,0.0008707827046986644,0.001430403054758167,0.9,0,0.03178673455018149
