time,dt,roll_wrapped_rad,roll_unwrapped_rad,droll_rad,roll_vel_rad_s
1774257627.196361,0.009470939636230469,-0.11947299435842508,-0.11947299435842508,0.00012968373102943687,0.013692805150329553
1774257627.2065065,0.010145425796508789,-0.11980245648536304,-0.11980245648536304,-0.00032946212693796273,-0.03247395757912262
1774257627.2169423,0.010435819625854492,-0.1205739228819758,-0.1205739228819758,-0.000771466396612755,-0.07392484963054224
1774257627.2262387,0.009296417236328125,-0.11995482405284195,-0.11995482405284195,0.0006190988291338434,0.0665954220207067
1774257627.2364516,0.010212898254394531,-0.11956470266855575,-0.11956470266855575,0.00039012138428620724,0.038198890713352696
1774257627.247583,0.01113128662109375,-0.11959811639921308,-0.11959811639921308,-3.3413730657336216e-05,-0.0030017851300331547
1774257627.2564712,0.00888824462890625,-0.1197744041501911,-0.1197744041501911,-0.00017628775097801308,-0.01983380952462672
1774257627.266551,0.01007986068725586,-0.11914445704853856,-0.11914445704853856,0.0006299471016525393,0.06249561588177426
1774257627.2765005,0.009949445724487305,-0.11869163934947687,-0.11869163934947687,0.00045281769906169167,0.04551185177554455
1774257627.28878,0.012279510498046875,-0.1191229330523457,-0.1191229330523457,-0.00043129370286883184,-0.03512303710619666
1774257627.2994843,0.010704278945922852,-0.11977715055917525,-0.11977715055917525,-0.0006542175068295492,-0.061117382136116116
1774257627.307357,0.007872819900512695,-0.11978594186023979,-0.11978594186023979,-8.7913010645424e-06,-0.0011166648260263
1774257627.3166554,0.009298324584960938,-0.11968984255145192,-0.11968984255145192,9.609930878787254e-05,0.010335120903748947
1774257627.3307858,0.014130353927612305,-0.11993616266466148,-0.11993616266466148,-0.00024632011320956104,-0.01743198468144692
1774257627.3372386,0.006452798843383789,-0.11935287666749667,-0.11935287666749667,0.0005832859971648119,0.0903927135064607
1774257627.3467214,0.009482860565185547,-0.11912646578721835,-0.11912646578721835,0.0002264108802783188,0.02387579978867787
1774257627.3606298,0.01390838623046875,-0.11987305161166542,-0.11987305161166542,-0.0007465858244470741,-0.053678824564962646
1774257627.366798,0.0061681270599365234,-0.11908201573724675,-0.11908201573724675,0.0007910358744186718,0.12824571652497904
1774257627.377089,0.010291099548339844,-0.11964235274575992,-0.11964235274575992,-0.0005603370085131704,-0.05444870160677473
1774257627.386857,0.009768009185791016,-0.12001098115986546,-0.12001098115986546,-0.00036862841410553737,-0.03773833614343451
1774257627.397311,0.010453939437866211,-0.11989655679162872,-0.11989655679162872,0.00011442436823673463,0.010945574050512214
1774257627.4069414,0.009630441665649414,-0.119300334824691,-0.119300334824691,0.0005962219669377183,0.06191013742021488
1774257627.4176164,0.01067495346069336,-0.11910951398690582,-0.11910951398690582,0.00019082083778518277,0.017875566248397357
1774257627.4272318,0.009615421295166016,-0.11954728098637941,-0.11954728098637941,-0.0004377669994735933,-0.04552759427126433
1774257627.43715,0.009918212890625,-0.11974803577342726,-0.11974803577342726,-0.000200754787047841,-0.020241024190718934
1774257627.4470484,0.00989842414855957,-0.11955868032549317,-0.11955868032549317,0.00018935544793408088,0.01912985795437308
1774257627.4571526,0.010104179382324219,-0.11906956716112216,-0.11906956716112216,0.0004891131643710162,0.048407015143322574
1774257627.4677942,0.01064157485961914,-0.11948466599217662,-0.11948466599217662,-0.000415098831054464,-0.039007274442959684
1774257627.4771214,0.009327173233032227,-0.11992143640173539,-0.11992143640173539,-0.0004367704095587649,-0.04682773640484563
1774257627.4873574,0.010236024856567383,-0.12035216786629077,-0.12035216786629077,-0.0004307314645553839,-0.04207995492303135
1774257627.500517,0.013159513473510742,-0.1192871272712388,-0.1192871272712388,0.0010650405950519692,0.0809331285078151
1774257627.5073538,0.006836891174316406,-0.11941499533146599,-0.11941499533146599,-0.00012786806022718755,-0.018702661336418385
1774257627.5174074,0.010053634643554688,-0.11933298821711326,-0.11933298821711326,8.200711435273067e-05,0.008156961861082234
1774257627.529995,0.012587547302246094,-0.11860704142710618,-0.11860704142710618,0.0007259467900070787,0.057671822204596
1774257627.537405,0.0074100494384765625,-0.11936591562211417,-0.11936591562211417,-0.0007588741950079886,-0.10241148879082325
1774257627.5476482,0.01024317741394043,-0.11966066798441152,-0.11966066798441152,-0.00029475236229735413,-0.02877548151184139
1774257627.5586526,0.011004447937011719,-0.11897668988575265,-0.11897668988575265,0.0006839780986588745,0.062154694408469366
1774257627.5709965,0.012343883514404297,-0.11918114389552939,-0.11918114389552939,-0.00020445400977674166,-0.01656318366405197
1774257627.58066,0.009663581848144531,-0.11946984985183266,-0.11946984985183266,-0.0002887059563032729,-0.029875667308463503
1774257627.5881948,0.00753474235534668,-0.11940340806957907,-0.11940340806957907,6.644178225359565e-05,0.008818056294446264
1774257627.6049085,0.016713619232177734,-0.11940635237861535,-0.11940635237861535,-2.944309036287396e-06,-0.00017616226595726755
1774257627.6132264,0.008317947387695312,-0.11967094781237737,-0.11967094781237737,-0.00026459543376201877,-0.03181018362215576
1774257627.618245,0.005018472671508789,-0.11812113676178027,-0.11812113676178027,0.001549811050597108,0.3088212593835171
1774257627.6382933,0.02004837989807129,-0.11863715994492702,-0.11863715994492702,-0.0005160231831467521,-0.025738896896920584
1774257627.6409402,0.002646923065185547,-0.11972789264562889,-0.11972789264562889,-0.0010907327007018686,-0.4120757097356017
1774257627.6481717,0.007231473922729492,-0.11879446440689126,-0.11879446440689126,0.0009334282387376269,0.12907855973921675
1774257627.658151,0.009979248046875,-0.11915232855463659,-0.11915232855463659,-0.00035786414774532926,-0.035860833007091586
1774257627.6701787,0.012027740478515625,-0.11958405892384819,-0.11958405892384819,-0.000431730369211597,-0.03589455309438785
1774257627.6779978,0.007819175720214844,-0.1190728501347756,-0.1190728501347756,0.0005112087890725842,0.06537885927681107
1774257627.6881547,0.010156869888305664,-0.11968904426964685,-0.11968904426964685,-0.0006161941348712535,-0.06066771964665238
1774257627.6987484,0.010593652725219727,-0.11953219266242955,-0.11953219266242955,0.00015685160721730373,0.01480618737330286
1774257627.708386,0.009637594223022461,-0.1195571491515913,-0.1195571491515913,-2.495648916174542e-05,-0.0025894936624462675
1774257627.7187908,0.010404825210571289,-0.1190723283357233,-0.1190723283357233,0.0004848208158679951,0.04659576744983834
1774257627.7310505,0.012259721755981445,-0.11994161971793028,-0.11994161971793028,-0.0008692913822069825,-0.07090628967846357
1774257627.738551,0.007500410079956055,-0.12019315756903615,-0.12019315756903615,-0.00025153785110586246,-0.03353654645871526
1774257627.7485254,0.009974479675292969,-0.11944521346070129,-0.11944521346070129,0.0007479441083348554,0.07498577697115683
1774257627.7605543,0.012028932571411133,-0.11876088682846966,-0.11876088682846966,0.0006843266322316272,0.056890054721733946
1774257627.7687972,0.00824284553527832,-0.11887681991938168,-0.11887681991938168,-0.00011593309091201265,-0.01406469288012664
1774257627.778691,0.00989389419555664,-0.12003392112087091,-0.12003392112087091,-0.0011571012014892357,-0.11695103855152314
1774257627.7886364,0.009945392608642578,-0.11863507365269318,-0.11863507365269318,0.0013988474681777274,0.14065281515001474
1774257627.7988057,0.010169267654418945,-0.11899407824712338,-0.11899407824712338,-0.0003590045944301956,-0.03530289560961591
1774257627.808774,0.009968280792236328,-0.11953234476556955,-0.11953234476556955,-0.0005382665184461705,-0.05399792899748497
1774257627.8187315,0.009957551956176758,-0.11940107375759362,-0.11940107375759362,0.00013127100797592772,0.01318306030976812
1774257627.8294,0.010668516159057617,-0.11982103718586656,-0.11982103718586656,-0.0004199634282729403,-0.03936474595076556
1774257627.83939,0.00998997688293457,-0.11985382272433497,-0.11985382272433497,-3.2785538468402264e-05,-0.003281843276775578
1774257627.8487782,0.009388208389282227,-0.11917030702150212,-0.11917030702150212,0.0006835157028328431,0.0728057659662901
1774257627.8588824,0.010104179382324219,-0.11923805443228527,-0.11923805443228527,-6.77474107831505e-05,-0.006704889948971479
1774257627.8708339,0.011951446533203125,-0.12017140633451849,-0.12017140633451849,-0.0009333519022332176,-0.07809530834951312
1774257627.8789296,0.008095741271972656,-0.11946784828678023,-0.11946784828678023,0.0007035580477382647,0.08690471003241826
1774257627.8890145,0.010084867477416992,-0.11819413432294693,-0.11819413432294693,0.0012737139638333006,0.12629952418170332
1774257627.901701,0.012686491012573242,-0.11886590133611866,-0.11886590133611866,-0.0006717670131717313,-0.05295136476319267
1774257627.9094217,0.0077207088470458984,-0.11990676522196911,-0.11990676522196911,-0.0010408638858504515,-0.13481454960559838
1774257627.9195726,0.010150909423828125,-0.12010548310343623,-0.12010548310343623,-0.00019871788146712255,-0.019576362389822386
1774257627.9292605,0.00968790054321289,-0.11949335567843375,-0.11949335567843375,0.0006121274250024816,0.06318473463596025
1774257627.9396272,0.010366678237915039,-0.11935447628405145,-0.11935447628405145,0.00013887939438229913,0.01339671119282571
1774257627.949198,0.009570837020874023,-0.11933993916094186,-0.11933993916094186,1.4537123109586991e-05,0.0015188977806101477
1774257627.9592519,0.010053873062133789,-0.11937130748148454,-0.11937130748148454,-3.136832054267957e-05,-0.003120023532107546
1774257627.9691672,0.009915351867675781,-0.11948550294933374,-0.11948550294933374,-0.00011419546784920132,-0.011517036346584988
1774257627.9793658,0.010198593139648438,-0.11941222343873263,-0.11941222343873263,7.327951060111249e-05,0.00718525678960839
1774257627.9894147,0.010048866271972656,-0.11956893205708999,-0.11956893205708999,-0.00015670861835735683,-0.015594656562843675
1774257627.999509,0.010094404220581055,-0.11959699837611663,-0.11959699837611663,-2.806631902664558e-05,-0.002780383905116693
1774257628.0119147,0.012405633926391602,-0.11894904515132046,-0.11894904515132046,0.0006479532247961745,0.05223056142400964
1774257628.0196626,0.0077478885650634766,-0.11957104496877832,-0.11957104496877832,-0.0006219998174578634,-0.08027991268002542
1774257628.0297763,0.010113716125488281,-0.11877253198304533,-0.11877253198304533,0.0007985129857329964,0.07895347029966643
1774257628.0397265,0.00995016098022461,-0.11988994579599531,-0.11988994579599531,-0.0011174138129499828,-0.11230107886402847
1774257628.050211,0.010484457015991211,-0.11921613014906149,-0.11921613014906149,0.0006738156469338202,0.06426805373955907
1774257628.0598419,0.009630918502807617,-0.11953341273907869,-0.11953341273907869,-0.0003172825900172038,-0.03294416725930234
1774257628.0704353,0.010593414306640625,-0.11936656261017863,-0.11936656261017863,0.00016685012890006734,0.01575036377039224
1774257628.0800526,0.009617328643798828,-0.11968301794789167,-0.11968301794789167,-0.00031645533771304524,-0.032904702483791376
1774257628.090013,0.009960412979125977,-0.11899084225834107,-0.11899084225834107,0.0006921756895506004,0.06949266973178642
1774257628.1000562,0.010043144226074219,-0.1182085072730397,-0.1182085072730397,0.0007823349853013639,0.0778974161568097
1774257628.1100893,0.010033130645751953,-0.11841848889313476,-0.11841848889313476,-0.0002099816200950566,-0.020928823465880337
1774257628.1201148,0.010025501251220703,-0.1196500254313119,-0.1196500254313119,-0.0012315365381771332,-0.1228403954392985
1774257628.1302161,0.010101318359375,-0.11890043184254127,-0.11890043184254127,0.0007495935887706223,0.0742075006550929
1774257628.1401157,0.009899616241455078,-0.11955071766999771,-0.11955071766999771,-0.0006502858274564371,-0.06568798341225962
1774257628.151187,0.011071205139160156,-0.1189220165324534,-0.1189220165324534,0.0006287011375443047,0.05678705521592358
1774257628.1599798,0.008792877197265625,-0.11826232951175264,-0.11826232951175264,0.0006596870207007666,0.07502516024059946
1774257628.1698716,0.009891748428344727,-0.11944692457501646,-0.11944692457501646,-0.0011845950632638214,-0.11975588257677214
1774257628.181947,0.012075424194335938,-0.11889353195442927,-0.11889353195442927,0.0005533926205871925,0.04582800667547275
1774257628.1899495,0.008002519607543945,-0.11938453158385032,-0.11938453158385032,-0.0004909996294210489,-0.06135562966421043
1774257628.2002697,0.010320186614990234,-0.11967338767081084,-0.11967338767081084,-0.0002888560869605261,-0.0279894247785169
1774257628.2104034,0.010133743286132812,-0.11978870887814873,-0.11978870887814873,-0.00011532120733788453,-0.011379921918457521
1774257628.2207944,0.010390996932983398,-0.1191773306304591,-0.1191773306304591,0.0006113782476896285,0.05883730421948006
1774257628.2306528,0.009858369827270508,-0.11904353992181513,-0.11904353992181513,0.00013379070864397158,0.013571281153794398
1774257628.2426531,0.012000322341918945,-0.11902246946599261,-0.11902246946599261,2.1070455822516654e-05,0.0017558241538991296
1774257628.2505655,0.007912397384643555,-0.11831450246394516,-0.11831450246394516,0.0007079670020474493,0.08947566301731476
1774257628.2619414,0.011375904083251953,-0.11890186554231211,-0.11890186554231211,-0.0005873630783669453,-0.05163221086152476
1774257628.2704406,0.0084991455078125,-0.11916140465445012,-0.11916140465445012,-0.0002595391121380103,-0.030537083039634906
1774257628.2812185,0.010777950286865234,-0.11882074247199244,-0.11882074247199244,0.00034066218245767943,0.03160732545527086
1774257628.2933245,0.012105941772460938,-0.11972604318217046,-0.11972604318217046,-0.0009053007101780253,-0.07478151862892965
1774257628.3004663,0.007141828536987305,-0.11958557625931725,-0.11958557625931725,0.00014046692285321627,0.01966820151530417
1774257628.3115869,0.01112055778503418,-0.11878560290007506,-0.11878560290007506,0.000799973359242187,0.07193644192189486
1774257628.320902,0.009315252304077148,-0.11846641279897259,-0.11846641279897259,0.0003191901011024706,0.034265320002418595
1774257628.3308125,0.009910345077514648,-0.11930904314189754,-0.11930904314189754,-0.0008426303429249493,-0.08502532821352242
1774257628.340569,0.00975656509399414,-0.11881914080536132,-0.11881914080536132,0.000489902336536216,0.05021258320080144
1774257628.353112,0.012542963027954102,-0.11837281595931277,-0.11837281595931277,0.0004463248460485486,0.0355836850554242
1774257628.3608913,0.007779359817504883,-0.11973633424659788,-0.11973633424659788,-0.0013635182872851065,-0.17527384248469371
1774257628.371427,0.010535717010498047,-0.11994842221146064,-0.11994842221146064,-0.00021208796486275883,-0.020130377899428124
1774257628.380888,0.009460926055908203,-0.11849799314354562,-0.11849799314354562,0.001450429067915024,0.1533073040993966
1774257628.390862,0.009974002838134766,-0.1187550583362192,-0.1187550583362192,-0.0002570651926735862,-0.025773523112578123
1774257628.400838,0.009975910186767578,-0.11868020061864465,-0.11868020061864465,7.485771757455295e-05,0.007503848388074608
1774257628.4111156,0.010277748107910156,-0.11926098679188318,-0.11926098679188318,-0.0005807861732385344,-0.05650908809406788
1774257628.4209244,0.009808778762817383,-0.11816318677368179,-0.11816318677368179,0.0010978000182013947,0.11192015282910436
1774257628.4309797,0.010055303573608398,-0.11916308062853716,-0.11916308062853716,-0.0009998938548553687,-0.0994394497924195
1774257628.4410958,0.010116100311279297,-0.11878371285848205,-0.11878371285848205,0.00037936777005510847,0.037501384761094075
1774257628.4520257,0.01092982292175293,-0.11945429953542594,-0.11945429953542594,-0.0006705866769438906,-0.061353846420445175
1774257628.4614224,0.009396791458129883,-0.1184748885997787,-0.1184748885997787,0.0009794109356472402,0.10422822939205242
1774257628.4714105,0.009988069534301758,-0.11973138927254058,-0.11973138927254058,-0.0012565006727618816,-0.1258001527168704
1774257628.482133,0.01072239875793457,-0.1195942778145725,-0.1195942778145725,0.00013711145796807545,0.012787386578643424
1774257628.4914942,0.00936126708984375,-0.1189977114802512,-0.1189977114802512,0.0005965663343212996,0.06372709256084871
1774257628.5014012,0.009907007217407227,-0.11895950580048323,-0.11895950580048323,3.820567976797751e-05,0.003856429992384356
1774257628.5114894,0.010088205337524414,-0.1189893286128052,-0.1189893286128052,-2.982281232197237e-05,-0.002956205918117316
1774257628.5217953,0.01030588150024414,-0.11857705072191774,-0.11857705072191774,0.0004122778908874636,0.04000413655810975
1774257628.5317082,0.009912967681884766,-0.11843046580995943,-0.11843046580995943,0.0001465849119583057,0.01478718751662825
1774257628.5417762,0.010067939758300781,-0.11927055197333822,-0.11927055197333822,-0.0008400861633787865,-0.08344171534063412
1774257628.5521343,0.010358095169067383,-0.11914700054992226,-0.11914700054992226,0.0001235514234159546,0.011928006201846749
1774257628.5617826,0.009648323059082031,-0.11936444413667822,-0.11936444413667822,-0.00021744358675596098,-0.022536930555126868
1774257628.5741265,0.012343883514404297,-0.11915081074950054,-0.11915081074950054,0.00021363338717768354,0.017306821384727986
1774257628.582093,0.00796651840209961,-0.11914934619224136,-0.11914934619224136,1.464557259175936e-06,0.000183839060585104
1774257628.5922873,0.01019430160522461,-0.11896418157314152,-0.11896418157314152,0.0001851646190998424,0.018163541385213183
1774257628.6019063,0.009618997573852539,-0.1195890446530147,-0.1195890446530147,-0.0006248630798731808,-0.06496135122975343
1774257628.6116247,0.00971841812133789,-0.11898782000400718,-0.11898782000400718,0.0006012246490075257,0.061864455871420955
1774257628.6218097,0.010185003280639648,-0.11940558582870005,-0.11940558582870005,-0.00041776582469287005,-0.04101774080789821
1774257628.6353555,0.013545751571655273,-0.11884756309922229,-0.11884756309922229,0.0005580227294777612,0.04119540555028587
1774257628.6418862,0.00653076171875,-0.11861457758911376,-0.11861457758911376,0.00023298551010852986,0.035675089697365915
1774257628.6519024,0.010016202926635742,-0.11971296340807241,-0.11971296340807241,-0.0010983858189586582,-0.10966089914549941
1774257628.6646154,0.012712955474853516,-0.1200812340168951,-0.1200812340168951,-0.0003682706088226906,-0.02896813487242501
1774257628.6719282,0.007312774658203125,-0.11920832449822384,-0.11920832449822384,0.0008729095186712638,0.11936775840509117
1774257628.6820683,0.010140180587768555,-0.11998194585868836,-0.11998194585868836,-0.0007736213604645215,-0.07629266103975416
1774257628.6926117,0.010543346405029297,-0.11922454186316982,-0.11922454186316982,0.0007574039955185463,0.07183715363437702
1774257628.7024047,0.00979304313659668,-0.11917983587481217,-0.11917983587481217,4.4705988357651716e-05,0.004565076221362192
1774257628.7125523,0.010147571563720703,-0.1197349519916354,-0.1197349519916354,-0.0005551161168232399,-0.05470433131093892
1774257628.722791,0.0102386474609375,-0.11892765349740451,-0.11892765349740451,0.0008072984942308903,0.07884815814890556
1774257628.7321067,0.009315729141235352,-0.11961469897336588,-0.11961469897336588,-0.0006870454759613648,-0.07375112195138986
1774257628.7423444,0.010237693786621094,-0.11935878471116192,-0.11935878471116192,0.00025591426220396285,0.02499725695433466
1774257628.7541122,0.011767864227294922,-0.11906391727835862,-0.11906391727835862,0.0002948674328032974,0.02505700500175456
1774257628.7622254,0.00811314582824707,-0.11933292530155044,-0.11933292530155044,-0.0002690080231918246,-0.03315705509140917
1774257628.7723804,0.010154962539672852,-0.1192865814722058,-0.1192865814722058,4.6343829344638876e-05,0.004563663249724984
1774257628.782586,0.010205745697021484,-0.1200641741850884,-0.1200641741850884,-0.0007775927128825938,-0.07619166065538277
1774257628.7925456,0.00995945930480957,-0.11887226563430832,-0.11887226563430832,0.0011919085507800797,0.11967603002348626
1774257628.8029711,0.010425567626953125,-0.11995473950583883,-0.11995473950583883,-0.0010824738715305149,-0.1038287707934487
1774257628.8125033,0.00953221321105957,-0.11912529036051514,-0.11912529036051514,0.0008294491453236935,0.08701537900572144
1774257628.822618,0.010114669799804688,-0.11845131711004883,-0.11845131711004883,0.0006739732504663087,0.06663324298330757
1774257628.8331182,0.010500192642211914,-0.11893973421161982,-0.11893973421161982,-0.0004884171015709926,-0.046515061029214155
1774257628.8427768,0.009658575057983398,-0.11961685946333704,-0.11961685946333704,-0.0006771252517172172,-0.07010612307221571
1774257628.8529751,0.010198354721069336,-0.11880290805171856,-0.11880290805171856,0.0008139514116184826,0.07981203183067324
1774257628.8642848,0.011309623718261719,-0.11943423387399917,-0.11943423387399917,-0.0006313258222806067,-0.05582200062599793
1774257628.872752,0.00846719741821289,-0.11879872442610132,-0.11879872442610132,0.0006355094478978501,0.07505546599526228
1774257628.883119,0.010367155075073242,-0.1186183647932874,-0.1186183647932874,0.00018035963281391731,0.017397215678539767
1774257628.894661,0.01154184341430664,-0.11958735276175253,-0.11958735276175253,-0.000968987968465132,-0.08395435059048083
1774257628.9031336,0.008472681045532227,-0.11847602078208591,-0.11847602078208591,0.0011113319796666188,0.1311665072359405
1774257628.9134178,0.010284185409545898,-0.11856324263701697,-0.11856324263701697,-8.722185493105494e-05,-0.008481163209104983
1774257628.9229925,0.009574651718139648,-0.1191427720045155,-0.1191427720045155,-0.0005795293674985269,-0.0605274619441854
1774257628.9329484,0.009955883026123047,-0.11961066149443683,-0.11961066149443683,-0.0004678894899213387,-0.04699628236828945
1774257628.9430304,0.010082006454467773,-0.12012622735324142,-0.12012622735324142,-0.0005155658588045925,-0.0511372276077172
1774257628.9534433,0.010412931442260742,-0.11927810747737476,-0.11927810747737476,0.0008481198758666653,0.08144871408877064
1774257628.9637105,0.010267257690429688,-0.11976686990949531,-0.11976686990949531,-0.0004887624321205514,-0.04760398997057768
1774257628.973099,0.009388446807861328,-0.11936877063151183,-0.11936877063151183,0.00039809927798348244,0.0424031031043535
1774257628.9837468,0.010647773742675781,-0.11880155712304284,-0.11880155712304284,0.0005672135084689861,0.05327061996026651
1774257628.9930363,0.00928950309753418,-0.11887481667243853,-0.11887481667243853,-7.32595493956878e-05,-0.00788627213172833
1774257629.003567,0.010530710220336914,-0.11876244667579981,-0.11876244667579981,0.00011236999663871705,0.010670694975701453
1774257629.013476,0.009908914566040039,-0.11968255197529568,-0.11968255197529568,-0.0009201052994958631,-0.09285631573101456
1774257629.0239632,0.01048731803894043,-0.11907615644941848,-0.11907615644941848,0.0006063955258771986,0.05782179234248386
1774257629.03345,0.009486675262451172,-0.11897869243650724,-0.11897869243650724,9.746401291123308e-05,0.010273779824318586
1774257629.0440364,0.01058650016784668,-0.1184980068415826,-0.1184980068415826,0.0004806855949246458,0.04540552470632213
1774257629.0533156,0.009279251098632812,-0.11930000194314319,-0.11930000194314319,-0.0008019951015605931,-0.08642886080308329
1774257629.0640352,0.010719537734985352,-0.11906040086180514,-0.11906040086180514,0.00023960108133805336,0.022351810988646217
1774257629.0737398,0.00970458984375,-0.11991765750165996,-0.11991765750165996,-0.0008572566398548226,-0.08833517476340512
1774257629.0834515,0.009711742401123047,-0.11926410767477853,-0.11926410767477853,0.0006535498268814277,0.06729480662562183
1774257629.0958524,0.01240086555480957,-0.11876082181989983,-0.11876082181989983,0.0005032858548787017,0.04058473601332663
1774257629.1036408,0.007788419723510742,-0.1190675972212436,-0.1190675972212436,-0.0003067754013437729,-0.03938865806342156
1774257629.1136763,0.010035514831542969,-0.11928860273566348,-0.11928860273566348,-0.00022100551441987804,-0.022022339474326524
1774257629.1239328,0.010256528854370117,-0.11921860132401506,-0.11921860132401506,7.000141164842377e-05,0.006825058715512458
1774257629.1341937,0.010260820388793945,-0.11868429007279276,-0.11868429007279276,0.0005343112512223025,0.05207295625268277
1774257629.1436713,0.009477615356445312,-0.11905426371336322,-0.11905426371336322,-0.00036997364057046733,-0.039036574777099854
1774257629.156545,0.012873649597167969,-0.11873340329394201,-0.11873340329394201,0.00032086041942121224,0.024923811775317953
1774257629.165117,0.008572101593017578,-0.1187624714665843,-0.1187624714665843,-2.9068172642282564e-05,-0.0033910205480952417
1774257629.1736894,0.00857234001159668,-0.11969727154724263,-0.11969727154724263,-0.0009348000806583406,-0.10904841378127106
1774257629.1841855,0.010496139526367188,-0.11990362835152002,-0.11990362835152002,-0.00020635680427738556,-0.019660257350714506
1774257629.1938055,0.009619951248168945,-0.118952923558271,-0.118952923558271,0.0009507047932490187,0.09882636291217954
1774257629.2039711,0.010165691375732422,-0.11954812149579773,-0.11954812149579773,-0.0005951979375267286,-0.0585496761142668
1774257629.2139,0.00992894172668457,-0.11805179023605075,-0.11805179023605075,0.0014963312597469774,0.15070400259531244
1774257629.2238846,0.009984493255615234,-0.11879036192673997,-0.11879036192673997,-0.0007385716906892215,-0.07397187536521717
1774257629.233996,0.010111331939697266,-0.11932622182875048,-0.11932622182875048,-0.0005358599020105076,-0.05299597572370385
1774257629.2443523,0.010356426239013672,-0.11856739677247724,-0.11856739677247724,0.0007588250562732407,0.07327093717084301
1774257629.2539866,0.009634256362915039,-0.1189273313265276,-0.1189273313265276,-0.00035993455405035346,-0.037359868835942826
1774257629.2641077,0.01012110710144043,-0.11926745417749393,-0.11926745417749393,-0.0003401228509663373,-0.033605301036477644
1774257629.274068,0.009960412979125977,-0.1187543104821341,-0.1187543104821341,0.0005131436953598328,0.05151831519789665
1774257629.2840729,0.010004758834838867,-0.11946995016580625,-0.11946995016580625,-0.0007156396836721507,-0.07152992845565942
1774257629.294911,0.010838031768798828,-0.11876750116694369,-0.11876750116694369,0.0007024489988625565,0.06481333639238894
1774257629.304752,0.009841203689575195,-0.11895672264614421,-0.11895672264614421,-0.0001892214792005159,-0.019227473098738783
1774257629.3142154,0.009463310241699219,-0.11894688601855771,-0.11894688601855771,9.836627586495839e-06,0.001039448917478329
1774257629.3256025,0.011387109756469727,-0.11912740459170042,-0.11912740459170042,-0.00018051857314270447,-0.015852887783060196
1774257629.3344572,0.00885462760925293,-0.11834941970306599,-0.11834941970306599,0.0007779848886344254,0.0878619545582521
1774257629.3442733,0.009816169738769531,-0.11889171434630927,-0.11889171434630927,-0.0005422946432432768,-0.055245035250506384
1774257629.3587432,0.01446986198425293,-0.11924863963049082,-0.11924863963049082,-0.00035692528418154734,-0.024666806398704926
1774257629.3647096,0.0059664249420166016,-0.11868068480966137,-0.11868068480966137,0.0005679548208294416,0.0951918152577107
1774257629.375498,0.010788440704345703,-0.11921181870161902,-0.11921181870161902,-0.0005311338919576497,-0.04923175707344835
1774257629.3846288,0.009130716323852539,-0.11884452402117693,-0.11884452402117693,0.0003672946804420957,0.04022627222385575
1774257629.394679,0.010050296783447266,-0.11896206047988578,-0.11896206047988578,-0.0001175364587088501,-0.011694824664524477
1774257629.4044502,0.009771108627319336,-0.11886281343705112,-0.11886281343705112,9.924704283466312e-05,0.010157193683956735
1774257629.4145422,0.010092020034790039,-0.11957594879664653,-0.11957594879664653,-0.0007131353595954126,-0.07066329209980103
1774257629.4249828,0.010440587997436523,-0.11960921026321673,-0.11960921026321673,-3.326146657020579e-05,-0.003185784802385888
1774257629.4348311,0.009848356246948242,-0.11928027784837723,-0.11928027784837723,0.0003289324148395001,0.033399727486648136
1774257629.4448428,0.010011672973632812,-0.11877991268003178,-0.11877991268003178,0.0005003651683454513,0.04997817743979805
1774257629.4547863,0.009943485260009766,-0.11922005934417043,-0.11922005934417043,-0.0004401466641386492,-0.04426482793802793
1774257629.4652712,0.010484933853149414,-0.11916671489121183,-0.11916671489121183,5.334445295859802e-05,0.0050877243200322785
1774257629.4746838,0.009412527084350586,-0.1197764999903151,-0.1197764999903151,-0.0006097850991032688,-0.06478441906606644
1774257629.4847457,0.010061979293823242,-0.11872407746104911,-0.11872407746104911,0.0010524225292659894,0.104593986782704
1774257629.4948711,0.010125398635864258,-0.11894040059946084,-0.11894040059946084,-0.0002163231384117309,-0.021364407090651454
1774257629.504795,0.009923934936523438,-0.11956530802031015,-0.11956530802031015,-0.0006249074208493077,-0.06296972167254312
1774257629.514931,0.010135889053344727,-0.11963717199593632,-0.11963717199593632,-7.186397562616853e-05,-0.007090051523645501
1774257629.5248327,0.009901762008666992,-0.11919227700681588,-0.11919227700681588,0.00044489498912043957,0.04493089095971241
1774257629.5349321,0.010099411010742188,-0.11914191135401023,-0.11914191135401023,5.0365652805653416e-05,0.004986989117690353
1774257629.545259,0.010326862335205078,-0.11936814129974992,-0.11936814129974992,-0.00022622994573968935,-0.02190693924217948
1774257629.555141,0.009881973266601562,-0.11949047112494017,-0.11949047112494017,-0.00012232982519025382,-0.012379088861097818
1774257629.5650523,0.009911298751831055,-0.11850752024053741,-0.11850752024053741,0.0009829508844027557,0.09917478112756527
1774257629.5765772,0.01152491569519043,-0.11949413094792526,-0.11949413094792526,-0.0009866107073878416,-0.08560676134052532
1774257629.5851576,0.008580446243286133,-0.11910131724258143,-0.11910131724258143,0.00039281370534383075,0.045780102130607986
1774257629.5951824,0.010024785995483398,-0.11905077982977902,-0.11905077982977902,5.0537412802406645e-05,0.005041246050057921
1774257629.6051414,0.009958982467651367,-0.1192796515608319,-0.1192796515608319,-0.0002288717310528765,-0.022981437290033855
1774257629.6152246,0.010083198547363281,-0.11893171185592757,-0.11893171185592757,0.0003479397049043209,0.0345068782757735
1774257629.6254072,0.010182619094848633,-0.11854438112977315,-0.11854438112977315,0.00038733072615441955,0.03803841846056771
1774257629.635623,0.01021575927734375,-0.11904561620684172,-0.11904561620684172,-0.0005012350770685625,-0.04906488724535521
1774257629.6453164,0.009693384170532227,-0.1194033444155988,-0.1194033444155988,-0.00035772820875708267,-0.03690436719144715
1774257629.6552606,0.00994420051574707,-0.11927260419129078,-0.11927260419129078,0.0001307402243080208,0.013147384156321868
1774257629.66807,0.012809514999389648,-0.11880877487003941,-0.11880877487003941,0.00046382932125137166,0.036209748868202454
1774257629.6756065,0.007536411285400391,-0.11941911818568055,-0.11941911818568055,-0.0006103433156411375,-0.08098593515238486
1774257629.6862574,0.010650873184204102,-0.11909102107362585,-0.11909102107362585,0.00032809711205469827,0.030804714916828266
1774257629.6961164,0.009859085083007812,-0.11910366491131127,-0.11910366491131127,-1.264383768542765e-05,-0.001282455479283709
1774257629.705458,0.00934147834777832,-0.11823652396731804,-0.11823652396731804,0.0008671409439932332,0.0928269500511624
1774257629.7156842,0.010226249694824219,-0.11877780635263241,-0.11877780635263241,-0.0005412823853143678,-0.0529306834340575
1774257629.726201,0.010516881942749023,-0.11885418326649197,-0.11885418326649197,-7.637691385956047e-05,-0.007262315415855681
1774257629.7356703,0.009469270706176758,-0.11821171087979387,-0.11821171087979387,0.0006424723866980953,0.0678481381125807
1774257629.745856,0.010185718536376953,-0.11942551187793966,-0.11942551187793966,-0.0012138009981457892,-0.11916694868514761
1774257629.75613,0.010273933410644531,-0.11903902879804386,-0.11903902879804386,0.0003864830798958052,0.03761782994382473
1774257629.766042,0.00991201400756836,-0.11761174105269563,-0.11761174105269563,0.0014272877453482269,0.1439957353024739
1774257629.7758725,0.009830474853515625,-0.11881581893902797,-0.11881581893902797,-0.0012040778863323387,-0.12248420389394823
1774257629.7857764,0.009903907775878906,-0.11872845689405151,-0.11872845689405151,8.73620449764606e-05,0.008820967132714219
1774257629.796446,0.010669708251953125,-0.11875469873567518,-0.11875469873567518,-2.6241841623669826e-05,-0.0024594713373597794
1774257629.807131,0.010684967041015625,-0.11950801908815617,-0.11950801908815617,-0.0007533203524809906,-0.07050282416307634
1774257629.8156443,0.008513212203979492,-0.11892846919758952,-0.11892846919758952,0.0005795498905666469,0.06807652348848263
1774257629.8259153,0.010271072387695312,-0.11841537217190654,-0.11841537217190654,0.0005130970256829875,0.04995554566411925
1774257629.8379555,0.012040138244628906,-0.11814061438622563,-0.11814061438622563,0.0002747577856809097,0.022820152069556083
1774257629.8459117,0.007956266403198242,-0.1189082151325418,-0.1189082151325418,-0.0007676007463161688,-0.0964775068375803
1774257629.8560007,0.010088920593261719,-0.12009976880889565,-0.12009976880889565,-0.0011915536763538598,-0.11810516946180404
1774257629.8691533,0.013152599334716797,-0.11962957267466569,-0.11962957267466569,0.00047019613422996653,0.03574929352473055
1774257629.8763666,0.0072133541107177734,-0.11981003950158116,-0.11981003950158116,-0.00018046682691547078,-0.025018434440550876
1774257629.886333,0.009966373443603516,-0.11959153457748826,-0.11959153457748826,0.0002185049240928938,0.02192421599785945
1774257629.8965163,0.010183334350585938,-0.11957939339961192,-0.11957939339961192,1.2141177876345832e-05,0.001192259574158757
1774257629.9069526,0.010436296463012695,-0.1188501662230661,-0.1188501662230661,0.0007292271765458186,0.06987413390662812
1774257629.9164665,0.00951385498046875,-0.11993166106259785,-0.11993166106259785,-0.001081494839531752,-0.11367577514603512
1774257629.9267695,0.010303020477294922,-0.11940949802883508,-0.11940949802883508,0.0005221630337627764,0.05068057808032925
1774257629.9364393,0.009669780731201172,-0.1188790851913543,-0.1188790851913543,0.0005304128374807732,0.05485262305579557
1774257629.946244,0.009804725646972656,-0.11900266299255055,-0.11900266299255055,-0.00012357780119624795,-0.012603902000501594
1774257629.9565208,0.01027679443359375,-0.11940354387923605,-0.11940354387923605,-0.00040088088668549515,-0.03900835900493038
1774257629.966416,0.009895086288452148,-0.11944656217712693,-0.11944656217712693,-4.3018297890884405e-05,-0.004347440399897068
1774257629.9764256,0.010009765625,-0.11931392509974065,-0.11931392509974065,0.00013263707738628283,0.013250767535956451
1774257629.987134,0.010708332061767578,-0.12003473047042215,-0.12003473047042215,-0.0007208053706815043,-0.06731257179211195
1774257629.9968286,0.009694576263427734,-0.11958956652633801,-0.11958956652633801,0.0004451639440841426,0.04591886555820903
1774257630.0071054,0.01027679443359375,-0.11941197176289799,-0.11941197176289799,0.00017759476344002267,0.017281143900230625
1774257630.0171087,0.010003328323364258,-0.11948373930464286,-0.11948373930464286,-7.176754174487154e-05,-0.007174366313384696
1774257630.0264919,0.009383201599121094,-0.11907615563986422,-0.11907615563986422,0.00040758366477863794,0.04343759008831437
1774257630.0375693,0.011077404022216797,-0.1189042713131558,-0.1189042713131558,0.00017188432670842135,0.015516661337231254
1774257630.0465481,0.008978843688964844,-0.11902335936043217,-0.11902335936043217,-0.00011908804727636668,-0.013263183033548962
1774257630.0565503,0.01000213623046875,-0.1199642209253032,-0.1199642209253032,-0.00094086156487104,-0.09406606180837296
1774257630.068485,0.011934757232666016,-0.11814389660793662,-0.11814389660793662,0.0018203243173665895,0.15252294469671093
1774257630.0769737,0.008488655090332031,-0.11973072253309372,-0.11973072253309372,-0.0015868259251571037,-0.18693490408915125
1774257630.086672,0.00969839096069336,-0.11892766756283137,-0.11892766756283137,0.0008030549702623541,0.08280290756652915
1774257630.099571,0.012898921966552734,-0.11880072763033325,-0.11880072763033325,0.00012693993249811297,0.009841127252903132
1774257630.1066751,0.007104158401489258,-0.11903471627052407,-0.11903471627052407,-0.00023398864019082144,-0.03293685570718271
1774257630.1167765,0.010101318359375,-0.11957823083799142,-0.11957823083799142,-0.0005435145674673458,-0.05380630014129906
1774257630.1273267,0.010550260543823242,-0.11945009166753834,-0.11945009166753834,0.00012813917045308154,0.012145592985199018
1774257630.1368175,0.009490728378295898,-0.11935475911100459,-0.11935475911100459,9.533255653375317e-05,0.0100448092847928
1774257630.14683,0.010012626647949219,-0.11953671443149985,-0.11953671443149985,-0.00018195532049526675,-0.018172586164743768
1774257630.1568549,0.010024785995483398,-0.11905920601461942,-0.11905920601461942,0.00047750841688043444,0.047632779103271905
1774257630.1671019,0.010246992111206055,-0.11880713209615117,-0.11880713209615117,0.00025207391846825133,0.024599796284861454
1774257630.1772335,0.010131597518920898,-0.1191206689617614,-0.1191206689617614,-0.0003135368656102394,-0.030946439100517465
1774257630.187097,0.009863615036010742,-0.11983336116451249,-0.11983336116451249,-0.0007126922027510807,-0.07225466526715982
1774257630.196964,0.009866952896118164,-0.11988323586646876,-0.11988323586646876,-4.987470195627619e-05,-0.005054721805340511
1774257630.20799,0.01102590560913086,-0.11943181827710668,-0.11943181827710668,0.00045141758936208254,0.04094154306819488
1774257630.2169702,0.008980274200439453,-0.11868827039731515,-0.11868827039731515,0.0007435478797915285,0.08279790384965557
1774257630.2272415,0.010271310806274414,-0.11884584681162975,-0.11884584681162975,-0.000157576414314603,-0.01534141233642201
1774257630.24021,0.01296854019165039,-0.11934636545061751,-0.11934636545061751,-0.000500518638987757,-0.03859483269443146
1774257630.2472968,0.007086753845214844,-0.11891367049003333,-0.11891367049003333,0.000432694960584179,0.0610568632740568
1774257630.257224,0.00992727279663086,-0.11969596092468403,-0.11969596092468403,-0.0007822904346506954,-0.0788021494600401
1774257630.2675657,0.010341644287109375,-0.11922501330665425,-0.11922501330665425,0.00047094761802977947,0.045538949605606234
1774257630.277252,0.00968623161315918,-0.11978740177521259,-0.11978740177521259,-0.0005623884685583419,-0.05806060509582612
1774257630.2875671,0.010315179824829102,-0.11894948470407458,-0.11894948470407458,0.0008379170711380057,0.0812314555216092
1774257630.2976081,0.010040998458862305,-0.11895161412398314,-0.11895161412398314,-2.129419908555863e-06,-0.00021207252618153842
1774257630.3074777,0.009869575500488281,-0.11871387426775182,-0.11871387426775182,0.00023773985623132265,0.024088154168288276
1774257630.3174572,0.009979486465454102,-0.11954872241474643,-0.11954872241474643,-0.0008348481469946101,-0.08365642359299713
1774257630.3279395,0.010482311248779297,-0.11929866292711301,-0.11929866292711301,0.0002500594876334167,0.02385537709181618
1774257630.3375905,0.009650945663452148,-0.11808775751530394,-0.11808775751530394,0.0012109054118090712,0.1254701304966139
1774257630.3480792,0.010488748550415039,-0.11851208799587934,-0.11851208799587934,-0.00042433048057539946,-0.04045577778281364
1774257630.3580587,0.009979486465454102,-0.11900828159377634,-0.11900828159377634,-0.0004961935978970017,-0.049721355864820356
1774257630.3682458,0.010187149047851562,-0.11852914974348776,-0.11852914974348776,0.0004791318502885833,0.04703296751995895
1774257630.378261,0.010015249252319336,-0.1200888840669584,-0.1200888840669584,-0.0015597343234706462,-0.1557359466724647
1774257630.387599,0.009337902069091797,-0.11955613774700949,-0.11955613774700949,0.0005327463199489152,0.05705203545797413
1774257630.3979385,0.010339498519897461,-0.11922849621500989,-0.11922849621500989,0.00032764153199960067,0.03168833878829647
1774257630.4097478,0.011809349060058594,-0.11954654391666805,-0.11954654391666805,-0.000318047701658164,-0.026931857127829358
1774257630.417538,0.007790088653564453,-0.11877075117980383,-0.11877075117980383,0.0007757927368642198,0.09958715123341325
1774257630.4276998,0.010161876678466797,-0.11953385055275578,-0.11953385055275578,-0.0007630993729519503,-0.07509433514076902
1774257630.43827,0.010570287704467773,-0.1191075808344207,-0.1191075808344207,0.0004262697183350789,0.04032716329517751
1774257630.4478178,0.009547710418701172,-0.11975893091131178,-0.11975893091131178,-0.0006513500768910718,-0.06822055218759751
1774257630.4586666,0.010848760604858398,-0.11896408303155717,-0.11896408303155717,0.0007948478797546038,0.07326623830178787
1774257630.4705997,0.011933088302612305,-0.1191872597723866,-0.1191872597723866,-0.00022317674082943106,-0.01870234554290316
1774257630.477723,0.007123231887817383,-0.11971727305852932,-0.11971727305852932,-0.0005300132861427165,-0.07440629400949025
1774257630.4878383,0.010115385055541992,-0.11940431749352626,-0.11940431749352626,0.0003129555650030619,0.030938571619831767
1774257630.497923,0.01008462905883789,-0.11943372919949481,-0.11943372919949481,-2.941170596855447e-05,-0.002916488628084824
1774257630.508185,0.010262012481689453,-0.11892973255726533,-0.11892973255726533,0.0005039966422294845,0.04911284634751396
1774257630.5186603,0.010475397109985352,-0.11888363771077833,-0.11888363771077833,4.609484648700202e-05,0.004400295855425234
1774257630.5279548,0.009294509887695312,-0.11957346571563697,-0.11957346571563697,-0.0006898280048586447,-0.0742188682559674
1774257630.5379581,0.010003328323364258,-0.11948856904517896,-0.11948856904517896,8.489667045800953e-05,0.008486842350232648
1774257630.5495813,0.011623144149780273,-0.1196427925039638,-0.1196427925039638,-0.00015422345878483845,-0.013268652336876845
1774257630.5581288,0.008547544479370117,-0.11931923874192689,-0.11931923874192689,0.00032355376203691,0.03785341659441744
1774257630.5686412,0.010512351989746094,-0.11920265178838214,-0.11920265178838214,0.00011658695354474502,0.011090472775118801
1774257630.5786004,0.009959220886230469,-0.12003261020947174,-0.12003261020947174,-0.0008299584210895994,-0.08333567761681966
1774257630.5885894,0.009989023208618164,-0.11947841602306594,-0.11947841602306594,0.0005541941864058014,0.05548031822847933
1774257630.598378,0.00978851318359375,-0.1194717485301373,-0.1194717485301373,6.667492928644214e-06,0.0006811548192854672
1774257630.6086404,0.010262489318847656,-0.12024635699627499,-0.12024635699627499,-0.000774608466137694,-0.07547958804839686
1774257630.6187706,0.010130167007446289,-0.11996369769529318,-0.11996369769529318,0.00028265930098181347,0.027902728629650594
1774257630.6285264,0.009755849838256836,-0.1186922122857615,-0.1186922122857615,0.0012714854095316752,0.1303305637757605
1774257630.638298,0.009771585464477539,-0.11945829198774091,-0.11945829198774091,-0.000766079701979408,-0.07839871070711331
1774257630.648658,0.010360002517700195,-0.11956326491242315,-0.11956326491242315,-0.00010497292468224229,-0.010132519225057592
1774257630.658582,0.009923934936523438,-0.12007800733555304,-0.12007800733555304,-0.0005147424231298908,-0.05186878253659893
1774257630.668808,0.010226011276245117,-0.11874982260229144,-0.11874982260229144,0.0013281847332616004,0.12988297170637345
1774257630.6791906,0.010382652282714844,-0.11851155904656249,-0.11851155904656249,0.00023826355572895141,0.02294823608083411
1774257630.6886895,0.009498834609985352,-0.11905244570351618,-0.11905244570351618,-0.0005408866569536902,-0.05694242285102007
1774257630.7005076,0.011818170547485352,-0.11918047826762328,-0.11918047826762328,-0.00012803256410709452,-0.010833534986879763
1774257630.708808,0.008300304412841797,-0.11984671631870789,-0.11984671631870789,-0.0006662380510846083,-0.08026670082772382
1774257630.7186568,0.009848833084106445,-0.11948739312461246,-0.11948739312461246,0.0003593231940954289,0.03648383428035619
1774257630.7288988,0.010241985321044922,-0.11920400058782572,-0.11920400058782572,0.0002833925367867335,0.027669687848939507
1774257630.7386985,0.009799718856811523,-0.11880608892168863,-0.11880608892168863,0.0003979116661370907,0.04060439610066088
1774257630.7489245,0.010226011276245117,-0.11943365571647516,-0.11943365571647516,-0.0006275667947865243,-0.06136965604999413
1774257630.759133,0.010208606719970703,-0.11944243380608109,-0.11944243380608109,-8.778089605934736e-06,-0.0008598714640228522
1774257630.7699955,0.010862350463867188,-0.11884050889783494,-0.11884050889783494,0.0006019249082461486,0.055413872922661415
1774257630.7786896,0.008694171905517578,-0.11975464170059719,-0.11975464170059719,-0.0009141328027622436,-0.1051431709306447
1774257630.789219,0.010529279708862305,-0.11882208535445012,-0.11882208535445012,0.0009325563461470704,0.0885679146088364
1774257630.7989783,0.00975942611694336,-0.11895965417358043,-0.11895965417358043,-0.00013756881913030983,-0.014095994731849686
1774257630.809062,0.010083675384521484,-0.11861170248041095,-0.11861170248041095,0.00034795169316947927,0.034506435391959134
1774257630.8189542,0.00989222526550293,-0.1195087940584931,-0.1195087940584931,-0.0008970915780821542,-0.0906865294718443
1774257630.8297074,0.010753154754638672,-0.11930406638844111,-0.11930406638844111,0.0002047276700519879,0.01903884717772456
1774257630.8391464,0.00943899154663086,-0.11910714157682714,-0.11910714157682714,0.00019692481161397157,0.02086290793260236
1774257630.8491037,0.009957313537597656,-0.11878881809057824,-0.11878881809057824,0.0003183234862488976,0.031968812174784415
1774257630.8612993,0.012195587158203125,-0.11979521758321128,-0.11979521758321128,-0.0010063994926330366,-0.08252161044629176
1774257630.8690097,0.007710456848144531,-0.11922779690156807,-0.11922779690156807,0.0005674206816432131,0.07359105858685391
1774257630.879544,0.010534286499023438,-0.11925026642949227,-0.11925026642949227,-2.2469527924201538e-05,-0.0021329900156298706
1774257630.8928032,0.013259172439575195,-0.11941287081293014,-0.11941287081293014,-0.00016260438343787542,-0.012263539385953188
1774257630.899126,0.0063228607177734375,-0.11894081199672855,-0.11894081199672855,0.00047205881620158985,0.07465905659990925
1774257630.9095829,0.01045680046081543,-0.11888003396456254,-0.11888003396456254,6.077803216601729e-05,0.005812297212112794
1774257630.919643,0.01006007194519043,-0.11904201599231487,-0.11904201599231487,-0.00016198202775233317,-0.016101478064456026
1774257630.9293425,0.009699583053588867,-0.11856463654730078,-0.11856463654730078,0.000477379445014095,0.049216491304485875
1774257630.939923,0.01058053970336914,-0.11905902157756305,-0.11905902157756305,-0.0004943850302622788,-0.04672588016515383
1774257630.9498312,0.009908199310302734,-0.118331774964009,-0.118331774964009,0.0007272466135540556,0.07339846432013643
1774257630.9592988,0.009467601776123047,-0.1192150494789047,-0.1192150494789047,-0.0008832745148956989,-0.09329443039347997
1774257630.9696379,0.010339021682739258,-0.12001562965405202,-0.12001562965405202,-0.0008005801751473224,-0.07743287515141507
1774257630.9804027,0.010764837265014648,-0.11893112156943621,-0.11893112156943621,0.0010845080846158123,0.10074542307670793
1774257630.989527,0.009124279022216797,-0.11937404641556125,-0.11937404641556125,-0.00044292484612504235,-0.048543544651205896
1774257631.0002816,0.010754585266113281,-0.11903002480009299,-0.11903002480009299,0.0003440216154682596,0.0319883665390836
1774257631.0094965,0.00921487808227539,-0.1193063481203367,-0.1193063481203367,-0.0002763233202437154,-0.02998664960909435
1774257631.0195906,0.010094165802001953,-0.11950565629230048,-0.11950565629230048,-0.00019930817196377182,-0.019744887876147574
1774257631.0297601,0.010169506072998047,-0.11959385009732436,-0.11959385009732436,-8.819380502388119e-05,-0.008672378421411473
1774257631.0395837,0.00982356071472168,-0.11918874924198794,-0.11918874924198794,0.00040510085533641826,0.041237680216027
1774257631.0497863,0.010202646255493164,-0.11916430163298597,-0.11916430163298597,2.4447609001970738e-05,0.0023962027487533445
1774257631.0608115,0.011025190353393555,-0.11971265108891864,-0.11971265108891864,-0.0005483494559326701,-0.04973605337924058
1774257631.0696588,0.008847236633300781,-0.11953829870312693,-0.11953829870312693,0.00017435238579170675,0.019706987957736843
1774257631.0795612,0.009902477264404297,-0.11940593660273953,-0.11940593660273953,0.0001323621003874037,0.013366564431629242
1774257631.0919588,0.012397527694702148,-0.11916484502631208,-0.11916484502631208,0.00024109157642744627,0.019446746348505618
1774257631.0997722,0.007813453674316406,-0.12001328622113606,-0.12001328622113606,-0.0008484411948239817,-0.10858721766187616
1774257631.1104414,0.010669231414794922,-0.11957187738813845,-0.11957187738813845,0.00044140883299761957,0.04137213036597202
1774257631.119909,0.009467601776123047,-0.1195256327573398,-0.1195256327573398,4.6244630798650266e-05,0.004884513722923747
1774257631.1298387,0.009929656982421875,-0.1192091754982029,-0.1192091754982029,0.0003164572591368986,0.03186990846683947
1774257631.1403253,0.010486602783203125,-0.11963460793864389,-0.11963460793864389,-0.0004254324404409926,-0.04056913847470482
1774257631.1500049,0.009679555892944336,-0.11991395694673522,-0.11991395694673522,-0.00027934900809133134,-0.028859692653353614
1774257631.160068,0.01006317138671875,-0.11935817649206895,-0.11935817649206895,0.0005557804546662687,0.0552291552342814
1774257631.1698997,0.009831666946411133,-0.11946442105319642,-0.11946442105319642,-0.00010624456112746927,-0.01080636291959136
1774257631.1799676,0.010067939758300781,-0.11909541413533996,-0.11909541413533996,0.00036900691785646256,0.0366516811497829
1774257631.189826,0.009858369827270508,-0.11917241146179516,-0.11917241146179516,-7.69973264552054e-05,-0.0078103507785042894
1774257631.2000074,0.010181427001953125,-0.11928908155486082,-0.11928908155486082,-0.00011667009306565168,-0.011459110107381864
1774257631.2104244,0.010416984558105469,-0.11933318969277833,-0.11933318969277833,-4.410813791751178e-05,-0.004234252020964281
1774257631.2208722,0.01044774055480957,-0.11948743237897759,-0.11948743237897759,-0.00015424268619926296,-0.014763257700561682
1774257631.2311134,0.010241270065307617,-0.1192030548764349,-0.1192030548764349,0.00028437750254269034,0.027767796448022727
1774257631.240499,0.00938558578491211,-0.11945489546199646,-0.11945489546199646,-0.00025184058556156075,-0.026832697642208924
1774257631.2500072,0.009508132934570312,-0.11913013423981055,-0.11913013423981055,0.0003247612221859153,0.034156150783833335
1774257631.2618964,0.011889219284057617,-0.11947527322569675,-0.11947527322569675,-0.00034513898588620084,-0.029029575251337272
1774257631.2704325,0.008536100387573242,-0.11995082146836568,-0.11995082146836568,-0.0004755482426689328,-0.05571024485152852
1774257631.2801592,0.009726762771606445,-0.1196319034808655,-0.1196319034808655,0.00031891798750018074,0.03278768023736937
1774257631.2904034,0.010244131088256836,-0.11947235271841541,-0.11947235271841541,0.0001595507624500836,0.015574845838607196
1774257631.300326,0.00992274284362793,-0.11941852650515028,-0.11941852650515028,5.382621326513459e-05,0.005424529700444679
1774257631.310498,0.010171890258789062,-0.11861053157051776,-0.11861053157051776,0.0008079949346325166,0.07943409868528274
1774257631.320584,0.0100860595703125,-0.11922756167033702,-0.11922756167033702,-0.0006170300998192546,-0.061176527415665156
1774257631.3306928,0.010108709335327148,-0.12047819933529563,-0.12047819933529563,-0.0012506376649586148,-0.12371882734702654
1774257631.3406045,0.009911775588989258,-0.11978650979847887,-0.11978650979847887,0.0006916895368167669,0.06978462442038613
1774257631.3506215,0.010016918182373047,-0.11881937141348071,-0.11881937141348071,0.0009671383849981507,0.09655049261558728
1774257631.3604515,0.009829998016357422,-0.11812812393225808,-0.11812812393225808,0.0006912474812226371,0.0703202055658994
1774257631.371918,0.011466503143310547,-0.11841401377084698,-0.11841401377084698,-0.00028588983858890415,-0.024932608923208612
1774257631.3805566,0.008638620376586914,-0.11972396134016654,-0.11972396134016654,-0.0013099475693195556,-0.15163851543585377
1774257631.390396,0.009839534759521484,-0.11960280477546648,-0.11960280477546648,0.00012115656470006175,0.01231324119088267
1774257631.4024568,0.01206064224243164,-0.11977483593755096,-0.11977483593755096,-0.00017203116208448777,-0.014263847532036836
1774257631.4108033,0.0083465576171875,-0.11880030648085528,-0.11880030648085528,0.000974529456695683,0.11675824949544476
1774257631.420518,0.009714603424072266,-0.11985003597125295,-0.11985003597125295,-0.0010497294903976662,-0.1080568546726769
1774257631.4334557,0.012937784194946289,-0.11943223531733968,-0.11943223531733968,0.0004178006539132667,0.03229306097689174
1774257631.4406419,0.007186174392700195,-0.1199076784325873,-0.1199076784325873,-0.00047544311524762295,-0.06616080953039269
1774257631.4506254,0.009983539581298828,-0.11974347093995363,-0.11974347093995363,0.00016420749263366952,0.016447823068810492
1774257631.4608057,0.010180234909057617,-0.11900466671132408,-0.11900466671132408,0.0007388042286295554,0.0725724146082545
1774257631.470619,0.009813308715820312,-0.11903398123531492,-0.11903398123531492,-2.9314523990839336e-05,-0.0029872212155702964
1774257631.4810822,0.010463237762451172,-0.11896573628150162,-0.11896573628150162,6.82449538133012e-05,0.00652235525586621
1774257631.49091,0.009827852249145508,-0.1190417519309632,-0.1190417519309632,-7.601564946158046e-05,-0.007734716348446296
1774257631.5007336,0.00982356071472168,-0.11963330028175795,-0.11963330028175795,-0.0005915483507947517,-0.060217304903328155
1774257631.5108192,0.010085582733154297,-0.1193319731324553,-0.1193319731324553,0.0003013271493026437,0.029877019233811065
1774257631.5210547,0.01023554801940918,-0.11876423178588956,-0.11876423178588956,0.0005677413465657449,0.05546760617889381
1774257631.531248,0.010193347930908203,-0.11946247082649834,-0.11946247082649834,-0.0006982390406087835,-0.06849948077329801
1774257631.5413637,0.010115623474121094,-0.11919982199469692,-0.11919982199469692,0.0002626488318014236,0.02596467063778727
1774257631.5509448,0.00958108901977539,-0.1190025179596337,-0.1190025179596337,0.00019730403506322547,0.020593069812417927
1774257631.560924,0.009979248046875,-0.11938805023062897,-0.11938805023062897,-0.00038553227099527576,-0.03863339894793026
1774257631.5714226,0.010498523712158203,-0.11857657490694173,-0.11857657490694173,0.0008114753236872357,0.07729423164015686
1774257631.5808985,0.009475946426391602,-0.11839641877665212,-0.11839641877665212,0.0001801561302896132,0.019011940568580847
1774257631.5931146,0.01221609115600586,-0.11916817762751751,-0.11916817762751751,-0.0007717588508653894,-0.06317559692455026
1774257631.601027,0.007912397384643555,-0.11887664501728652,-0.11887664501728652,0.00029153261023098787,0.036845041528980424
1774257631.6111312,0.010104179382324219,-0.1190138164285032,-0.1190138164285032,-0.0001371714112166772,-0.01357571021122591
1774257631.6212857,0.010154485702514648,-0.11924866611426059,-0.11924866611426059,-0.00023484968575739062,-0.023127679001924504
1774257631.631401,0.010115385055541992,-0.11951998063507882,-0.11951998063507882,-0.0002713145208182305,-0.02682196667042184
1774257631.6412952,0.009894132614135742,-0.11961383550086095,-0.11961383550086095,-9.385486578213087e-05,-0.009485911442913194
1774257631.6520855,0.010790348052978516,-0.11948198721634612,-0.11948198721634612,0.00013184828451483221,0.012219094682347846
1774257631.6619225,0.009836912155151367,-0.11892472199071331,-0.11892472199071331,0.0005572652256328053,0.05665042208809176
1774257631.6713622,0.009439706802368164,-0.1197658867644686,-0.1197658867644686,-0.0008411647737552874,-0.08910920554696278
1774257631.6812806,0.009918451309204102,-0.11846783928696757,-0.11846783928696757,0.0012980474775010353,0.13087199170867292
1774257631.691398,0.010117292404174805,-0.11916064498770408,-0.11916064498770408,-0.0006928057007365152,-0.06847738239241118
1774257631.701233,0.009835004806518555,-0.1201708847451379,-0.1201708847451379,-0.00101023975743382,-0.10271878634611771
1774257631.7113595,0.010126590728759766,-0.11968806895026743,-0.11968806895026743,0.00048281579487047255,0.04767801995781896
1774257631.7212899,0.00993037223815918,-0.1197324895298604,-0.1197324895298604,-4.4420579592974185e-05,-0.004473203876716765
1774257631.7328782,0.011588335037231445,-0.11935429865203652,-0.11935429865203652,0.0003781908778238835,0.03263548012797502
1774257631.7414165,0.008538246154785156,-0.11905887957317915,-0.11905887957317915,0.0002954190788573702,0.0345995036336363
1774257631.7518132,0.010396718978881836,-0.11975331944924163,-0.11975331944924163,-0.0006944398760624776,-0.06679413740748857
1774257631.7618825,0.01006937026977539,-0.1190101397817954,-0.1190101397817954,0.0007431796674462338,0.07380597272075598
1774257631.7740674,0.012184858322143555,-0.11904718880402536,-0.11904718880402536,-3.70490222299652e-05,-0.0030405788274645734
1774257631.7814264,0.007359027862548828,-0.11906728271341455,-0.11906728271341455,-2.009390938918776e-05,-0.002730511388800226
1774257631.791852,0.010425567626953125,-0.1198119900525116,-0.1198119900525116,-0.0007447073390970532,-0.07143086743514743
1774257631.8043387,0.012486696243286133,-0.11972879236815867,-0.11972879236815867,8.319768435292862e-05,0.006662906082756877
1774257631.8117387,0.007400035858154297,-0.11921451779419673,-0.11921451779419673,0.0005142745739619425,0.06949622729128396
1774257631.821662,0.009923219680786133,-0.12004618899204521,-0.12004618899204521,-0.0008316711978484798,-0.08381062040365848
1774257631.8317726,0.010110616683959961,-0.1189840093166413,-0.1189840093166413,0.0010621796754039098,0.10505587429587852
1774257631.841673,0.009900331497192383,-0.11924023986537888,-0.11924023986537888,-0.00025623054873757933,-0.02588100699559841
1774257631.8515766,0.009903669357299805,-0.11892545821693955,-0.11892545821693955,0.0003147816484393301,0.03178434548678774
1774257631.861795,0.010218381881713867,-0.11917975848561391,-0.11917975848561391,-0.0002543002686743595,-0.024886549711891102
1774257631.8723824,0.010587453842163086,-0.11894098370853,-0.11894098370853,0.00023877477708390826,0.022552615637672996
1774257631.881674,0.009291648864746094,-0.11952601540743311,-0.11952601540743311,-0.0005850316989031157,-0.06296317342800302
1774257631.8918982,0.010224103927612305,-0.11914930114505447,-0.11914930114505447,0.0003767142623786468,0.0368456996374276
1774257631.9019578,0.010059595108032227,-0.11866667639212646,-0.11866667639212646,0.00048262475292801255,0.04797655847427239
1774257631.9119473,0.009989500045776367,-0.11853968775776819,-0.11853968775776819,0.0001269886343582688,0.012712211199394358
1774257631.9220908,0.010143518447875977,-0.11959866887114093,-0.11959866887114093,-0.0010589811133727423,-0.1043997818719884
1774257631.932299,0.0102081298828125,-0.11859798658181012,-0.11859798658181012,0.001000682289330812,0.09802797386185964
1774257631.9467475,0.01444864273071289,-0.11878215088401256,-0.11878215088401256,-0.00018416430220244417,-0.012746131635670777
1774257631.9523473,0.0055997371673583984,-0.11940827512304372,-0.11940827512304372,-0.0006261242390311617,-0.11181314771002501
1774257631.962512,0.010164737701416016,-0.11940270044147537,-0.11940270044147537,5.574681568351614e-06,0.0005484333912103825
1774257631.9733953,0.010883331298828125,-0.11942743917840673,-0.11942743917840673,-2.473873693135953e-05,-0.0022730849821711576
1774257631.9821782,0.00878286361694336,-0.11950412870105684,-0.11950412870105684,-7.668952265010853e-05,-0.008731721906983028
1774257631.9925706,0.010392427444458008,-0.11972239758972575,-0.11972239758972575,-0.00021826888866890992,-0.021002685834030685
1774257632.0031111,0.010540485382080078,-0.11985853992820827,-0.11985853992820827,-0.00013614233848252555,-0.012916135599787623
1774257632.0121768,0.009065628051757812,-0.11961986014224403,-0.11961986014224403,0.00023867978596424366,0.02632799234664872
1774257632.0223994,0.010222673416137695,-0.11940336652929481,-0.11940336652929481,0.00021649361294921732,0.021177788249349395
1774257632.0328631,0.010463714599609375,-0.11929911033691425,-0.11929911033691425,0.00010425619238056683,0.009963592889322389
1774257632.0424862,0.009623050689697266,-0.11871069328080795,-0.11871069328080795,0.000588417056106294,0.061146623360954694
1774257632.052282,0.009795904159545898,-0.11885810825562969,-0.11885810825562969,-0.0001474149748217357,-0.015048633839285062
1774257632.0621727,0.009890556335449219,-0.11899789041037209,-0.11899789041037209,-0.0001397821547424044,-0.014132891012551484
1774257632.0723526,0.010179996490478516,-0.11880918381580552,-0.11880918381580552,0.00018870659456657335,0.018536999962924655
1774257632.082948,0.010595321655273438,-0.11989706940281099,-0.11989706940281099,-0.0010878855870054688,-0.10267603215840201
1774257632.0922103,0.009262323379516602,-0.11920273782312218,-0.11920273782312218,0.0006943315796888033,0.07496300347538075
1774257632.1026,0.01038980484008789,-0.1193545424513834,-0.1193545424513834,-0.00015180462826121233,-0.014610922014193306
1774257632.112253,0.009652853012084961,-0.11973732622328777,-0.11973732622328777,-0.0003827837719043714,-0.03965498815999191
1774257632.1223526,0.010099649429321289,-0.11968458122157226,-0.11968458122157226,5.2745001715509554e-05,0.005222458668949472
1774257632.1323242,0.00997161865234375,-0.11956084539692453,-0.11956084539692453,0.00012373582464772492,0.012408800312338639
1774257632.1434097,0.01108551025390625,-0.11893471130820513,-0.11893471130820513,0.0006261340887194072,0.05648220734799046
1774257632.152482,0.009072303771972656,-0.11938474213582023,-0.11938474213582023,-0.0004500308276151055,-0.04960491171001123
1774257632.162626,0.01014399528503418,-0.1191156802752126,-0.1191156802752126,0.0002690618606076278,0.026524249375843557
1774257632.1726952,0.010069131851196289,-0.11863088423773045,-0.11863088423773045,0.00048479603748215194,0.048146756308941815
1774257632.182689,0.009993791580200195,-0.11913677831700792,-0.11913677831700792,-0.0005058940792774663,-0.05062083546746652
1774257632.1930563,0.010367393493652344,-0.11842084868400272,-0.11842084868400272,0.000715929633005194,0.06905589466084576
1774257632.202556,0.009499549865722656,-0.11877464126770672,-0.11877464126770672,-0.00035379258370399347,-0.03724308927316521
1774257632.212595,0.010039091110229492,-0.11894731311877241,-0.11894731311877241,-0.00017267185106568939,-0.017199948597910686
1774257632.222533,0.00993800163269043,-0.11922001546919266,-0.11922001546919266,-0.00027270235042024804,-0.027440360798816017
1774257632.2326643,0.010131359100341797,-0.11864650242684283,-0.11864650242684283,0.0005735130423498297,0.05660771044335813
1774257632.2429383,0.010273933410644531,-0.11842510460780092,-0.11842510460780092,0.00022139781904190192,0.02154946992478245
1774257632.252801,0.009862661361694336,-0.11843845113554083,-0.11843845113554083,-1.3346527739904746e-05,-0.0013532379598615667
1774257632.2626562,0.009855270385742188,-0.1186044873645222,-0.1186044873645222,-0.00016603622898136994,-0.01684745547129562
1774257632.2726297,0.009973526000976562,-0.11903186716061386,-0.11903186716061386,-0.00042737979609165644,-0.04285142446611252
1774257632.2838922,0.01126241683959961,-0.11919086679302283,-0.11919086679302283,-0.0001589996324089793,-0.014117718663184545
1774257632.292773,0.008880853652954102,-0.11911565045143786,-0.11911565045143786,7.521634158497159e-05,0.008469494546839183
1774257632.3034275,0.010654449462890625,-0.11806050805629367,-0.11806050805629367,0.0010551423951441902,0.09903302829669838
1774257632.3147967,0.01136922836303711,-0.11943569912198912,-0.11943569912198912,-0.001375191065695447,-0.12095729118841328
1774257632.3229048,0.008108139038085938,-0.11930470830277065,-0.11930470830277065,0.00013099081921846834,0.01615547274204007
1774257632.3331203,0.010215520858764648,-0.11889645776843107,-0.11889645776843107,0.00040825053433958536,0.03996375123538778
1774257632.3456872,0.012566804885864258,-0.119106454777354,-0.119106454777354,-0.00020999700892293527,-0.016710453518630652
1774257632.3533978,0.007710695266723633,-0.11924939524577349,-0.11924939524577349,-0.00014294046841949182,-0.018537948067584437
1774257632.3629606,0.00956273078918457,-0.11962266631765767,-0.11962266631765767,-0.00037327107188417363,-0.03903394125727585
1774257632.3746178,0.011657238006591797,-0.12006155412296324,-0.12006155412296324,-0.00043888780530557114,-0.0376493818739391
1774257632.3831549,0.008537054061889648,-0.11925581688562426,-0.11925581688562426,0.0008057372373389826,0.0943811801468943
1774257632.3931074,0.009952545166015625,-0.11924775141691489,-0.11924775141691489,8.065468709364532e-06,0.0008103925754494656
1774257632.4059048,0.012797355651855469,-0.11929158285889592,-0.11929158285889592,-4.3831441981029284e-05,-0.0034250389825396647
1774257632.4132638,0.007359027862548828,-0.11918584220410848,-0.11918584220410848,0.00010574065478743955,0.014368834683391979
1774257632.423139,0.009875297546386719,-0.11828587588331531,-0.11828587588331531,0.0008999663207931718,0.09113308399729801
1774257632.4360893,0.01295018196105957,-0.11853430910843821,-0.11853430910843821,-0.0002484332251228988,-0.01918376327606228
1774257632.4434764,0.0073871612548828125,-0.11913182291699954,-0.11913182291699954,-0.0005975138085613368,-0.08088544272218079
1774257632.45327,0.009793519973754883,-0.11968606650946337,-0.11968606650946337,-0.0005542435924638239,-0.05659288937472032
1774257632.4631844,0.009914398193359375,-0.11934940798052422,-0.11934940798052422,0.00033665852893914605,0.03395652689889323
1774257632.4736226,0.010438203811645508,-0.11915733296103272,-0.11915733296103272,0.00019207501949150552,0.01840115626763435
1774257632.483187,0.009564399719238281,-0.11892895881148784,-0.11892895881148784,0.0002283741495448799,0.02387752041411626
1774257632.4935803,0.010393381118774414,-0.1192956112650564,-0.1192956112650564,-0.0003666524535685667,-0.03527749529998976
1774257632.5032291,0.009648799896240234,-0.11893759958404088,-0.11893759958404088,0.00035801168101552705,0.03710427046528661
1774257632.5151343,0.011905193328857422,-0.11914138673968552,-0.11914138673968552,-0.0002037871556446469,-0.017117500742359213
1774257632.5232835,0.008149147033691406,-0.11733491100395299,-0.11733491100395299,0.0018064757357325323,0.22167666484160045
1774257632.533286,0.010002613067626953,-0.11862260656150692,-0.11862260656150692,-0.001287695557553925,-0.1287359161898903
1774257632.5449646,0.011678457260131836,-0.11905544518400799,-0.11905544518400799,-0.0004328386225010694,-0.037062996666409276
1774257632.553976,0.009011507034301758,-0.1190989051006797,-0.1190989051006797,-4.345991667172033e-05,-0.004822713504666065
1774257632.5636165,0.00964045524597168,-0.11839286671948393,-0.11839286671948393,0.0007060383811957754,0.07323703737858206
1774257632.5738554,0.010238885879516602,-0.11900929548839842,-0.11900929548839842,-0.0006164287689144898,-0.06020467228252696
1774257632.5840425,0.010187149047851562,-0.11955747774616647,-0.11955747774616647,-0.0005481822577680512,-0.05381115513212807
1774257632.5937166,0.009674072265625,-0.11823835211030174,-0.11823835211030174,0.0013191256358647263,0.13635681020825033
1774257632.603784,0.010067462921142578,-0.11872314028567979,-0.11872314028567979,-0.0004847881753780453,-0.04815395687824651
1774257632.6137404,0.00995635986328125,-0.11891988905959427,-0.11891988905959427,-0.00019674877391448464,-0.019761115168214046
1774257632.6244004,0.010659933090209961,-0.11960087706425994,-0.11960087706425994,-0.0006809880046656641,-0.06388295300756444
1774257632.634448,0.010047674179077148,-0.11907122373798917,-0.11907122373798917,0.0005296533262707653,0.05271402285055113
1774257632.6437585,0.009310483932495117,-0.11877580667176092,-0.11877580667176092,0.00029541706622825126,0.03172950712016131
1774257632.6544368,0.010678291320800781,-0.11875417680724817,-0.11875417680724817,2.1629864512748287e-05,0.0020255922846583504
1774257632.6635754,0.00913858413696289,-0.1190511827414916,-0.1190511827414916,-0.0002970059342434217,-0.03250021335822908
1774257632.6736708,0.010095357894897461,-0.11847978570092667,-0.11847978570092667,0.0005713970405649277,0.056599978575671034
1774257632.684026,0.010355234146118164,-0.11879129522844112,-0.11879129522844112,-0.00031150952751445027,-0.03008232581889275
1774257632.6938262,0.009800195693969727,-0.11901952700384975,-0.11901952700384975,-0.00022823177540863548,-0.023288491631761134
1774257632.7038243,0.009998083114624023,-0.11949218584354313,-0.11949218584354313,-0.0004726588396933712,-0.0472749460346075
1774257632.7159524,0.012128114700317383,-0.11916558648361554,-0.11916558648361554,0.0003265993599275846,0.02692911206710782
1774257632.7240083,0.008055925369262695,-0.118963792240244,-0.118963792240244,0.0002017942433715364,0.025049169911811792
1774257632.7344844,0.010476112365722656,-0.11924347329307537,-0.11924347329307537,-0.0002796810528313681,-0.026697026823277622
1774257632.7454393,0.010954856872558594,-0.11882909984497465,-0.11882909984497465,0.00041437344810071886,0.03782554650610772
1774257632.753948,0.008508682250976562,-0.11925979411458679,-0.11925979411458679,-0.00043069426961213353,-0.050618210541673675
1774257632.764006,0.010057926177978516,-0.11913030809854841,-0.11913030809854841,0.00012948601603837706,0.01287402728426087
1774257632.7766173,0.01261138916015625,-0.11907373345380917,-0.11907373345380917,5.65746447392379e-05,0.004485996270575553
1774257632.783863,0.007245779037475586,-0.11852834406399985,-0.11852834406399985,0.0005453893898093171,0.075269945024342
1774257632.793939,0.010076045989990234,-0.11879303047695275,-0.11879303047695275,-0.0002646864129528942,-0.0262688770194022
1774257632.8040671,0.010128021240234375,-0.11917579497071945,-0.11917579497071945,-0.00038276449376670185,-0.03779262352315566
1774257632.8139582,0.009891033172607422,-0.11885333034280429,-0.11885333034280429,0.00032246462791515884,0.03260171331830165
1774257632.8240743,0.010116100311279297,-0.11897180166608577,-0.11897180166608577,-0.00011847132328147991,-0.01171116533407505
1774257632.8343515,0.010277271270751953,-0.1186255264573719,-0.1186255264573719,0.00034627520871387263,0.03369330239431705
1774257632.8447244,0.01037287712097168,-0.11945411425509943,-0.11945411425509943,-0.0008285877977275286,-0.0798802287990384
1774257632.854124,0.009399652481079102,-0.11932065853871272,-0.11932065853871272,0.0001334557163867045,0.014197941536172994
1774257632.8642702,0.010146141052246094,-0.11926657169519224,-0.11926657169519224,5.408684352048443e-05,0.0053307797754803534
1774257632.8746424,0.010372161865234375,-0.11875739974360934,-0.11875739974360934,0.0005091719515828985,0.049090243499723185
1774257632.8853915,0.010749101638793945,-0.11934385401129059,-0.11934385401129059,-0.0005864542676812523,-0.05455844473222906
1774257632.8942854,0.008893966674804688,-0.11922019489316048,-0.11922019489316048,0.000123659118130115,0.013903708283551731
1774257632.9042084,0.009922981262207031,-0.11932251777623197,-0.11932251777623197,-0.00010232288307149284,-0.010311707778911454
1774257632.914924,0.010715484619140625,-0.11922808383916109,-0.11922808383916109,9.44339370708841e-05,0.00881284798843355
1774257632.9243214,0.009397506713867188,-0.11887757693842314,-0.11887757693842314,0.000350506900737943,0.03729786116786983
1774257632.9341934,0.009871959686279297,-0.11865549386750336,-0.11865549386750336,0.00022208307091978186,0.022496351076924232
1774257632.9458444,0.011651039123535156,-0.11907200666343855,-0.11907200666343855,-0.00041651279593518664,-0.035748982688919885
1774257632.9543543,0.00850987434387207,-0.11948618498977952,-0.11948618498977952,-0.0004141783263409693,-0.04867032221682775
1774257632.9647973,0.010442972183227539,-0.11870715822658197,-0.11870715822658197,0.0007790267631975489,0.07459818426489195
1774257632.9773982,0.012600898742675781,-0.11853694753018379,-0.11853694753018379,0.0001702106963981792,0.013507821931916837
1774257632.984372,0.006973743438720703,-0.11929737524896081,-0.11929737524896081,-0.0007604277187770181,-0.10904153923341273
1774257632.9946012,0.010229349136352539,-0.11896026420588801,-0.11896026420588801,0.0003371110430727964,0.03295527785583037
1774257633.0048974,0.010296106338500977,-0.11903518004563185,-0.11903518004563185,-7.491583974383875e-05,-0.007276133062427738
1774257633.0144348,0.009537458419799805,-0.118530310175719,-0.118530310175719,0.0005048698699128551,0.052935472710920875
1774257633.0249338,0.010499000549316406,-0.11890187250797243,-0.11890187250797243,-0.00037156233225343893,-0.035390257435278585
1774257633.0350137,0.01007986068725586,-0.11890395896863312,-0.11890395896863312,-2.086460660688516e-06,-0.00020699300569961885
1774257633.0452328,0.010219097137451172,-0.11911125957881297,-0.11911125957881297,-0.0002073006101798447,-0.020285609128826543
1774257633.059879,0.014646291732788086,-0.11910115573325984,-0.11910115573325984,1.0103845553124935e-05,0.0006898569096849169
1774257633.0647979,0.004918813705444336,-0.1198606600795343,-0.1198606600795343,-0.0007595043462744616,-0.15440803245583634
1774257633.0751076,0.010309696197509766,-0.11959103261263958,-0.11959103261263958,0.0002696274668947257,0.026152804285334067
1774257633.0890834,0.013975858688354492,-0.11829908222687942,-0.11829908222687942,0.00129195038576016,0.0924415747589584
1774257633.0947075,0.005624055862426758,-0.11892057549573828,-0.11892057549573828,-0.0006214932688588665,-0.11050624034710327
1774257633.1051075,0.010400056838989258,-0.11914876639036143,-0.11914876639036143,-0.00022819089462314257,-0.021941312259724108
1774257633.1153605,0.010252952575683594,-0.1190532422412983,-0.1190532422412983,9.552414906312257e-05,0.009316745430937847
1774257633.124647,0.00928640365600586,-0.1197459377794799,-0.1197459377794799,-0.0006926955381815897,-0.07459244330108329
1774257633.1349187,0.010271787643432617,-0.11909910361231235,-0.11909910361231235,0.0006468341671675426,0.06297191780255536
1774257633.1475587,0.012639999389648438,-0.11958835746437849,-0.11958835746437849,-0.0004892538520661349,-0.038706793962886635
1774257633.1549401,0.007381439208984375,-0.11936759663923856,-0.11936759663923856,0.000220760825139929,0.029907558524796665
1774257633.1656804,0.010740280151367188,-0.11974396328627901,-0.11974396328627901,-0.000376366647040452,-0.035042535365573516
1774257633.1751142,0.009433746337890625,-0.11877880945274205,-0.11877880945274205,0.000965153833536958,0.10230864801403652
1774257633.1849766,0.009862422943115234,-0.11941456818415026,-0.11941456818415026,-0.0006357587314082119,-0.06446273244162812
1774257633.194809,0.009832382202148438,-0.1192876335105549,-0.1192876335105549,0.00012693467359536914,0.01290985958292316
1774257633.2055993,0.010790348052978516,-0.11913921085515729,-0.11913921085515729,0.00014842265539760646,0.01375513140715017
1774257633.2154014,0.009802103042602539,-0.11868398244879473,-0.11868398244879473,0.0004552284063625567,0.046441911943183346
1774257633.2249951,0.009593725204467773,-0.11825239699887458,-0.11825239699887458,0.0004315854499201549,0.04498622179830278
1774257633.2349684,0.009973287582397461,-0.1191471369040876,-0.1191471369040876,-0.0008947399052130212,-0.08971363733581783
1774257633.2450597,0.010091304779052734,-0.11897724625500745,-0.11897724625500745,0.00016989064908014273,0.01683535011575483
1774257633.2549183,0.00985860824584961,-0.11883854281446919,-0.11883854281446919,0.00013870344053826256,0.01406927195800234
1774257633.2650738,0.010155439376831055,-0.11939546852520971,-0.11939546852520971,-0.0005569257107405218,-0.05484013936522628
1774257633.2755494,0.010475635528564453,-0.11919312240331373,-0.11919312240331373,0.00020234612189598544,0.019315880296163216
1774257633.2851307,0.009581327438354492,-0.1193134842608552,-0.1193134842608552,-0.00012036185754146778,-0.012562127566964652
1774257633.2952769,0.010146141052246094,-0.11900460213240684,-0.11900460213240684,0.0003088821284483595,0.03044331109313535
1774257633.3052156,0.009938716888427734,-0.11906392181443073,-0.11906392181443073,-5.931968202389781e-05,-0.005968545305175903
1774257633.3152754,0.010059833526611328,-0.1190008504875435,-0.1190008504875435,6.307132688723738e-05,0.00626961934513076
1774257633.3252273,0.00995182991027832,-0.11945218754457179,-0.11945218754457179,-0.00045133705702829485,-0.04535216750058708
1774257633.3351948,0.009967565536499023,-0.11876747656472185,-0.11876747656472185,0.0006847109798499423,0.06869390297386879
1774257633.3453128,0.01011800765991211,-0.11846811076445073,-0.11846811076445073,0.00029936580027112303,0.029587425739676054
1774257633.3554351,0.010122299194335938,-0.11869714347867717,-0.11869714347867717,-0.0002290327142264459,-0.022626550532571107
1774257633.367564,0.012128829956054688,-0.11935370222270959,-0.11935370222270959,-0.0006565587440324205,-0.0541320759225145
1774257633.3756657,0.008101701736450195,-0.11876321405640489,-0.11876321405640489,0.0005904881663047062,0.07288446125436257
1774257633.3857732,0.01010751724243164,-0.11881879738486455,-0.11881879738486455,-5.5583328459660186e-05,-0.00549920688992939
1774257633.397221,0.011447906494140625,-0.11943685422635462,-0.11943685422635462,-0.0006180568414900778,-0.053988634673633774
1774257633.4052105,0.00798940658569336,-0.11869523492361247,-0.11869523492361247,0.0007416193027421497,0.0928253299901107
1774257633.415572,0.010361433029174805,-0.11887533273024731,-0.11887533273024731,-0.00018009780663483244,-0.01738155389584906
1774257633.4282138,0.01264190673828125,-0.1199787583880159,-0.1199787583880159,-0.0011034256577685947,-0.08728316705796334
1774257633.435598,0.007384061813354492,-0.1190479619294096,-0.1190479619294096,0.0009307964586063033,0.12605480318744156
1774257633.4457545,0.010156631469726562,-0.11905262268790069,-0.11905262268790069,-4.660758491092931e-06,-0.00045888821554518886
1774257633.4561198,0.01036524772644043,-0.11845052046460844,-0.11845052046460844,0.0006021022232922529,0.05808855120330281
1774257633.4655766,0.009456872940063477,-0.11864225167951958,-0.11864225167951958,-0.00019173121491114498,-0.020274272069246816
1774257633.475833,0.010256290435791016,-0.11905475860719272,-0.11905475860719272,-0.0004125069276731397,-0.04021989531747549
1774257633.4860115,0.010178565979003906,-0.11927161229429044,-0.11927161229429044,-0.00021685368709771502,-0.02130493505126709
1774257633.4959383,0.009926795959472656,-0.11898331040917665,-0.11898331040917665,0.0002883018851137925,0.0290427934945797
1774257633.505994,0.010055780410766602,-0.1191949265155866,-0.1191949265155866,-0.0002116161064099481,-0.021044225089021765
1774257633.5164464,0.0104522705078125,-0.11881422718028999,-0.11881422718028999,0.00038069933529660815,0.03642264472700513
1774257633.5257435,0.00929713249206543,-0.11962506682448378,-0.11962506682448378,-0.0008108396441937893,-0.08721394955765065
1774257633.5361028,0.01035928726196289,-0.11947696642885293,-0.11947696642885293,0.00014810039563084576,0.0142963885338559
1774257633.5465858,0.010483026504516602,-0.11914342070153644,-0.11914342070153644,0.00033354572731648935,0.03181769379031728
1774257633.5558393,0.009253501892089844,-0.11922540564675098,-0.11922540564675098,-8.198494521453881e-05,-0.008859883119991781
1774257633.566293,0.01045370101928711,-0.1193068911113492,-0.1193068911113492,-8.148546459822714e-05,-0.007794891440637743
1774257633.5762835,0.009990453720092773,-0.11910982629882012,-0.11910982629882012,0.00019706481252908248,0.019725311587475376
1774257633.5867,0.010416507720947266,-0.11924639727863215,-0.11924639727863215,-0.0001365709798120257,-0.013111014120153322
1774257633.5959349,0.009234905242919922,-0.11943043356761159,-0.11943043356761159,-0.00018403628897943614,-0.01992833539039616
1774257633.6064613,0.010526418685913086,-0.11859691006510092,-0.11859691006510092,0.0008335235025106608,0.079183958702509
1774257633.6161258,0.009664535522460938,-0.11924888596611355,-0.11924888596611355,-0.0006519759010126247,-0.0674606554549254
1774257633.6257908,0.00966501235961914,-0.11835555020176866,-0.11835555020176866,0.000893335764344888,0.09242986259151466
1774257633.6361058,0.01031494140625,-0.1190915390308288,-0.1190915390308288,-0.000735988829060133,-0.07135172174746283
1774257633.646048,0.009942293167114258,-0.11879001164782911,-0.11879001164782911,0.0003015273829996834,0.030327750140886407
1774257633.6559317,0.009883642196655273,-0.11877739251048415,-0.11877739251048415,1.261913734496023e-05,0.0012767699491621294
1774257633.6659994,0.01006770133972168,-0.11944953027043681,-0.11944953027043681,-0.0006721377599526596,-0.0667617897345414
1774257633.676261,0.01026153564453125,-0.11866913214826798,-0.11866913214826798,0.0007803981221688322,0.076050812393244
1774257633.6884234,0.012162446975708008,-0.12011172187424798,-0.12011172187424798,-0.0014425897259800063,-0.11861015541208798
1774257633.6960347,0.007611274719238281,-0.11960906611374103,-0.11960906611374103,0.0005026557605069537,0.06604094308098478
1774257633.7058318,0.009797096252441406,-0.11852242327196535,-0.11852242327196535,0.0010866428417756757,0.11091478676703699
1774257633.716605,0.010773181915283203,-0.11858202919915449,-0.11858202919915449,-5.9605927189135266e-05,-0.005532806153080574
1774257633.726128,0.009523153305053711,-0.1187785249696235,-0.1187785249696235,-0.0001964957704690129,-0.020633477607121715
1774257633.7360845,0.00995635986328125,-0.119579529441992,-0.119579529441992,-0.0008010044723684995,-0.08045153885232488
1774257633.7462852,0.010200738906860352,-0.11832457579718161,-0.11832457579718161,0.0012549536448103887,0.12302575884638992
1774257633.7562156,0.00993037223815918,-0.11843156320571589,-0.11843156320571589,-0.00010698740853427868,-0.010773756105854822
1774257633.76678,0.010564327239990234,-0.11956596638926532,-0.11956596638926532,-0.0011344031835494317,-0.10738054187258216
1774257633.7762265,0.00944662094116211,-0.11960392727832474,-0.11960392727832474,-3.796088905941297e-05,-0.004018462188315887
1774257633.7864532,0.010226726531982422,-0.11916794986947159,-0.11916794986947159,0.00043597740885314984,0.04263117894955942
1774257633.7965858,0.010132551193237305,-0.11963751428323315,-0.11963751428323315,-0.00046956441376155844,-0.04634217037807383
1774257633.8062947,0.009708881378173828,-0.11896379052589752,-0.11896379052589752,0.0006737237573356258,0.06939252124865784
1774257633.8162427,0.009948015213012695,-0.11864705513365292,-0.11864705513365292,0.00031673539224459646,0.03183905386777903
1774257633.827953,0.011710405349731445,-0.11902375455769229,-0.11902375455769229,-0.0003766994240393673,-0.03216792355082791
1774257633.8363378,0.00838470458984375,-0.11985600870172855,-0.11985600870172855,-0.0008322541440362596,-0.09925861252695234
1774257633.8465984,0.010260581970214844,-0.11961188255534375,-0.11961188255534375,0.00024412614638480434,0.02379262181165467
1774257633.8582284,0.011630058288574219,-0.11912572629529862,-0.11912572629529862,0.0004861562600451258,0.04180170451275751
1774257633.8663082,0.008079767227172852,-0.11910623466618148,-0.11910623466618148,1.949162911714375e-05,0.0024123998339447166
1774257633.876349,0.010040760040283203,-0.1192013802774224,-0.1192013802774224,-9.51456112409238e-05,-0.009475937166031526
1774257633.88879,0.012440919876098633,-0.11847454093530488,-0.11847454093530488,0.0007268393421175218,0.05842327973785267
1774257633.8964605,0.00767064094543457,-0.11924845473557577,-0.11924845473557577,-0.0007739138002708923,-0.10089297697234963
1774257633.9062793,0.009818792343139648,-0.11968372291841575,-0.11968372291841575,-0.0004352681828399818,-0.044330113890645825
1774257633.9171104,0.010831117630004883,-0.11968385509615818,-0.11968385509615818,-1.321777424317938e-07,-1.2203518320734387e-05
1774257633.926675,0.009564638137817383,-0.1187907555421271,-0.1187907555421271,0.0008930995540310793,0.09337515347286118
1774257633.9375193,0.010844230651855469,-0.11999943029276804,-0.11999943029276804,-0.0012086747506409312,-0.11145786081506157
1774257633.9467053,0.009186029434204102,-0.1190480474162712,-0.1190480474162712,0.0009513828764968341,0.10356845504482798
1774257633.9566467,0.009941339492797852,-0.11887543754793993,-0.11887543754793993,0.00017260986833127212,0.01736283812219891
1774257633.9672666,0.010619878768920898,-0.11949525606187508,-0.11949525606187508,-0.0006198185139351525,-0.0583639914750301
1774257633.976874,0.009607553482055664,-0.11982893522039356,-0.11982893522039356,-0.0003336791585184795,-0.03473091866120785
1774257633.9866612,0.00978708267211914,-0.11983521744768409,-0.11983521744768409,-6.2822272905299625e-06,-0.0006418896724379777
1774257633.9980767,0.011415481567382812,-0.11981390133719241,-0.11981390133719241,2.1316110491678697e-05,0.001867298402249163
1774257634.006773,0.008696317672729492,-0.11971503025603665,-0.11971503025603665,9.887108115576304e-05,0.011369304213185511
1774257634.0165832,0.009810209274291992,-0.11909301082124008,-0.11909301082124008,0.0006220194347965752,0.06340531760383539
1774257634.029494,0.012910842895507812,-0.11933865822116724,-0.11933865822116724,-0.00024564739992716245,-0.019026441721526392
1774257634.0367165,0.007222414016723633,-0.11965472187772709,-0.11965472187772709,-0.00031606365655985347,-0.04376149800163799
1774257634.0471761,0.010459661483764648,-0.11990142197558043,-0.11990142197558043,-0.000246700097853339,-0.023585858704534914
1774257634.0568013,0.00962519645690918,-0.11872469872606835,-0.11872469872606835,0.0011767232495120822,0.12225446563923421
1774257634.0668795,0.010078191757202148,-0.11866321477759872,-0.11866321477759872,6.148394846962335e-05,0.00610069246059793
1774257634.0769176,0.010038137435913086,-0.11904548689592122,-0.11904548689592122,-0.00038227211832249364,-0.03808197693676242
1774257634.086922,0.010004281997680664,-0.11899624581138378,-0.11899624581138378,4.924108453743803e-05,0.004922000854119646
1774257634.0973003,0.010378360748291016,-0.11909062222959449,-0.11909062222959449,-9.43764182107093e-05,-0.009093576577230665
1774257634.106837,0.0095367431640625,-0.1187632533194359,-0.1187632533194359,0.0003273689101585958,0.034327118233845974
1774257634.1172912,0.010454177856445312,-0.11887102836482684,-0.11887102836482684,-0.0001077750453909454,-0.010309279875557012
1774257634.1268628,0.009571552276611328,-0.1189508990654708,-0.1189508990654708,-7.98707006439553e-05,-0.008344592218247005
1774257634.136918,0.010055303573608398,-0.1190271432030099,-0.1190271432030099,-7.624413753910819e-05,-0.007582479930215332
1774257634.1468282,0.009910106658935547,-0.11940002427795311,-0.11940002427795311,-0.0003728810749432099,-0.03762634326513509
1774257634.157304,0.010475873947143555,-0.11897069349338761,-0.11897069349338761,0.00042933078456550144,0.04098281315064569
1774257634.1679907,0.010686635971069336,-0.1184600406630145,-0.1184600406630145,0.0005106528303731178,0.047784244897603675
1774257634.1771002,0.0091094970703125,-0.11938220464373624,-0.11938220464373624,-0.0009221639807217435,-0.10123105299929679
1774257634.186985,0.009884834289550781,-0.1198009914589483,-0.1198009914589483,-0.00041878681521206884,-0.042366599473980734
1774257634.1979637,0.01097869873046875,-0.11985639541774783,-0.11985639541774783,-5.5403958799521424e-05,-0.0050464959609248594
1774257634.2071104,0.009146690368652344,-0.11905343221924213,-0.11905343221924213,0.0008029631985057017,0.08778729421711133
1774257634.2170749,0.009964466094970703,-0.11929990952326688,-0.11929990952326688,-0.00024647730402475865,-0.024735625740064635
1774257634.2271473,0.010072469711303711,-0.11933711840800243,-0.11933711840800243,-3.720888473554562e-05,-0.0036941173120419897
1774257634.237303,0.010155677795410156,-0.11880312754172112,-0.11880312754172112,0.0005339908662813087,0.05258052461280773
1774257634.2473752,0.01007223129272461,-0.11963369159338787,-0.11963369159338787,-0.0008305640516667462,-0.0824607802907267
1774257634.2577043,0.010329008102416992,-0.11934709633581285,-0.11934709633581285,0.00028659525757501747,0.0277466388576028
1774257634.2671402,0.009435892105102539,-0.1185869671752445,-0.1185869671752445,0.0007601291605683486,0.08055721198394185
1774257634.2771327,0.009992599487304688,-0.11903640862367809,-0.11903640862367809,-0.0004494414484335907,-0.04497743044786226
1774257634.2872512,0.010118484497070312,-0.11907418953840598,-0.11907418953840598,-3.77809147278918e-05,-0.003733851125514974
1774257634.29865,0.011398792266845703,-0.11898792211291248,-0.11898792211291248,8.626742549350253e-05,0.0075681198037460705
1774257634.3071873,0.00853729248046875,-0.11965750732671133,-0.11965750732671133,-0.0006695852137988539,-0.078430628367331
1774257634.3172956,0.010108232498168945,-0.1187611635533643,-0.1187611635533643,0.0008963437733470331,0.08867462966541392
1774257634.327232,0.009936332702636719,-0.11872013446174338,-0.11872013446174338,4.102909162091717e-05,0.0041291986539490205
1774257634.3382277,0.010995864868164062,-0.11884186804672862,-0.11884186804672862,-0.00012173358498523967,-0.011070851310449496
1774257634.3475685,0.009340763092041016,-0.11746831713457291,-0.11746831713457291,0.0013735509121557132,0.14704911136500987
1774257634.3572206,0.009652137756347656,-0.11907390439735971,-0.11907390439735971,-0.0016055872627867979,-0.16634524944807128
1774257634.3701746,0.012953996658325195,-0.11921468787817135,-0.11921468787817135,-0.00014078348081164593,-0.010867957166035554
1774257634.3772626,0.0070879459381103516,-0.12035919976452061,-0.12035919976452061,-0.0011445118863492587,-0.16147299885506547
1774257634.3876,0.010337352752685547,-0.11908678587921737,-0.11908678587921737,0.0012724138853032474,0.12308894895481691
1774257634.3978336,0.010233640670776367,-0.11880623295082404,-0.11880623295082404,0.0002805529283933239,0.027414772261301214
1774257634.4074426,0.009608983993530273,-0.11935321690248928,-0.11935321690248928,-0.0005469839516652336,-0.056924223417742996
1774257634.4175315,0.010088920593261719,-0.11868239938647313,-0.11868239938647313,0.0006708175160161506,0.06649051400644211
1774257634.4282415,0.010710000991821289,-0.11979731748986296,-0.11979731748986296,-0.0011149181033898309,-0.10410065360789789
1774257634.437671,0.009429454803466797,-0.11962973993386629,-0.11962973993386629,0.00016757755599666746,0.01777171209676476
1774257634.4478853,0.01021432876586914,-0.11898917972977507,-0.11898917972977507,0.0006405602040912145,0.06271192349238125
1774257634.458422,0.010536670684814453,-0.11910843396328577,-0.11910843396328577,-0.00011925423351069608,-0.011318018478319378
1774257634.467569,0.009147167205810547,-0.1192481807067652,-0.1192481807067652,-0.00013974674347942695,-0.015277598007682176
1774257634.4781196,0.010550498962402344,-0.11942602618836312,-0.11942602618836312,-0.00017784548159792413,-0.016856594387781334
1774257634.4882064,0.010086774826049805,-0.11902221520606714,-0.11902221520606714,0.0004038109822959851,0.04003370643836669
1774257634.4977329,0.009526491165161133,-0.11868439919626225,-0.11868439919626225,0.0003378160098048838,0.035460696278215666
1774257634.508153,0.010420083999633789,-0.11900961699408552,-0.11900961699408552,-0.00032521779782326843,-0.031210669495053793
1774257634.5178292,0.009676218032836914,-0.11793516195527351,-0.11793516195527351,0.001074455038812011,0.11104080490598431
1774257634.5276258,0.009796619415283203,-0.11849377516998413,-0.11849377516998413,-0.0005586132147106238,-0.05702101827485101
1774257634.5376663,0.010040521621704102,-0.11924994137492143,-0.11924994137492143,-0.0007561662049372919,-0.07531144630003332
1774257634.5480335,0.010367155075073242,-0.1193594369902291,-0.1193594369902291,-0.00010949561530768093,-0.010561780403087813
1774257634.5580258,0.009992361068725586,-0.11948612791601806,-0.11948612791601806,-0.00012669092578895813,-0.012678777810129327
1774257634.567567,0.00954127311706543,-0.11881966608832417,-0.11881966608832417,0.0006664618276938927,0.0698504087994154
1774257634.5779643,0.010397195816040039,-0.11855123684601804,-0.11855123684601804,0.0002684292423061341,0.025817465310408114
1774257634.5903392,0.0123748779296875,-0.11881622187146419,-0.11881622187146419,-0.00026498502544615443,-0.02141314257415435
1774257634.5978272,0.0074880123138427734,-0.11937139699385767,-0.11937139699385767,-0.0005551751223934753,-0.07414185489080279
1774257634.6076996,0.0098724365234375,-0.11877046846811916,-0.11877046846811916,0.0006009285257385089,0.06086932281730899
1774257634.6196783,0.011978626251220703,-0.11917667552726983,-0.11917667552726983,-0.0004062070591506761,-0.033910988675289945
1774257634.6278834,0.008205175399780273,-0.11839762631400884,-0.11839762631400884,0.0007790492132609961,0.09494607675076126
1774257634.637991,0.01010751724243164,-0.1194088430984437,-0.1194088430984437,-0.0010112167844348596,-0.10004601131816458
1774257634.6485324,0.010541439056396484,-0.11959926671984444,-0.11959926671984444,-0.00019042362140074542,-0.01806429087926069
1774257634.658328,0.009795665740966797,-0.11881678695381759,-0.11881678695381759,0.0007824797660268556,0.07988020280790305
1774257634.6681619,0.009833812713623047,-0.11923314231588306,-0.11923314231588306,-0.0004163553620654681,-0.04233915920410806
1774257634.6789422,0.01078033447265625,-0.11954097013158954,-0.11954097013158954,-0.0003078278157064851,-0.02855457003558416
1774257634.6882327,0.009290456771850586,-0.11890209051731004,-0.11890209051731004,0.0006388796142794972,0.06876729852672653
1774257634.6990519,0.010819196701049805,-0.11910494978877088,-0.11910494978877088,-0.0002028592714608396,-0.018749938379543078
1774257634.7110484,0.01199650764465332,-0.11993646976333425,-0.11993646976333425,-0.0008315199745633634,-0.06931350349565779
1774257634.718437,0.007388591766357422,-0.12021297955000242,-0.12021297955000242,-0.0002765097866681693,-0.03742388203489671
1774257634.728189,0.009752035140991211,-0.11900436124938864,-0.11900436124938864,0.0012086183006137785,0.12393498209758633
1774257634.7405694,0.012380361557006836,-0.11840879004942784,-0.11840879004942784,0.000595571199960801,0.048106123332377904
1774257634.7481585,0.007589101791381836,-0.11884869161965037,-0.11884869161965037,-0.0004399015702225284,-0.05796490577080933
1774257634.7582235,0.010065078735351562,-0.1194101945596884,-0.1194101945596884,-0.0005615029400380389,-0.05578723771587329
1774257634.770701,0.012477397918701172,-0.11932984207961846,-0.11932984207961846,8.035248006994788e-05,0.006439842713480771
1774257634.7783625,0.007661581039428711,-0.11953751291248696,-0.11953751291248696,-0.0002076708328685034,-0.027105480161309953
1774257634.7881956,0.009833097457885742,-0.1184833836505711,-0.1184833836505711,0.0010541292619158649,0.10720215745146472
1774257634.798175,0.009979486465454102,-0.11886940361276588,-0.11886940361276588,-0.0003860199621947835,-0.03868134533085098
1774257634.8088603,0.010685205459594727,-0.11896388189476705,-0.11896388189476705,-9.447828200116748e-05,-0.008841971486503442
1774257634.8184235,0.009563207626342773,-0.1202939606394793,-0.1202939606394793,-0.0013300787447122486,-0.1390829099065484
1774257634.8282588,0.009835243225097656,-0.11924303294545338,-0.11924303294545338,0.0010509276940259132,0.10685324907310347
1774257634.8384085,0.010149717330932617,-0.11926722676747878,-0.11926722676747878,-2.4193822025397882e-05,-0.0023836941696557382
1774257634.8484662,0.010057687759399414,-0.11935836593687907,-0.11935836593687907,-9.113916940028943e-05,-0.009061642355631424
1774257634.8582428,0.009776592254638672,-0.11808941836962164,-0.11808941836962164,0.001268947567257428,0.12979446561815586
1774257634.8683174,0.010074615478515625,-0.1191507107148382,-0.1191507107148382,-0.0010612923452165551,-0.1053432111111127
1774257634.8802922,0.011974811553955078,-0.11851113498349573,-0.11851113498349573,0.0006395757313424622,0.05341008737053746
1774257634.888328,0.008035898208618164,-0.11809990112559574,-0.11809990112559574,0.000411233857899998,0.05117459768952361
1774257634.898817,0.01048898696899414,-0.11896084510898851,-0.11896084510898851,-0.0008609439833927729,-0.08208075631495751
1774257634.9087229,0.009905815124511719,-0.1194942847803855,-0.1194942847803855,-0.0005334396713969902,-0.05385116365406473
1774257634.9189758,0.010252952575683594,-0.11939062358419979,-0.11939062358419979,0.00010366119618571146,0.01011037507688853
1774257634.9284189,0.009443044662475586,-0.1183704854606332,-0.1183704854606332,0.0010201381235665913,0.10803063630741656
1774257634.9385083,0.010089397430419922,-0.11969373938884625,-0.11969373938884625,-0.0013232539282130584,-0.13115291942246193
1774257634.9484713,0.009963035583496094,-0.11991316792643004,-0.11991316792643004,-0.00021942853758379066,-0.022024265169470744
1774257634.9585469,0.010075569152832031,-0.12044661297350792,-0.12044661297350792,-0.0005334450470778768,-0.05294440829954867
1774257634.9685843,0.010037422180175781,-0.12022393424409375,-0.12022393424409375,0.00022267872941417188,0.022184852387096884
1774257634.978502,0.009917736053466797,-0.11932908293302572,-0.11932908293302572,0.0008948513110680345,0.09022737711952261
1774257634.9887846,0.010282516479492188,-0.11946525906910023,-0.11946525906910023,-0.0001361761360745145,-0.013243463926958831
1774257634.9985154,0.009730815887451172,-0.11924007833458206,-0.11924007833458206,0.00022518073451817389,0.02314099219661182
1774257635.0087192,0.010203838348388672,-0.11933875760652589,-0.11933875760652589,-9.867927194383286e-05,-0.009670799220316509
1774257635.019436,0.010716676712036133,-0.1193307017012237,-0.1193307017012237,8.05590530218725e-06,0.0007517167419205141
1774257635.0288885,0.009452581405639648,-0.11980151408984308,-0.11980151408984308,-0.0004708123886193738,-0.049807811053441474
1774257635.0385222,0.009633779525756836,-0.11899359721120667,-0.11899359721120667,0.0008079168786364055,0.08386291968550474
1774257635.0504508,0.011928558349609375,-0.11871369562234228,-0.11871369562234228,0.0002799015888643869,0.023464829584670877
1774257635.0585234,0.008072614669799805,-0.11882533567748221,-0.11882533567748221,-0.00011164005513993047,-0.013829479011005374
1774257635.0686965,0.01017308235168457,-0.11885923229599615,-0.11885923229599615,-3.389661851393999e-05,-0.003331990968138287
1774257635.0806737,0.011977195739746094,-0.11923946378418554,-0.11923946378418554,-0.00038023148818938646,-0.03174628656419095
1774257635.088759,0.008085250854492188,-0.1190270894490967,-0.1190270894490967,0.00021237433508883297,0.026266882612657243
1774257635.098779,0.010020017623901367,-0.11854454496201317,-0.11854454496201317,0.0004825444870835416,0.04815804773960661
1774257635.1113613,0.01258230209350586,-0.11987701350283703,-0.11987701350283703,-0.0013324685408238612,-0.10590021849114496
1774257635.119428,0.008066654205322266,-0.11942970492074657,-0.11942970492074657,0.00044730858209045266,0.0554515627799348
1774257635.1295183,0.010090351104736328,-0.1193120610605951,-0.1193120610605951,0.00011764386015147843,0.011659045253267487
1774257635.1387992,0.009280920028686523,-0.11967421067648927,-0.11967421067648927,-0.00036214961589417505,-0.03902087452265528
1774257635.1488905,0.010091304779052734,-0.11924564438823583,-0.11924564438823583,0.00042856628825344023,0.04246886776653965
1774257635.1590667,0.01017618179321289,-0.11919942824026744,-0.11919942824026744,4.621614796838924e-05,0.004541600072358532
1774257635.169241,0.010174274444580078,-0.11898060961124456,-0.11898060961124456,0.00021881862902288496,0.021507049983249812
1774257635.1791747,0.009933710098266602,-0.11919612968120807,-0.11919612968120807,-0.0002155200699635179,-0.021695828429815506
1774257635.1899583,0.010783672332763672,-0.11870158939975134,-0.11870158939975134,0.0004945402814567346,0.045860099064229665
1774257635.1991403,0.009181976318359375,-0.11915685383526627,-0.11915685383526627,-0.00045526443551492657,-0.049582401405743624
1774257635.20904,0.009899616241455078,-0.11923353562366974,-0.11923353562366974,-7.66817884034765e-05,-0.007745935451757023
1774257635.219583,0.010543107986450195,-0.11906438722721684,-0.11906438722721684,0.00016914839645290614,0.016043504123290066
1774257635.2289371,0.009354114532470703,-0.11876464620880894,-0.11876464620880894,0.00029974101840789247,0.03204376185125903
1774257635.2398865,0.010949373245239258,-0.11878805979749153,-0.11878805979749153,-2.3413588682588693e-05,-0.002138349671545705
1774257635.2506096,0.010723114013671875,-0.11992333162215124,-0.11992333162215124,-0.0011352718246597088,-0.10587146823322473
1774257635.259113,0.008503437042236328,-0.11975929728621082,-0.11975929728621082,0.00016403433594042172,0.019290356961034448
1774257635.269084,0.009970903396606445,-0.11902220893148345,-0.11902220893148345,0.0007370883547273693,0.07392392899706904
1774257635.2813447,0.012260675430297852,-0.11919700211243897,-0.11919700211243897,-0.00017479318095552088,-0.01425640715711162
1774257635.289029,0.007684230804443359,-0.11948482869445963,-0.11948482869445963,-0.0002878265820206588,-0.037456785115593465
1774257635.299237,0.0102081298828125,-0.11941226621401721,-0.11941226621401721,7.25624804424202e-05,0.007108303016852691
1774257635.3092198,0.009982824325561523,-0.11975018335145826,-0.11975018335145826,-0.0003379171374410517,-0.03384985314985438
1774257635.3195233,0.010303497314453125,-0.11935239260603185,-0.11935239260603185,0.00039779074542641013,0.03860735178417655
1774257635.329235,0.009711742401123047,-0.11944264818651638,-0.11944264818651638,-9.025558048453286e-05,-0.00929344877126229
1774257635.33914,0.009904861450195312,-0.11957113598973514,-0.11957113598973514,-0.00012848780321875197,-0.012972195912565576
1774257635.349926,0.010786056518554688,-0.11974789021662481,-0.11974789021662481,-0.0001767542268896749,-0.01638728914368415
1774257635.3595228,0.009596824645996094,-0.11949128166654968,-0.11949128166654968,0.0002566085500751297,0.02673890162015097
1774257635.3692079,0.009685039520263672,-0.11951744746056307,-0.11951744746056307,-2.6165794013391364e-05,-0.002701671372496269
1774257635.3791926,0.009984731674194336,-0.11915836829238978,-0.11915836829238978,0.000359079168173293,0.035962826031803896
1774257635.3906932,0.01150059700012207,-0.11940051723797933,-0.11940051723797933,-0.0002421489455895487,-0.021055337004416246
1774257635.3991928,0.008499622344970703,-0.11993747021205878,-0.11993747021205878,-0.0005369529740794493,-0.06317374493669932
1774257635.409743,0.010550260543823242,-0.11972279080005206,-0.11972279080005206,0.0002146794120067158,0.020348256909389982
1774257635.4216883,0.011945247650146484,-0.11964048663835454,-0.11964048663835454,8.230416169752175e-05,0.006890117652480186
1774257635.42928,0.007591724395751953,-0.11950214460158104,-0.11950214460158104,0.00013834203677350054,0.018222742233755432
1774257635.439352,0.010071992874145508,-0.1195012733896387,-0.1195012733896387,8.712119423381903e-07,8.649846690961867e-05
1774257635.4495807,0.010228633880615234,-0.12005933059595976,-0.12005933059595976,-0.0005580572063210582,-0.054558332308545975
1774257635.4597995,0.01021885871887207,-0.1195624729118126,-0.1195624729118126,0.0004968576841471589,0.048621641400087845
1774257635.4693627,0.009563207626342773,-0.12023733822549984,-0.12023733822549984,-0.0006748653136872396,-0.07056892834034663
1774257635.479468,0.010105371475219727,-0.11949718287338335,-0.11949718287338335,0.000740155352116495,0.07324375496056679
1774257635.4893727,0.009904623031616211,-0.11960360956943615,-0.11960360956943615,-0.00010642669605280541,-0.010745153623018703
1774257635.499813,0.010440349578857422,-0.11924889316890039,-0.11924889316890039,0.00035471640053576226,0.033975529062177434
1774257635.509659,0.009845972061157227,-0.11957468908413207,-0.11957468908413207,-0.00032579591523168583,-0.0330892585524353
1774257635.5196135,0.009954452514648438,-0.11931131413898821,-0.11931131413898821,0.0002633749451438627,0.026458004069665742
1774257635.5298235,0.010210037231445312,-0.11956126561696019,-0.11956126561696019,-0.0002499514779719797,-0.02448095656323058
1774257635.5394497,0.009626150131225586,-0.11939524178333914,-0.11939524178333914,0.00016602383362104844,0.017247168531321314
1774257635.5498445,0.010394811630249023,-0.11913994301640941,-0.11913994301640941,0.0002552987669297291,0.024560210998610756
1774257635.5605822,0.01073765754699707,-0.11913131288729409,-0.11913131288729409,8.630129115325125e-06,0.000803725493903338
1774257635.5695963,0.009014129638671875,-0.11965840991263639,-0.11965840991263639,-0.0005270970253423019,-0.05847453347919271
1774257635.5799549,0.010358572006225586,-0.11919203592603678,-0.11919203592603678,0.0004663739865996136,0.04502299991922816
1774257635.591432,0.011477231979370117,-0.11853504154123608,-0.11853504154123608,0.0006569943848006993,0.05724327834286363
1774257635.6020396,0.010607481002807617,-0.11919321609055034,-0.11919321609055034,-0.0006581745493142582,-0.062048147825110485
1774257635.6105897,0.008550167083740234,-0.11915445302697841,-0.11915445302697841,3.876306357192272e-05,0.004533603050358869
1774257635.620936,0.010346174240112305,-0.11869503933216319,-0.11869503933216319,0.000459413694815225,0.04440421011218521
1774257635.6313822,0.010446310043334961,-0.11890684083096949,-0.11890684083096949,-0.0002118014988062994,-0.020275245318937735
1774257635.6405165,0.009134292602539062,-0.118573309329886,-0.118573309329886,0.00033353150108349217,0.03651421249531467
1774257635.6498063,0.009289741516113281,-0.11860363986303595,-0.11860363986303595,-3.0330533149949823e-05,-0.003264949094368318
1774257635.6625993,0.01279306411743164,-0.11860460125492772,-0.11860460125492772,-9.613918917766862e-07,-7.514946247058262e-05
1774257635.6703818,0.007782459259033203,-0.11913128017717572,-0.11913128017717572,-0.0005266789222480028,-0.06767512745237692
1774257635.6806648,0.01028299331665039,-0.11887298143003147,-0.11887298143003147,0.00025829874714425327,0.025119023147278693
1774257635.690093,0.009428262710571289,-0.11897687383903888,-0.11897687383903888,-0.0001038924090074056,-0.011019252665808504
1774257635.7003639,0.010270833969116211,-0.1189268409423659,-0.1189268409423659,5.003289667297739e-05,0.0048713567781762755
1774257635.7102442,0.009880304336547852,-0.11922919379471551,-0.11922919379471551,-0.0003023528523496133,-0.03060157279074811
1774257635.7203314,0.010087251663208008,-0.11935230664119054,-0.11935230664119054,-0.00012311284647502363,-0.012204795774458804
1774257635.7299967,0.009665250778198242,-0.12021699746830791,-0.12021699746830791,-0.0008646908271173759,-0.08946387910263495
1774257635.7415228,0.011526107788085938,-0.1187772939584701,-0.1187772939584701,0.0014397035098378114,0.12490803802181805
1774257635.7502184,0.008695602416992188,-0.11991818366051867,-0.11991818366051867,-0.0011408897020485642,-0.13120306648555333
1774257635.7599735,0.009755134582519531,-0.11942567096886056,-0.11942567096886056,0.0004925126916581063,0.05048753428175681
1774257635.7720613,0.012087821960449219,-0.1192932674020344,-0.1192932674020344,0.00013240356682615861,0.010953467651937365
1774257635.7813346,0.009273290634155273,-0.11960096896351134,-0.11960096896351134,-0.00030770156147694183,-0.033181485797891326
1774257635.7899828,0.008648157119750977,-0.11936803713076138,-0.11936803713076138,0.000232931832749958,0.026934273918079007
1774257635.8007812,0.010798454284667969,-0.11913418342420005,-0.11913418342420005,0.00023385370656132942,0.02165622045493708
1774257635.8118205,0.011039257049560547,-0.11876944843570088,-0.11876944843570088,0.00036473498849917685,0.03303981299300357
1774257635.8198943,0.008073806762695312,-0.11935054280816534,-0.11935054280816534,-0.0005810943724644663,-0.07197278675895348
1774257635.8301003,0.010205984115600586,-0.11903600547557348,-0.11903600547557348,0.00031453733259186045,0.030818912613342925
1774257635.8401737,0.010073423385620117,-0.11919126652671945,-0.11919126652671945,-0.00015526105114596622,-0.01541293810479588
1774257635.8500216,0.009847879409790039,-0.11819635089670683,-0.11819635089670683,0.0009949156300126244,0.10102841318543689
1774257635.8600073,0.009985685348510742,-0.11952596133948583,-0.11952596133948583,-0.0013296104427790029,-0.13315164621898487
1774257635.8705122,0.010504961013793945,-0.11958741011172508,-0.11958741011172508,-6.144877223925038e-05,-0.005849500265499576
1774257635.8870382,0.016525983810424805,-0.11905755400673332,-0.11905755400673332,0.0005298561049917605,0.03206200072987609
1774257635.8948562,0.007817983627319336,-0.1193785051819663,-0.1193785051819663,-0.0003209511752329808,-0.04105293519820659
1774257635.9020863,0.007230043411254883,-0.11893058635212966,-0.11893058635212966,0.00044791882983663545,0.06195243988983081
1774257635.910219,0.008132696151733398,-0.11876580845409035,-0.11876580845409035,0.00016477789803931442,0.020261164927967184
1774257635.9207804,0.010561466217041016,-0.11852526628197038,-0.11852526628197038,0.00024054217211996742,0.022775452496534107
1774257635.936757,0.015976667404174805,-0.11924809020627336,-0.11924809020627336,-0.0007228239243029788,-0.045242471788209115
1774257635.9405987,0.0038416385650634766,-0.11973217532394187,-0.11973217532394187,-0.00048408511766850904,-0.12601006301604284
1774257635.9502807,0.009681940078735352,-0.11914380093093581,-0.11914380093093581,0.0005883743930060609,0.0607702989505502
1774257635.96054,0.010259389877319336,-0.119910922036432,-0.119910922036432,-0.0007671211054961907,-0.07477258537489472
1774257635.9704733,0.009933233261108398,-0.11943878454466046,-0.11943878454466046,0.00047213749177153763,0.047531098823592334
1774257635.9803202,0.009846925735473633,-0.11928539270852845,-0.11928539270852845,0.00015339183613201357,0.015577637148152563
1774257635.990677,0.010356903076171875,-0.11845825012629521,-0.11845825012629521,0.0008271425822332368,0.07986389137272545
1774257636.001002,0.010324954986572266,-0.11956946219346845,-0.11956946219346845,-0.0011112120671732395,-0.10762391396557029
1774257636.0103588,0.00935673713684082,-0.11938435669677068,-0.11938435669677068,0.0001851054966977711,0.019783124607502818
1774257636.0214934,0.011134624481201172,-0.1189340401396,-0.1189340401396,0.00045031655717067687,0.040442904736567996
1774257636.0304658,0.008972406387329102,-0.11873967359991701,-0.11873967359991701,0.0001943665396829941,0.02166269909012146
1774257636.0408592,0.010393381118774414,-0.1188334926641856,-0.1188334926641856,-9.381906426858544e-05,-0.009026808811919
1774257636.050824,0.009964704513549805,-0.11919014350145325,-0.11919014350145325,-0.000356650837267658,-0.0357914112538602
1774257636.0603688,0.009544849395751953,-0.11987542392760207,-0.11987542392760207,-0.000685280426148821,-0.07179583435374193
1774257636.070442,0.010073184967041016,-0.1186040553165272,-0.1186040553165272,0.00127136861107488,0.12621317043564056
1774257636.0810106,0.010568618774414062,-0.11950399953286435,-0.11950399953286435,-0.0008999442163371563,-0.08515249111982945
1774257636.0906038,0.00959324836730957,-0.1192040131624172,-0.1192040131624172,0.00029998637044714727,0.03127057269458338
1774257636.102217,0.011613130569458008,-0.11882215951049117,-0.11882215951049117,0.0003818536519260285,0.03288119854006342
1774257636.1105707,0.008353710174560547,-0.11852682727016679,-0.11852682727016679,0.00029533224032438077,0.03535342191111113
1774257636.1207263,0.010155677795410156,-0.11768311737054417,-0.11768311737054417,0.0008437098996226244,0.08307765533915795
1774257636.1324387,0.011712312698364258,-0.11840111404883412,-0.11840111404883412,-0.0007179966782899505,-0.06130272447304331
1774257636.1404831,0.00804448127746582,-0.11861765037943886,-0.11861765037943886,-0.0002165363306047413,-0.026917376414474642
1774257636.1505356,0.01005244255065918,-0.11883970255521863,-0.11883970255521863,-0.0002220521757797661,-0.02208937525986709
1774257636.1630006,0.01246500015258789,-0.11936614918124533,-0.11936614918124533,-0.0005264466260267026,-0.042233984723811305
1774257636.170528,0.007527351379394531,-0.11893310390478831,-0.11893310390478831,0.00043304527645701696,0.05752956845384429
1774257636.1807773,0.01024937629699707,-0.11910084080091178,-0.11910084080091178,-0.00016773689612346876,-0.0163655710613936
1774257636.1907513,0.009974002838134766,-0.11889080441678891,-0.11889080441678891,0.00021003638412286918,0.021058384234643752
1774257636.2004735,0.009722232818603516,-0.11913784518629296,-0.11913784518629296,-0.00024704076950404774,-0.02540988002584495
1774257636.2112918,0.010818243026733398,-0.11874192532645757,-0.11874192532645757,0.0003959198598353919,0.03659742703662862
1774257636.2207725,0.009480714797973633,-0.1189410312718138,-0.1189410312718138,-0.00019910594535622883,-0.021001153351726694
1774257636.230825,0.01005244255065918,-0.11917342492995134,-0.11917342492995134,-0.00023239365813754187,-0.023118128451507826
1774257636.2409713,0.010146379470825195,-0.11851259995047951,-0.11851259995047951,0.0006608249794718274,0.06512914102729524
1774257636.250862,0.009890556335449219,-0.11931476821119832,-0.11931476821119832,-0.0008021682607188135,-0.0811044630364951
1774257636.2606604,0.009798526763916016,-0.11904959192147906,-0.11904959192147906,0.0002651762897192683,0.02706287344091406
1774257636.2710254,0.010365009307861328,-0.11888561377302925,-0.11888561377302925,0.00016397814844980318,0.0158203570859733
1774257636.2806425,0.009617090225219727,-0.11855414967174782,-0.11855414967174782,0.0003314641012814312,0.03446615280911104
1774257636.2910855,0.010442972183227539,-0.11878968026826212,-0.11878968026826212,-0.00023553059651429398,-0.02255398102970912
1774257636.302277,0.011191606521606445,-0.11953550122438104,-0.11953550122438104,-0.0007458209561189283,-0.0666410988162469
1774257636.3114889,0.00921177864074707,-0.12012303930823719,-0.12012303930823719,-0.0005875380838561428,-0.06378117698760657
1774257636.320972,0.009483098983764648,-0.11965060589064756,-0.11965060589064756,0.00047243341758962387,0.049818463183653794
1774257636.3326933,0.011721372604370117,-0.11939997077659797,-0.11939997077659797,0.00025063511404958827,0.021382744368705006
1774257636.3411577,0.008464336395263672,-0.11931185507799025,-0.11931185507799025,8.811569860772694e-05,0.010410231173826364
1774257636.3515897,0.010432004928588867,-0.1184735093630751,-0.1184735093630751,0.0008383457149151452,0.08036285648386363
1774257636.3627934,0.011203765869140625,-0.11880581210386781,-0.11880581210386781,-0.0003323027407927115,-0.02965991477097874
1774257636.3709617,0.008168220520019531,-0.1192141463688949,-0.1192141463688949,-0.0004083342650270799,-0.04999060248511796
1774257636.3808782,0.009916543960571289,-0.1191493520830154,-0.1191493520830154,6.479428587949365e-05,0.006533958417077483
1774257636.3938835,0.013005256652832031,-0.11914931648217558,-0.11914931648217558,3.560083981779538e-08,2.737419242706212e-06
1774257636.4008715,0.006988048553466797,-0.11941423507132128,-0.11941423507132128,-0.00026491858914569344,-0.037910238762474874
1774257636.4109607,0.01008915901184082,-0.11862148535002091,-0.11862148535002091,0.000792749721300362,0.07857441045085885
1774257636.424041,0.013080358505249023,-0.11906626535543763,-0.11906626535543763,-0.0004447800054167145,-0.03400365557551259
1774257636.4309576,0.006916522979736328,-0.11948511455944193,-0.11948511455944193,-0.0004188492040042985,-0.06055776945026009
1774257636.4412649,0.01030731201171875,-0.11829661560583185,-0.11829661560583185,0.001188498953610076,0.11530639144898584
1774257636.4511423,0.009877443313598633,-0.11842063010028571,-0.11842063010028571,-0.00012401449445385848,-0.01255532332776066
1774257636.4610488,0.009906530380249023,-0.1191958562970349,-0.1191958562970349,-0.0007752261967491902,-0.07825405737358705
1774257636.4710002,0.009951353073120117,-0.11939261535223637,-0.11939261535223637,-0.00019675905520147308,-0.01977209066503173
1774257636.4810576,0.010057449340820312,-0.1191789411906408,-0.1191789411906408,0.0002136741615955673,0.02124536294986095
1774257636.491154,0.010096311569213867,-0.11957774797111605,-0.11957774797111605,-0.00039880678047524154,-0.03950024498959613
1774257636.5021908,0.011036872863769531,-0.11983364354718826,-0.11983364354718826,-0.0002558955760722098,-0.023185514523070376
1774257636.511101,0.008910179138183594,-0.11936991425199606,-0.11936991425199606,0.0004637292951922001,0.05204489023177313
1774257636.521397,0.010296106338500977,-0.11929442933348905,-0.11929442933348905,7.548491850700723e-05,0.007331404321723155
1774257636.531923,0.010525941848754883,-0.11914403345173165,-0.11914403345173165,0.00015039588175740082,0.01428811634326017
1774257636.5411396,0.009216547012329102,-0.11947536996917188,-0.11947536996917188,-0.00033133651744023107,-0.03595017928048299
1774257636.5511088,0.009969234466552734,-0.11857691067996701,-0.11857691067996701,0.0008984592892048726,0.09012319774595001
1774257636.5638,0.012691259384155273,-0.11911618673699385,-0.11911618673699385,-0.0005392760570268468,-0.04249192619135338
1774257636.5712757,0.007475614547729492,-0.11940069130770312,-0.11940069130770312,-0.0002845045707092625,-0.038057683270423935
1774257636.581414,0.010138273239135742,-0.11880573292892112,-0.11880573292892112,0.0005949583787819984,0.058684389811604336
1774257636.5915308,0.010116815567016602,-0.11829338784917841,-0.11829338784917841,0.0005123450797427098,0.05064291983468448
1774257636.6018856,0.010354757308959961,-0.11910321575272804,-0.11910321575272804,-0.000809827903549637,-0.07820829396444605
1774257636.611283,0.009397506713867188,-0.11921933209131594,-0.11921933209131594,-0.00011611633858789328,-0.012356079343529407
1774257636.62139,0.010107040405273438,-0.1196640373352308,-0.1196640373352308,-0.0004447052439148641,-0.04399955141000873
1774257636.631687,0.010296821594238281,-0.11831033060509998,-0.11831033060509998,0.001353706730130827,0.13146840680315477
1774257636.642098,0.01041102409362793,-0.11912923972378998,-0.11912923972378998,-0.0008189091186900088,-0.07865788334801976
1774257636.6521816,0.010083675384521484,-0.11892792535740165,-0.11892792535740165,0.00020131436638833045,0.019964383888968647
1774257636.6614504,0.009268760681152344,-0.11956805314539064,-0.11956805314539064,-0.0006401277879889838,-0.06906293192903969
1774257636.6753993,0.013948917388916016,-0.11939072780512781,-0.11939072780512781,0.00017732534026282387,0.012712480497140861
1774257636.6819258,0.006526470184326172,-0.11902478939285346,-0.11902478939285346,0.00036593841227434976,0.05606988187170141
1774257636.6914172,0.009491443634033203,-0.11865348496643094,-0.11865348496643094,0.00037130442642252515,0.03911991059938967
1774257636.7031262,0.011708974838256836,-0.1191076763451749,-0.1191076763451749,-0.00045419137874395943,-0.03879002090430462
1774257636.711421,0.008294820785522461,-0.1184237626762107,-0.1184237626762107,0.0006839136689641978,0.08245068659685581
1774257636.7217205,0.010299444198608398,-0.11854968236540388,-0.11854968236540388,-0.00012591968919317686,-0.012225872266989941
1774257636.731749,0.010028600692749023,-0.11857264138571443,-0.11857264138571443,-2.2959020310547862e-05,-0.0022893543191073425
1774257636.741492,0.009742975234985352,-0.11955852382912364,-0.11955852382912364,-0.0009858824434092195,-0.10118905361363179
1774257636.7522497,0.010757684707641602,-0.11964908544914382,-0.11964908544914382,-9.056162002017698e-05,-0.008418318855900987
1774257636.76167,0.009420394897460938,-0.1197383992171245,-0.1197383992171245,-8.93137679806727e-05,-0.009480894267473361
1774257636.7714958,0.009825706481933594,-0.11959326123389717,-0.11959326123389717,0.00014513798322732252,0.014771251664619327
1774257636.7815006,0.010004758834838867,-0.1192005044827538,-0.1192005044827538,0.0003927567511433777,0.0392569933595709
1774257636.7919693,0.010468721389770508,-0.11914717002064942,-0.11914717002064942,5.333446210437076e-05,0.0050946491093445696
1774257636.8016253,0.009655952453613281,-0.11868476481058848,-0.11868476481058848,0.00046240521006093993,0.047888099313072606
1774257636.8118315,0.010206222534179688,-0.11794121487652078,-0.11794121487652078,0.0007435499340677082,0.07285260845309112
1774257636.8222556,0.010424137115478516,-0.1191566365263454,-0.1191566365263454,-0.001215421649824619,-0.11659685941965141
1774257636.8317327,0.00947713851928711,-0.11957360698780026,-0.11957360698780026,-0.00041697046145486305,-0.043997506273257304
1774257636.841653,0.009920358657836914,-0.1188779932040813,-0.1188779932040813,0.0006956137837189624,0.07011982204589341
1774257636.8516755,0.010022401809692383,-0.11888158563598489,-0.11888158563598489,-3.5924319035929297e-06,-0.00035844021940118083
1774257636.8621404,0.010464906692504883,-0.11942126164754811,-0.11942126164754811,-0.0005396760115632254,-0.05157007390708502
1774257636.8717692,0.009628772735595703,-0.11931070604593932,-0.11931070604593932,0.00011055560160878886,0.011481795722531312
1774257636.8817651,0.00999593734741211,-0.11934721738458436,-0.11934721738458436,-3.6511338645031644e-05,-0.0036526177962174023
1774257636.8917549,0.009989738464355469,-0.11940500073863353,-0.11940500073863353,-5.7783354049170677e-05,-0.005784270955175484
1774257636.9017663,0.010011434555053711,-0.11914209663589902,-0.11914209663589902,0.0002629041027345097,0.026260382694286037
1774257636.9118474,0.010081052780151367,-0.11906907642745283,-0.11906907642745283,7.302020844618395e-05,0.007243311788819694
1774257636.9219775,0.010130167007446289,-0.11965456220325668,-0.11965456220325668,-0.0005854857758038484,-0.0577962609474731
1774257636.9319131,0.009935617446899414,-0.11987351375613595,-0.11987351375613595,-0.00021895155287926515,-0.02203703534777226
1774257636.9419794,0.01006627082824707,-0.11992141022397866,-0.11992141022397866,-4.789646784271462e-05,-0.004758114366276717
1774257636.9518888,0.009909391403198242,-0.11958208308836643,-0.11958208308836643,0.00033932713561223016,0.03424298443824843
1774257636.9625902,0.010701417922973633,-0.11928697229549544,-0.11928697229549544,0.0002951107928709923,0.027576793560921787
1774257636.9719543,0.009364128112792969,-0.11948385310225933,-0.11948385310225933,-0.0001968808067638883,-0.021025001408824823
1774257636.9821613,0.010206937789916992,-0.11937699166393848,-0.11937699166393848,0.0001068614383208516,0.010469490509329405
1774257636.9921868,0.010025501251220703,-0.11845442385768713,-0.11845442385768713,0.0009225678062513426,0.09202211272369158
1774257637.0022876,0.010100841522216797,-0.11866893429046681,-0.11866893429046681,-0.0002145104327796743,-0.021236887273981944
1774257637.0124452,0.010157585144042969,-0.11894969510674719,-0.11894969510674719,-0.0002807608162803815,-0.027640508280163116
1774257637.022056,0.009610891342163086,-0.1192100869891484,-0.1192100869891484,-0.00026039188240120636,-0.027093416534516867
1774257637.0320942,0.010038137435913086,-0.11884884318933747,-0.11884884318933747,0.00036124379981092303,0.03598713427836861
1774257637.0436716,0.011577367782592773,-0.11891481448410933,-0.11891481448410933,-6.59712947718577e-05,-0.005698298266990297
1774257637.0520806,0.00840902328491211,-0.11977655939687391,-0.11977655939687391,-0.0008617449127645838,-0.10247859752163722
1774257637.0619154,0.009834766387939453,-0.11878270643960204,-0.11878270643960204,0.0009938529572718763,0.10105506506902448
1774257637.0748744,0.012959003448486328,-0.11948922171184427,-0.11948922171184427,-0.0007065152722422335,-0.05451925952876861
1774257637.082077,0.007202625274658203,-0.11862218927541704,-0.11862218927541704,0.0008670324364272314,0.12037727958412718
1774257637.092036,0.009958982467651367,-0.11896628167570723,-0.11896628167570723,-0.00034409240029019406,-0.03455095953907644
1774257637.1021917,0.010155677795410156,-0.11947031370237295,-0.11947031370237295,-0.0005040320266657128,-0.049630564972582066
1774257637.112178,0.009986400604248047,-0.1198567546593823,-0.1198567546593823,-0.00038644095700934855,-0.0386967209031213
1774257637.122454,0.010275840759277344,-0.11963527261351191,-0.11963527261351191,0.0002214820458703859,0.021553666610727218
1774257637.132624,0.01016998291015625,-0.11908260498124908,-0.11908260498124908,0.0005526676322628321,0.05434302467813498
1774257637.1423426,0.009718656539916992,-0.11915421991321445,-0.11915421991321445,-7.161493196537749e-05,-0.00736880984231069
1774257637.1523015,0.009958982467651367,-0.11974393290216721,-0.11974393290216721,-0.0005897129889527591,-0.059214180853140064
1774257637.1622043,0.009902715682983398,-0.11967443270221366,-0.11967443270221366,6.950019995355383e-05,0.007018297018562433
1774257637.1724284,0.010224103927612305,-0.11985831313828246,-0.11985831313828246,-0.00018388043606880344,-0.017984992853231505
1774257637.1836452,0.011216878890991211,-0.11906398552034067,-0.11906398552034067,0.0007943276179417924,0.07081538685237596
1774257637.19232,0.008674860000610352,-0.11915975229979778,-0.11915975229979778,-9.57667794571071e-05,-0.0110395763678456
1774257637.2023866,0.010066509246826172,-0.11965653146394929,-0.11965653146394929,-0.0004967791641515146,-0.049349695308544224
1774257637.2153566,0.012969970703125,-0.1193061009449714,-0.1193061009449714,0.00035043051897788724,0.027018605284393905
1774257637.2226,0.00724339485168457,-0.11993121004320265,-0.11993121004320265,-0.0006251090982312413,-0.08630056914346756
1774257637.232386,0.009786128997802734,-0.11930492872224976,-0.11930492872224976,0.0006262813209528817,0.06399683890264472
1774257637.246191,0.013804912567138672,-0.11927844818938331,-0.11927844818938331,2.6480532866454687e-05,0.0019181963476892396
1774257637.2543416,0.008150577545166016,-0.1199055478762684,-0.1199055478762684,-0.0006270996868850964,-0.07693929459723008
1774257637.2628412,0.008499622344970703,-0.11924493263780848,-0.11924493263780848,0.0006606152384599218,0.0777228930472203
1774257637.2753458,0.01250457763671875,-0.11951234742495362,-0.11951234742495362,-0.00026741478714513434,-0.021385351422017723
1774257637.2839396,0.00859379768371582,-0.11958907433976611,-0.11958907433976611,-7.672691481248883e-05,-0.008928173275230438
1774257637.2929714,0.00903177261352539,-0.11894138823959043,-0.11894138823959043,0.0006476861001756817,0.07171195820472157
1774257637.3025217,0.009550333023071289,-0.11960150022385349,-0.11960150022385349,-0.0006601119842630648,-0.06911926345064558
1774257637.3124368,0.00991511344909668,-0.11907152817498586,-0.11907152817498586,0.0005299720488676357,0.053450931407740876
1774257637.3224037,0.009966850280761719,-0.11935583798729847,-0.11935583798729847,-0.00028430981231261643,-0.028525542604106217
1774257637.3325093,0.010105609893798828,-0.11897176821950939,-0.11897176821950939,0.0003840697677890831,0.03800560004050447
1774257637.3424127,0.009903430938720703,-0.11948864753645393,-0.11948864753645393,-0.0005168793169445379,-0.052191944402179766
1774257637.3525364,0.010123729705810547,-0.11953920129886488,-0.11953920129886488,-5.0553762410948666e-05,-0.004993590690388856
1774257637.3625417,0.01000523567199707,-0.12014231407177299,-0.12014231407177299,-0.0006031127729081154,-0.06027971680828309
1774257637.3727772,0.01023554801940918,-0.11946342621745844,-0.11946342621745844,0.0006788878543145527,0.06632647837001107
1774257637.3827498,0.009972572326660156,-0.11934972911911157,-0.11934972911911157,0.00011369709834686825,0.011400980070399323
1774257637.392929,0.010179281234741211,-0.11920321958171554,-0.11920321958171554,0.00014650953739603345,0.014392915768552119
1774257637.4025455,0.009616374969482422,-0.11919681793172009,-0.11919681793172009,6.401649995449454e-06,0.0006657030342270448
1774257637.4136558,0.011110305786132812,-0.11889456051277487,-0.11889456051277487,0.0003022574189452121,0.02720513951312401
1774257637.4228415,0.009185791015625,-0.11877031964764584,-0.11877031964764584,0.00012424086512903554,0.013525331124744971
1774257637.43258,0.009738445281982422,-0.12009593366225552,-0.12009593366225552,-0.0013256140146096773,-0.13612172951900867
1774257637.4448578,0.012277841567993164,-0.11924845045669576,-0.11924845045669576,0.0008474832055597598,0.06902542282098224
1774257637.45275,0.007892131805419922,-0.11860897167301336,-0.11860897167301336,0.0006394787836823956,0.08102738264498238
1774257637.4628026,0.010052680969238281,-0.11873556375236471,-0.11873556375236471,-0.00012659207935135364,-0.0125928674886562
1774257637.472735,0.009932279586791992,-0.11902617170833868,-0.11902617170833868,-0.00029060795597396494,-0.029258938336816174
1774257637.4826796,0.009944677352905273,-0.1193182262941761,-0.1193182262941761,-0.00029205458583742017,-0.02936792974506089
1774257637.4930804,0.010400772094726562,-0.11990277496350646,-0.11990277496350646,-0.0005845486693303592,-0.05620243035867878
1774257637.5028353,0.00975489616394043,-0.1190318095068797,-0.1190318095068797,0.0008709654566267655,0.0892849541388603
1774257637.5128162,0.009980916976928711,-0.11896403217544047,-0.11896403217544047,6.777733143922826e-05,0.006790691836822035
1774257637.5232067,0.010390520095825195,-0.11881100448558318,-0.11881100448558318,0.00015302768985728243,0.01472762560930587
1774257637.5328157,0.009608983993530273,-0.11878450338152224,-0.11878450338152224,2.650110406093864e-05,0.0027579506926832045
1774257637.5427406,0.009924888610839844,-0.1186419465388644,-0.1186419465388644,0.0001425568426578483,0.014363571043220518
1774257637.55395,0.011209487915039062,-0.11926617868650426,-0.11926617868650426,-0.000624232147639861,-0.05568783805033307
1774257637.562974,0.009023904800415039,-0.11990002842804957,-0.11990002842804957,-0.000633849741545317,-0.07024118223367828
1774257637.572842,0.00986790657043457,-0.11970065206070656,-0.11970065206070656,0.00019937636734301822,0.02020452523743726
1774257637.5838158,0.010973930358886719,-0.11976979793458777,-0.11976979793458777,-6.914587388121007e-05,-0.006300921513067153
1774257637.5936425,0.00982666015625,-0.11893702857748706,-0.11893702857748706,0.0008327693571007072,0.08474592016607445
1774257637.6028736,0.009231090545654297,-0.11987712783879162,-0.11987712783879162,-0.0009400992613045611,-0.1018405416624507
1774257637.6131425,0.010268926620483398,-0.11862347148235002,-0.11862347148235002,0.0012536563564416042,0.12208251190936933
1774257637.6232462,0.010103702545166016,-0.11964628326485113,-0.11964628326485113,-0.001022811782501118,-0.10123138304288945
1774257637.6330762,0.009829998016357422,-0.11887240883718281,-0.11887240883718281,0.0007738744276683251,0.07872579693104455
1774257637.6432962,0.010220050811767578,-0.11950055454275842,-0.11950055454275842,-0.0006281457055756084,-0.061462092228773316
1774257637.6532192,0.009922981262207031,-0.11912106498345636,-0.11912106498345636,0.00037948955930205974,0.03824350255979977
1774257637.6629472,0.009727954864501953,-0.1188938947946017,-0.1188938947946017,0.0002271701888546529,0.02335230703871933
1774257637.6730227,0.010075569152832031,-0.11890063886243789,-0.11890063886243789,-6.744067836184087e-06,-0.0006693485731561349
1774257637.683949,0.010926246643066406,-0.11976955719921964,-0.11976955719921964,-0.0008689183367817516,-0.07952578457792284
1774257637.6928875,0.00893855094909668,-0.11862204382366272,-0.11862204382366272,0.0011475133755569217,0.128378009152914
1774257637.703735,0.01084756851196289,-0.11917267158303538,-0.11917267158303538,-0.00055062775937266,-0.05076047768358576
1774257637.7138598,0.010124683380126953,-0.11922409585208074,-0.11922409585208074,-5.142426904536368e-05,-0.005079098981633426
1774257637.7257738,0.01191401481628418,-0.1191055031508615,-0.1191055031508615,0.00011859270121923615,0.009954050170992117
1774257637.7330027,0.007228851318359375,-0.1189246420816383,-0.1189246420816383,0.000180861069223201,0.02501933727200359
1774257637.7431693,0.010166645050048828,-0.11942095314028232,-0.11942095314028232,-0.0004963110586440195,-0.04881758497525551
1774257637.7544098,0.011240482330322266,-0.1188857027921899,-0.1188857027921899,0.000535250348092417,0.04761809434534037
1774257637.763079,0.008669137954711914,-0.11924377856572042,-0.11924377856572042,-0.0003580757735305168,-0.04130465744127336
1774257637.773215,0.010136127471923828,-0.11947700189666284,-0.11947700189666284,-0.00023322333094241698,-0.023009115817497844
1774257637.7862508,0.013035774230957031,-0.11948312011756868,-0.11948312011756868,-6.118220905834693e-06,-0.0004693408153161547
1774257637.7929833,0.006732463836669922,-0.11956346779114707,-0.11956346779114707,-8.03476735783959e-05,-0.01193436393089313
1774257637.8030632,0.01007986068725586,-0.11941150045393474,-0.11941150045393474,0.00015196733721233036,0.015076333089054025
1774257637.815889,0.012825727462768555,-0.11944504467710179,-0.11944504467710179,-3.3544223167050746e-05,-0.002615385619601331
1774257637.8231091,0.007220268249511719,-0.1201510524463663,-0.1201510524463663,-0.0007060077692645078,-0.09778137665622778
1774257637.8332675,0.010158300399780273,-0.11933138666741366,-0.11933138666741366,0.0008196657789526357,0.08068926362626225
1774257637.843105,0.009837627410888672,-0.11979595465103889,-0.11979595465103889,-0.000464567983625222,-0.04722357985534398
1774257637.8531096,0.010004520416259766,-0.11836545457052731,-0.11836545457052731,0.0014305000805115708,0.14298537271078604
1774257637.8630357,0.009926080703735352,-0.11918908197359906,-0.11918908197359906,-0.00082362740307175,-0.0829760937528752
1774257637.8738194,0.010783672332763672,-0.11866187979141925,-0.11866187979141925,0.0005272021821798173,0.0488889281787649
1774257637.883368,0.009548664093017578,-0.11949919133965715,-0.11949919133965715,-0.0008373115482379068,-0.08768886831511724
1774257637.8932068,0.00983881950378418,-0.11986335291021108,-0.11986335291021108,-0.0003641615705539253,-0.03701273007537769
1774257637.9032621,0.010055303573608398,-0.1195401143826577,-0.1195401143826577,0.00032323852755337945,0.03214607348123888
1774257637.9131534,0.009891271591186523,-0.11950058646623593,-0.11950058646623593,3.952791642176934e-05,0.003996242147166409
1774257637.925497,0.012343645095825195,-0.11945647671266357,-0.11945647671266357,4.41097535723578e-05,0.0035734787601173316
1774257637.9333792,0.007882118225097656,-0.11878159180026839,-0.11878159180026839,0.0006748849123951878,0.08562227730183865
1774257637.9436495,0.010270357131958008,-0.11885064309895013,-0.11885064309895013,-6.905129868174653e-05,-0.006723359060891988
1774257637.955047,0.011397361755371094,-0.11939915932776034,-0.11939915932776034,-0.0005485162288102058,-0.048126596363558725
1774257637.963455,0.008408069610595703,-0.1190300335279995,-0.1190300335279995,0.0003691257997608388,0.043901372949585585
1774257637.9735422,0.010087251663208008,-0.11920888451225305,-0.11920888451225305,-0.00017885098425354795,-0.017730397755999744
1774257637.9859936,0.012451410293579102,-0.11926485827013875,-0.11926485827013875,-5.597375788569947e-05,-0.004495374946769188
1774257637.993499,0.0075054168701171875,-0.11872120708794538,-0.11872120708794538,0.0005436511821933637,0.07243450851583082
1774257638.0033464,0.009847402572631836,-0.11957580011215807,-0.11957580011215807,-0.0008545930242126881,-0.08678359779743298
1774257638.0137932,0.010446786880493164,-0.11923169259050222,-0.11923169259050222,0.0003441075216558537,0.03293907740172156
1774257638.0234244,0.009631156921386719,-0.11898412385450052,-0.11898412385450052,0.0002475687360016937,0.025704984149095157
1774257638.0341127,0.010688304901123047,-0.11943158250908893,-0.11943158250908893,-0.00044745865458840905,-0.04186432355063088
1774257638.043462,0.009349346160888672,-0.11915598373074533,-0.11915598373074533,0.0002755987783435998,0.0294778665375038
1774257638.0535936,0.010131597518920898,-0.11919198774473103,-0.11919198774473103,-3.600401398569375e-05,-0.003553636424902959
1774257638.0633168,0.009723186492919922,-0.11938464273518973,-0.11938464273518973,-0.0001926549904587016,-0.01981397668336261
1774257638.0736005,0.010283708572387695,-0.11953331490325686,-0.11953331490325686,-0.00014867216806713213,-0.014457057686983158
1774257638.0834835,0.009882926940917969,-0.11881411207827149,-0.11881411207827149,0.0007192028249853738,0.072772249484885
1774257638.0938823,0.01039886474609375,-0.11892367747831946,-0.11892367747831946,-0.00010956540004797288,-0.010536284750614747
1774257638.103489,0.009606599807739258,-0.11900466716220656,-0.11900466716220656,-8.098968388710326e-05,-0.008430629515955941
1774257638.11867,0.01518106460571289,-0.11970965686972967,-0.11970965686972967,-0.0007049897075231126,-0.04643875286966456
1774257638.123661,0.004991054534912109,-0.11897659259245005,-0.11897659259245005,0.0007330642772796214,0.14687562961932862
1774257638.1341734,0.010512351989746094,-0.11948904016501292,-0.11948904016501292,-0.0005124475725628713,-0.048747185507365086
1774257638.1434426,0.009269237518310547,-0.11937454126915291,-0.11937454126915291,0.00011449889586001571,0.01235256898249003
1774257638.1539545,0.01051187515258789,-0.11944135513686255,-0.11944135513686255,-6.681386770963915e-05,-0.0063560370285781435
1774257638.16369,0.009735584259033203,-0.12000318845678118,-0.12000318845678118,-0.000561833319918631,-0.05770925554851333
1774257638.1734633,0.00977325439453125,-0.11852430725863,-0.11852430725863,0.0014788811981511774,0.15131921655274871
1774257638.1839154,0.010452032089233398,-0.11953444835212527,-0.11953444835212527,-0.0010101410934952731,-0.09664542596801018
1774257638.193763,0.009847640991210938,-0.12014739448472178,-0.12014739448472178,-0.0006129461325965063,-0.06224294053200796
1774257638.2039251,0.010162115097045898,-0.11874224709906674,-0.11874224709906674,0.001405147385655045,0.13827312249824034
1774257638.213827,0.009901762008666992,-0.11897764241884543,-0.11897764241884543,-0.000235395319778689,-0.023773073880451575
1774257638.224142,0.010315179824829102,-0.1183145012391547,-0.1183145012391547,0.0006631411796907266,0.06428789327496899
1774257638.2345104,0.01036834716796875,-0.11938442432101548,-0.11938442432101548,-0.0010699230818607824,-0.10319128637649483
1774257638.2440362,0.009525775909423828,-0.11896297400938183,-0.11896297400938183,0.0004214503116336532,0.04424314781714667
1774257638.2540293,0.00999307632446289,-0.11942553895391969,-0.11942553895391969,-0.00046256494453786323,-0.04628854313916443
1774257638.2639174,0.009888172149658203,-0.11900029065510831,-0.11900029065510831,0.0004252482988113815,0.043005753983164696
1774257638.2742498,0.010332345962524414,-0.11909295421876705,-0.11909295421876705,-9.266356365873751e-05,-0.008968298583383653
1774257638.2841783,0.009928464889526367,-0.11922812819390993,-0.11922812819390993,-0.00013517397514288543,-0.013614791072634174
1774257638.2938652,0.009686946868896484,-0.11955717253195133,-0.11955717253195133,-0.000329044338041401,-0.03396780662624662
1774257638.3042812,0.010416030883789062,-0.11988434368246513,-0.11988434368246513,-0.00032717115051379697,-0.031410347584797216
1774257638.3143423,0.010061025619506836,-0.11904090748697489,-0.11904090748697489,0.0008434361954902381,0.08383202939618208
1774257638.32392,0.009577751159667969,-0.11853530237558929,-0.11853530237558929,0.0005056051113856014,0.05278954349061718
1774257638.3344514,0.010531425476074219,-0.11937840833112419,-0.11937840833112419,-0.000843105955534898,-0.08005620487466822
1774257638.3447926,0.010341167449951172,-0.11899258845434567,-0.11899258845434567,0.00038581987677852037,0.03730912188065789
1774257638.3539758,0.009183168411254883,-0.1197477682320701,-0.1197477682320701,-0.0007551797777244351,-0.08223520945111792
1774257638.3643634,0.010387659072875977,-0.11932010972291765,-0.11932010972291765,0.00042765850915245374,0.041169863792425196
1774257638.3751547,0.010791301727294922,-0.1193983330011061,-0.1193983330011061,-7.822327818844677e-05,-0.007248734227363241
1774257638.3839731,0.008818387985229492,-0.11870299746791405,-0.11870299746791405,0.0006953355331920513,0.07885063963580592
1774257638.3941703,0.010197162628173828,-0.11931357646246737,-0.11931357646246737,-0.0006105789945533291,-0.05987734204281053
1774257638.4080706,0.013900279998779297,-0.11989206969377314,-0.11989206969377314,-0.0005784932313057656,-0.04161737974749919
1774257638.4140286,0.005958080291748047,-0.1192670616582866,-0.1192670616582866,0.0006250080354865406,0.1049009084943313
1774257638.4245126,0.010483980178833008,-0.11879882798471927,-0.11879882798471927,0.00046823367356732537,0.04466182361854154
1774257638.4376988,0.013186216354370117,-0.11881034638323451,-0.11881034638323451,-1.1518398515236727e-05,-0.0008735180893205465
1774257638.443935,0.006236076354980469,-0.11878304039268454,-0.11878304039268454,2.730599054996674e-05,0.0043787133119623685
1774257638.4547043,0.010769367218017578,-0.11879196736335189,-0.11879196736335189,-8.926970667344492e-06,-0.000828922487888547
1774257638.466458,0.01175379753112793,-0.1196449410890244,-0.1196449410890244,-0.0008529737256725151,-0.0725700543516731
1774257638.4740975,0.007639408111572266,-0.11917999024802767,-0.11917999024802767,0.0004649508409967362,0.06086215505261765
1774257638.4839828,0.009885311126708984,-0.11877238938720959,-0.11877238938720959,0.00040760086081807756,0.04123298251248628
1774257638.4941084,0.01012563705444336,-0.11861334919984524,-0.11861334919984524,0.00015904018736434544,0.01570668457789083
1774257638.5043802,0.010271787643432617,-0.1189373780278823,-0.1189373780278823,-0.00032402882803705957,-0.03154551469375742
1774257638.5145547,0.01017451286315918,-0.11926470741410501,-0.11926470741410501,-0.0003273293862227078,-0.03217150448626709
1774257638.5240633,0.009508609771728516,-0.12007700836110828,-0.12007700836110828,-0.0008123009470032694,-0.08542794020409208
1774257638.534384,0.010320663452148438,-0.11996505137405188,-0.11996505137405188,0.00011195698705640522,0.010847847870971832
1774257638.5440898,0.009705781936645508,-0.1194351495317374,-0.1194351495317374,0.0005299018423144813,0.05459651224119969
1774257638.5547392,0.010649442672729492,-0.11850184081575704,-0.11850184081575704,0.0009333087159803521,0.08763920748362897
1774257638.5642345,0.009495258331298828,-0.1191540976644494,-0.1191540976644494,-0.0006522568486923563,-0.06869290186053696
1774257638.5743904,0.010155916213989258,-0.1187851379410557,-0.1187851379410557,0.0003689597233936942,0.036329535968943005
1774257638.584253,0.009862661361694336,-0.119673057270093,-0.119673057270093,-0.0008879193290372983,-0.09002837028207161
1774257638.5944877,0.010234594345092773,-0.11996430111997046,-0.11996430111997046,-0.00029124384987745666,-0.028456804447467003
1774257638.604259,0.009771347045898438,-0.11956894369065542,-0.11956894369065542,0.0003953574293150408,0.04046089320724656
1774257638.614721,0.010462045669555664,-0.11864491611716212,-0.11864491611716212,0.0009240275734933023,0.08832188299294118
1774257638.6252346,0.010513544082641602,-0.11879543385440443,-0.11879543385440443,-0.00015051773724231166,-0.014316555488726597
1774257638.6344306,0.009196043014526367,-0.11868047345233326,-0.11868047345233326,0.00011496040207116531,0.012501072677625598
1774257638.6445959,0.010165214538574219,-0.11893615689112413,-0.11893615689112413,-0.0002556834387908713,-0.02515278332991619
1774257638.6547966,0.010200738906860352,-0.1184089921914927,-0.1184089921914927,0.0005271646996314328,0.05167906996197071
1774257638.6655178,0.010721206665039062,-0.11898638426316317,-0.11898638426316317,-0.0005773920716704711,-0.05385513867140508
1774257638.6747897,0.009271860122680664,-0.11846964219643343,-0.11846964219643343,0.0005167420667297473,0.05573229749936604
1774257638.6863904,0.011600732803344727,-0.11943487321058797,-0.11943487321058797,-0.0009652310141545495,-0.08320431394439615
1774257638.6944973,0.00810694694519043,-0.11962359436408142,-0.11962359436408142,-0.00018872115349344298,-0.023278942710412667
1774257638.704415,0.009917736053466797,-0.11934561380780796,-0.11934561380780796,0.00027798055627345497,0.028028630200970656
1774257638.7151282,0.01071310043334961,-0.11905299734394409,-0.11905299734394409,0.0002926164638638734,0.027313891593227838
1774257638.7246525,0.009524345397949219,-0.11913962877632713,-0.11913962877632713,-8.663143238303583e-05,-0.00909578860943969
1774257638.7344816,0.009829044342041016,-0.11896321041008061,-0.11896321041008061,0.00017641836624651686,0.017948679455228028
1774257638.7452695,0.0107879638671875,-0.11937823754129316,-0.11937823754129316,-0.0004150271312125531,-0.03847131268903236
1774257638.754255,0.008985519409179688,-0.11850913994711218,-0.11850913994711218,0.0008690975941809814,0.0967220206873187
1774257638.7643805,0.010125398635864258,-0.11943328608090338,-0.11943328608090338,-0.000924146133791201,-0.09127009879076431
1774257638.777074,0.012693643569946289,-0.1196211093200742,-0.1196211093200742,-0.00018782323917082566,-0.014796637240982527
1774257638.7844017,0.007327556610107422,-0.11961564409313825,-0.11961564409313825,5.465226935952305e-06,0.0007458457473277965
1774257638.7946246,0.010222911834716797,-0.1196138673441663,-0.1196138673441663,1.776748971948905e-06,0.00017380067447271747
1774257638.806411,0.011786460876464844,-0.11862438612590269,-0.11862438612590269,0.000989481218263616,0.08395066412509017
1774257638.8145905,0.008179426193237305,-0.11950336845279458,-0.11950336845279458,-0.0008789823268918889,-0.10746259042212836
1774257638.8245604,0.009969949722290039,-0.11940965758673466,-0.11940965758673466,9.371086605991508e-05,0.009399331859257384
1774257638.836356,0.011795520782470703,-0.12004486321895348,-0.12004486321895348,-0.0006352056322188188,-0.053851427498037764
1774257638.8443983,0.008042335510253906,-0.11929747063784057,-0.11929747063784057,0.0007473925811129073,0.092932280698808
1774257638.8546932,0.010294914245605469,-0.11925941127461738,-0.11925941127461738,3.805936322319459e-05,0.0036969092034390446
1774257638.8667367,0.012043476104736328,-0.11906708129983479,-0.11906708129983479,0.00019232997478259295,0.015969639754336
1774257638.8747153,0.007978677749633789,-0.11881988791578241,-0.11881988791578241,0.0002471933840523799,0.030981748080216143
1774257638.8852587,0.010543346405029297,-0.1186353228600848,-0.1186353228600848,0.00018456505569761084,0.01750535822379612
1774257638.8947399,0.009481191635131836,-0.11869421192467544,-0.11869421192467544,-5.88890645906448e-05,-0.006211145904111446
1774257638.9046364,0.009896516799926758,-0.11906400029443834,-0.11906400029443834,-0.00036978836976289675,-0.03736550720205249
1774257638.9145694,0.009932994842529297,-0.11934170517743675,-0.11934170517743675,-0.0002777048829984141,-0.02795782011376747
1774257638.9246595,0.010090112686157227,-0.11939259698164197,-0.11939259698164197,-5.0891804205213664e-05,-0.005043730014535207
1774257638.9348588,0.010199308395385742,-0.11993941793879215,-0.11993941793879215,-0.000546820957150182,-0.053613532991861355
1774257638.9446354,0.009776592254638672,-0.11851072372718138,-0.11851072372718138,0.0014286942116107648,0.14613417174403448
1774257638.9546854,0.010050058364868164,-0.11897848027606125,-0.11897848027606125,-0.00046775654887987184,-0.04654266989284374
1774257638.9647672,0.010081768035888672,-0.11948902235984045,-0.11948902235984045,-0.0005105420837791946,-0.05064013394890534
1774257638.9762263,0.011459112167358398,-0.11923468354609981,-0.11923468354609981,0.00025433881374063716,0.02219533328813452
1774257638.9853802,0.00915384292602539,-0.1199173647035997,-0.1199173647035997,-0.0006826811574998926,-0.07457864014237718
1774257638.9947016,0.009321451187133789,-0.11949656220429271,-0.11949656220429271,0.0004208024993069964,0.045143453616731014
1774257639.0071864,0.01248478889465332,-0.11955287282885448,-0.11955287282885448,-5.6310624561767275e-05,-0.0045103385437203995
1774257639.015041,0.007854700088500977,-0.11944936508704986,-0.11944936508704986,0.00010350774180462041,0.01317780954566965
1774257639.0249548,0.00991368293762207,-0.11923318098403503,-0.11923318098403503,0.00021618410301482704,0.021806638801652223
1774257639.037329,0.012374162673950195,-0.11906369572917203,-0.11906369572917203,0.0001694852548630027,0.013696704926936122
1774257639.0448313,0.007502317428588867,-0.11909196455291494,-0.11909196455291494,-2.8268823742919058e-05,-0.0037680122191572243
1774257639.0547252,0.00989389419555664,-0.11857791758078365,-0.11857791758078365,0.0005140469721312962,0.05195598032189947
1774257639.0650785,0.010353326797485352,-0.11888009959085957,-0.11888009959085957,-0.00030218201007592427,-0.029186947923764868
1774257639.0748143,0.009735822677612305,-0.1190211327659795,-0.1190211327659795,-0.0001410331751199312,-0.014486004910939827
1774257639.0849097,0.010095357894897461,-0.11910090219232611,-0.11910090219232611,-7.976942634660422e-05,-0.007901594691053244
1774257639.0955358,0.010626077651977539,-0.11919742825659482,-0.11919742825659482,-9.65260642687149e-05,-0.009083884706108013
1774257639.1048572,0.009321451187133789,-0.11959257673476488,-0.11959257673476488,-0.00039514847817005705,-0.04239130476974149
1774257639.1163402,0.011482954025268555,-0.11899143241501774,-0.11899143241501774,0.0006011443197471433,0.052351016857187516
1774257639.125127,0.008786916732788086,-0.11861986780034296,-0.11861986780034296,0.0003715646146747742,0.04228611991829776
1774257639.1351142,0.009987115859985352,-0.11884383293583556,-0.11884383293583556,-0.0002239651354925959,-0.02242540675731426
1774257639.1459544,0.010840177536010742,-0.11977061287226719,-0.11977061287226719,-0.0009267799364316293,-0.08549490387522661
1774257639.1548471,0.00889277458190918,-0.11949009489991405,-0.11949009489991405,0.00028051797235313647,0.03154448251997774
1774257639.1650078,0.010160684585571289,-0.11844926702645299,-0.11844926702645299,0.0010408278734610615,0.10243678609402877
1774257639.1768513,0.011843442916870117,-0.11861110171015875,-0.11861110171015875,-0.00016183468370575826,-0.013664496451047744
1774257639.1853113,0.008460044860839844,-0.11925566013028588,-0.11925566013028588,-0.0006445584201271309,-0.07618853454438355
1774257639.1956797,0.01036834716796875,-0.11927172715451113,-0.11927172715451113,-1.60670242252553e-05,-0.0015496225160063742
1774257639.2078364,0.01215672492980957,-0.11895338659574976,-0.11895338659574976,0.0003183405587613708,0.02618637508041053
1774257639.2151296,0.007293224334716797,-0.11880805582796333,-0.11880805582796333,0.00014533076778643073,0.019926819897015283
1774257639.225254,0.010124444961547852,-0.11936919343576591,-0.11936919343576591,-0.0005611376078025754,-0.055424036570276065
1774257639.2352624,0.01000833511352539,-0.11897845795195977,-0.11897845795195977,0.0003907354838061372,0.039041007257849744
1774257639.2450285,0.009766101837158203,-0.11900850490069731,-0.11900850490069731,-3.004694873753877e-05,-0.003076657323315605
1774257639.255029,0.010000467300415039,-0.11909450897664191,-0.11909450897664191,-8.600407594459847e-05,-0.008600005715835812
1774257639.2653296,0.010300636291503906,-0.1193406535977562,-0.1193406535977562,-0.0002461446211142887,-0.02389605983052832
1774257639.2752705,0.009940862655639648,-0.11916603218665747,-0.11916603218665747,0.0001746214110987243,0.017566021898477606
1774257639.2867036,0.011433124542236328,-0.11920444398145076,-0.11920444398145076,-3.841179479328882e-05,-0.003359693551083757
1774257639.2952483,0.008544683456420898,-0.11914229365157913,-0.11914229365157913,6.215032987162694e-05,0.007273567264206154
1774257639.3058486,0.01060032844543457,-0.11941685543685081,-0.11941685543685081,-0.00027456178527167363,-0.02590125265315944
1774257639.316546,0.010697364807128906,-0.1183855471919393,-0.1183855471919393,0.0010313082449115024,0.09640769138061189
1774257639.3257668,0.00922083854675293,-0.11784395311232196,-0.11784395311232196,0.0005415940796173468,0.05873588143543262
1774257639.3352683,0.009501457214355469,-0.11857797435918639,-0.11857797435918639,-0.000734021246864433,-0.07725354440952723
1774257639.3477917,0.012523412704467773,-0.11958570422414283,-0.11958570422414283,-0.0010077298649564387,-0.08046767193074515
1774257639.3554924,0.007700681686401367,-0.11892662608745522,-0.11892662608745522,0.0006590781366876131,0.08558698613026416
1774257639.365423,0.009930610656738281,-0.11936555051076818,-0.11936555051076818,-0.00043892442331296133,-0.044199137241891076
1774257639.3752742,0.009851217269897461,-0.11865045915648453,-0.11865045915648453,0.0007150913542836451,0.0725891364175636
1774257639.3855898,0.010315656661987305,-0.11890556040838629,-0.11890556040838629,-0.00025510125190175703,-0.02472952137325322
1774257639.3953037,0.009713888168334961,-0.11938842392696516,-0.11938842392696516,-0.00048286351857887433,-0.049708572943314114
1774257639.4053571,0.010053396224975586,-0.11928210200082223,-0.11928210200082223,0.00010632192614293268,0.01057572224984009
1774257639.4159763,0.010619163513183594,-0.11955129799672604,-0.11955129799672604,-0.0002691959959038037,-0.02535001891341059
1774257639.4275508,0.011574506759643555,-0.1200634193672123,-0.1200634193672123,-0.0005121213704862709,-0.044245632329825695
1774257639.4353235,0.007772684097290039,-0.11899037175702322,-0.11899037175702322,0.0010730476101890873,0.1380536757647474
1774257639.445537,0.010213613510131836,-0.11909256209591942,-0.11909256209591942,-0.00010219033889620477,-0.010005307014489304
1774257639.4591758,0.013638734817504883,-0.11957752337780846,-0.11957752337780846,-0.000484961281889032,-0.03555764434004535
1774257639.4657667,0.006590843200683594,-0.11905033492565333,-0.11905033492565333,0.0005271884521551307,0.07998801308161167
1774257639.475503,0.009736299514770508,-0.11880515092112523,-0.11880515092112523,0.00024518400452809563,0.025182463230115082
1774257639.4857757,0.010272741317749023,-0.11809385490715056,-0.11809385490715056,0.0007112960139746688,0.06924111023273863
1774257639.4955087,0.009732961654663086,-0.11877145863772627,-0.11877145863772627,-0.0006776037305757099,-0.06961948013542911
1774257639.5054338,0.009925127029418945,-0.1188938485642573,-0.1188938485642573,-0.00012238992653103298,-0.012331320915919618
1774257639.515458,0.010024309158325195,-0.11917751104794296,-0.11917751104794296,-0.00028366248368565106,-0.028297459625940324
1774257639.5259402,0.010482072830200195,-0.11937209900437848,-0.11937209900437848,-0.00019458795643552407,-0.018563881360840313
1774257639.5356526,0.009712457656860352,-0.11903020201903011,-0.11903020201903011,0.00034189698534836666,0.03520190228133136
1774257639.5457191,0.010066509246826172,-0.11913381026038933,-0.11913381026038933,-0.00010360824135921542,-0.01029237035587899
1774257639.5555005,0.009781360626220703,-0.11869565441841597,-0.11869565441841597,0.00043815584197336166,0.04479497880885874
1774257639.5655816,0.010081052780151367,-0.11969203842403302,-0.11969203842403302,-0.0009963840056170514,-0.09883729679293383
1774257639.5755067,0.009925127029418945,-0.11944098496723485,-0.11944098496723485,0.0002510534567981698,0.025294734873823315
1774257639.5854177,0.009911060333251953,-0.11988620083994787,-0.11988620083994787,-0.00044521587271302565,-0.04492111416366934
1774257639.5958295,0.010411739349365234,-0.11927247556859684,-0.11927247556859684,0.0006137252713510344,0.058945508599238125
1774257639.6055646,0.009735107421875,-0.11978819769389955,-0.11978819769389955,-0.0005157221253027089,-0.052975494049903336
1774257639.6168816,0.011317014694213867,-0.1184261336455809,-0.1184261336455809,0.0013620640483186508,0.12035541926220554
1774257639.625738,0.00885629653930664,-0.11907681064478257,-0.11907681064478257,-0.0006506769992016687,-0.07347055242716728
1774257639.6362152,0.010477304458618164,-0.11936385688721951,-0.11936385688721951,-0.00028704624243694465,-0.0273969553496017
1774257639.645817,0.009601831436157227,-0.11952515806249919,-0.11952515806249919,-0.00016130117527968224,-0.016799000935621193
1774257639.6555967,0.009779691696166992,-0.11865642404225214,-0.11865642404225214,0.00086873402024705,0.0888304097139931
1774257639.6656728,0.010076045989990234,-0.11884016272031576,-0.11884016272031576,-0.00018373867806362187,-0.01823519644969385
1774257639.6756094,0.00993657112121582,-0.11960449773125728,-0.11960449773125728,-0.0007643350109415165,-0.0769214049411437
1774257639.6856675,0.010058164596557617,-0.11957902240401068,-0.11957902240401068,2.5475327246601842e-05,0.002532800791043001
1774257639.6956348,0.009967327117919922,-0.12017281016331202,-0.12017281016331202,-0.0005937877593013424,-0.059573419461050034
1774257639.705697,0.010062217712402344,-0.11885852797548961,-0.11885852797548961,0.0013142821878224104,0.1306155586558688
1774257639.715667,0.009969949722290039,-0.1192107262505811,-0.1192107262505811,-0.00035219827509148927,-0.03532598306930994
1774257639.7262018,0.01053476333618164,-0.11932396022065078,-0.11932396022065078,-0.00011323397006968161,-0.010748601222087218
1774257639.7380087,0.011806964874267578,-0.11939107995017194,-0.11939107995017194,-6.711972952115619e-05,-0.005684757279784813
1774257639.745886,0.007877349853515625,-0.11926503781891354,-0.11926503781891354,0.0001260421312583998,0.016000575523778187
1774257639.7559109,0.010024785995483398,-0.11943586948197842,-0.11943586948197842,-0.00017083166306487707,-0.01704092866838695
1774257639.7687418,0.012830972671508789,-0.11921374032705699,-0.11921374032705699,0.00022212915492142438,0.017311949811463848
1774257639.7760103,0.007268428802490234,-0.11868639830100637,-0.11868639830100637,0.0005273420260506201,0.07255240993348488
1774257639.7860477,0.010037422180175781,-0.11839183637000408,-0.11839183637000408,0.0002945619310022879,0.02934637257602423
1774257639.7989058,0.012858152389526367,-0.11963051053707427,-0.11963051053707427,-0.0012386741670701862,-0.09633376005709425
1774257639.8058887,0.0069828033447265625,-0.12077620162242714,-0.12077620162242714,-0.001145691085352868,-0.16407322801351665
1774257639.8159864,0.010097742080688477,-0.11962886247134884,-0.11962886247134884,0.0011473391510782999,0.1136233369708006
1774257639.8280897,0.01210331916809082,-0.11911923352482838,-0.11911923352482838,0.0005096289465204573,0.04210654444807525
1774257639.8373516,0.009261846542358398,-0.11891479627211456,-0.11891479627211456,0.00020443725271382385,0.022073055494802745
1774257639.8464887,0.009137153625488281,-0.11981920313898212,-0.11981920313898212,-0.0009044068668675603,-0.09898124776458814
1774257639.8564842,0.009995460510253906,-0.11881939994853434,-0.11881939994853434,0.000999803190447776,0.10002572562035753
1774257639.865964,0.009479761123657227,-0.11822416065619738,-0.11822416065619738,0.0005952392923369576,0.06279053707919999
1774257639.8760302,0.01006627082824707,-0.11955302578588252,-0.11955302578588252,-0.0013288651296851361,-0.13201166075883766
1774257639.8864295,0.010399341583251953,-0.11931640654558724,-0.11931640654558724,0.00023661924029527714,0.022753290523349123
1774257639.8959606,0.009531021118164062,-0.1193125212858318,-0.1193125212858318,3.8852597554484e-06,0.00040764359949260173
1774257639.9060774,0.010116815567016602,-0.1194694590211634,-0.1194694590211634,-0.00015693773533161093,-0.015512562652942687
1774257639.9162657,0.01018834114074707,-0.11967934012259192,-0.11967934012259192,-0.00020988110142851346,-0.020600125037933674
1774257639.9260085,0.00974273681640625,-0.11899957439044291,-0.11899957439044291,0.0006797657321490069,0.06977153801427928
1774257639.9361622,0.010153770446777344,-0.11840020387954261,-0.11840020387954261,0.0005993705109002961,0.05902935407511871
1774257639.9463162,0.010154008865356445,-0.11942880796512616,-0.11942880796512616,-0.0010286040855835427,-0.10130029422102879
1774257639.956553,0.010236740112304688,-0.11942928778253428,-0.11942928778253428,-4.798174081249718e-07,-4.68720904175564e-05
1774257639.9662623,0.009709358215332031,-0.11969951036564136,-0.11969951036564136,-0.00027022258310707703,-0.027831147756024594
1774257639.9765549,0.010292530059814453,-0.12009896750935393,-0.12009896750935393,-0.00039945714371257546,-0.038810393692430625
1774257639.9858432,0.009288311004638672,-0.1184895178485248,-0.1184895178485248,0.0016094496608291403,0.17327689178639322
1774257639.998238,0.012394905090332031,-0.11907142664321364,-0.11907142664321364,-0.0005819087946888485,-0.04694741835036193
1774257640.006108,0.007869958877563477,-0.11990133441306554,-0.11990133441306554,-0.0008299077698518953,-0.1054526183380558
1774257640.016363,0.010254859924316406,-0.1183852488876172,-0.1183852488876172,0.001516085525448338,0.14784068594183172
1774257640.026332,0.009968996047973633,-0.11892378023446513,-0.11892378023446513,-0.0005385313468479341,-0.054020619955747674
1774257640.0361254,0.009793519973754883,-0.11982145240074271,-0.11982145240074271,-0.0008976721662775772,-0.0916598085962146
1774257640.0462098,0.010084390640258789,-0.11993802799329487,-0.11993802799329487,-0.00011657559255215388,-0.011560003644321566
1774257640.056656,0.01044607162475586,-0.11975413184528202,-0.11975413184528202,0.00018389614801284093,0.017604335353878914
1774257640.066419,0.009763002395629883,-0.11894401876316116,-0.11894401876316116,0.0008101130821208669,0.08297786370343306
1774257640.0769181,0.010499238967895508,-0.11889412167738238,-0.11889412167738238,4.989708577878005e-05,0.004752447861350234
1774257640.086139,0.00922083854675293,-0.11956230723499078,-0.11956230723499078,-0.0006681855576084056,-0.07246472804186596
1774257640.0962963,0.010157346725463867,-0.11949414701173251,-0.11949414701173251,6.816022325827065e-05,0.006710435815624665
1774257640.106213,0.00991678237915039,-0.11926207764690691,-0.11926207764690691,0.0002320693648256017,0.023401679693356745
1774257640.115961,0.009747982025146484,-0.11923978716554344,-0.11923978716554344,2.2290481363471115e-05,0.0022866764942702233
1774257640.1260474,0.010086297988891602,-0.11906339128695152,-0.11906339128695152,0.0001763958785919173,0.017488664204268835
1774257640.1375985,0.011551141738891602,-0.1191098005508152,-0.1191098005508152,-4.640926386367816e-05,-0.004017720924280806
1774257640.146348,0.00874948501586914,-0.1192642350654904,-0.1192642350654904,-0.0001544345146752002,-0.017650697657644855
1774257640.1561298,0.009781837463378906,-0.11866976916482762,-0.11866976916482762,0.0005944659006627828,0.06077241652075443
1774257640.168849,0.012719154357910156,-0.11898657077992435,-0.11898657077992435,-0.000316801615096729,-0.02490744322948697
1774257640.1766422,0.0077931880950927734,-0.11880575316198469,-0.11880575316198469,0.00018081761793965756,0.02320200869442829
1774257640.186658,0.010015726089477539,-0.11980030457350604,-0.11980030457350604,-0.000994551411521355,-0.09929898268346461
1774257640.1983993,0.011741399765014648,-0.11927001768945814,-0.11927001768945814,0.0005302868840479091,0.04516385564419521
1774257640.2062278,0.007828474044799805,-0.11885127166376501,-0.11885127166376501,0.0004187460256931258,0.05349012122883449
1774257640.2162201,0.009992361068725586,-0.11847720980782796,-0.11847720980782796,0.0003740618559370523,0.03743478176622372
1774257640.2264621,0.010241985321044922,-0.11948524648289235,-0.11948524648289235,-0.001008036675064397,-0.09842199958958286
1774257640.236482,0.010019779205322266,-0.1190716016040629,-0.1190716016040629,0.00041364487882945833,0.0412828337185055
1774257640.2471764,0.010694503784179688,-0.1196884902119177,-0.1196884902119177,-0.0006168886078548041,-0.057682770543067516
1774257640.2568057,0.009629249572753906,-0.11897157826602553,-0.11897157826602553,0.0007169119458921708,0.07445148663720202
1774257640.2663848,0.009579181671142578,-0.11949817150100045,-0.11949817150100045,-0.0005265932349749203,-0.054972674394650006
1774257640.2776868,0.011301994323730469,-0.11922039135960451,-0.11922039135960451,0.00027778014139594187,0.02457797565980855
1774257640.2866225,0.008935689926147461,-0.11928506254092802,-0.11928506254092802,-6.467118132351402e-05,-0.0072374021321257274
1774257640.2963848,0.009762287139892578,-0.11932412618931368,-0.11932412618931368,-3.906364838565657e-05,-0.004001485289858665
1774257640.306314,0.009929180145263672,-0.11905592577154965,-0.11905592577154965,0.0002682004177640279,0.027011335663192946
1774257640.3164449,0.010130882263183594,-0.11862467569689257,-0.11862467569689257,0.0004312500746570802,0.042567869555080726
1774257640.326337,0.00989222526550293,-0.11930362861063648,-0.11930362861063648,-0.0006789529137439104,-0.06863500330017928
1774257640.3381295,0.011792421340942383,-0.11944239347923045,-0.11944239347923045,-0.00013876486859397408,-0.011767292278829378
1774257640.346546,0.008416414260864258,-0.11944143576171462,-0.11944143576171462,9.577175158342888e-07,0.00011379163217851678
1774257640.3564634,0.009917497634887695,-0.1194401665040934,-0.1194401665040934,1.2692576212142148e-06,0.0001279816409281743
1774257640.3688521,0.01238870620727539,-0.11977721258875747,-0.11977721258875747,-0.00033704608466406105,-0.027205914727893653
1774257640.376244,0.007391929626464844,-0.11945188073904126,-0.11945188073904126,0.0003253318497162122,0.04401176230783472
1774257640.3868942,0.010650157928466797,-0.11907427094049117,-0.11907427094049117,0.00037760979855008814,0.035455793340000645
1774257640.396346,0.009451866149902344,-0.11936336405404453,-0.11936336405404453,-0.0002890931135533653,-0.03058582389641142
1774257640.4062643,0.009918212890625,-0.11844281064156201,-0.11844281064156201,0.0009205534124825249,0.09281444375454577
1774257640.416609,0.010344743728637695,-0.11814887435760969,-0.11814887435760969,0.00029393628395231464,0.028414071113100764
1774257640.4268544,0.010245323181152344,-0.11933577189165788,-0.11933577189165788,-0.0011868975340481869,-0.1158477397991354
1774257640.4366863,0.009831905364990234,-0.11932541318903388,-0.11932541318903388,1.0358702624002625e-05,0.001053580383400376
1774257640.4464767,0.009790420532226562,-0.11958953482828893,-0.11958953482828893,-0.0002641216392550577,-0.026977558153468868
1774257640.456515,0.010038375854492188,-0.11916136322922481,-0.11916136322922481,0.0004281715990641227,0.042653473556931554
1774257640.4664485,0.0099334716796875,-0.12004416338910821,-0.12004416338910821,-0.0008828001598834012,-0.08887126156393023
1774257640.4770904,0.010641813278198242,-0.11896144570876219,-0.11896144570876219,0.0010827176803460264,0.1017418415491444
1774257640.4896073,0.012516975402832031,-0.11932637525806755,-0.11932637525806755,-0.00036492954930536503,-0.02915477082608933
1774257640.4965897,0.006982326507568359,-0.11902635899714299,-0.11902635899714299,0.0003000162609245599,0.04296795066792752
1774257640.5064566,0.009866952896118164,-0.11822669466224929,-0.11822669466224929,0.0007996643348937016,0.08104470988285592
1774257640.5167756,0.010318994522094727,-0.11855739467297073,-0.11855739467297073,-0.00033070001072144084,-0.03204769709038567
1774257640.526634,0.009858369827270508,-0.11877321536071514,-0.11877321536071514,-0.00021582068774440855,-0.021892127352272698
1774257640.5380101,0.011376142501831055,-0.11979657313132414,-0.11979657313132414,-0.0010233577706089958,-0.0899564830911955
1774257640.5467587,0.008748531341552734,-0.1199416779252645,-0.1199416779252645,-0.0001451047939403649,-0.016586188958501343
1774257640.5570047,0.010246038436889648,-0.11877689386156874,-0.11877689386156874,0.001164784063695759,0.11368140680617515
1774257640.566794,0.009789228439331055,-0.11979437589457989,-0.11979437589457989,-0.0010174820330111495,-0.10393894057299974
1774257640.5766418,0.009847879409790039,-0.11939868406326705,-0.11939868406326705,0.0003956918313128416,0.04018040989814252
1774257640.5872102,0.010568380355834961,-0.11963418988381658,-0.11963418988381658,-0.00023550582054952807,-0.022284003094145053
1774257640.5974057,0.010195493698120117,-0.11909852533111669,-0.11909852533111669,0.000535664552699891,0.05253934420053232
1774257640.6069157,0.009510040283203125,-0.11911543031818136,-0.11911543031818136,-1.6904987064678134e-05,-0.0017775936338078559
1774257640.6169405,0.010024785995483398,-0.11928838200380192,-0.11928838200380192,-0.00017295168562055097,-0.017252406754465703
1774257640.6268196,0.009879112243652344,-0.11928373601039446,-0.11928373601039446,4.645993407451088e-06,0.00047028450460579515
1774257640.6367598,0.009940147399902344,-0.11911174828596884,-0.11911174828596884,0.00017198772442562904,0.017302331394735526
1774257640.6469946,0.010234832763671875,-0.11868626863777518,-0.11868626863777518,0.0004254796481936579,0.041571724523323986
1774257640.657073,0.01007843017578125,-0.11898106703496078,-0.11898106703496078,-0.00029479839718560275,-0.02925042809682916
1774257640.667444,0.010370969772338867,-0.11945580528279073,-0.11945580528279073,-0.00047473824782995333,-0.045775685230147
1774257640.682449,0.015005111694335938,-0.11839470715859672,-0.11839470715859672,0.0010610981241940126,0.07071577645067122
1774257640.6868238,0.00437474250793457,-0.11940123668996463,-0.11940123668996463,-0.001006529531367914,-0.23007743416723347
1774257640.6972697,0.010445833206176758,-0.11920597989140007,-0.11920597989140007,0.00019525679856456646,0.018692314410027968
1774257640.7085996,0.011329889297485352,-0.11871188891051355,-0.11871188891051355,0.0004940909808865135,0.04360951531946354
1774257640.7169402,0.008340597152709961,-0.11885635526437731,-0.11885635526437731,-0.00014446635386375362,-0.017320864587832868
1774257640.7268376,0.009897470474243164,-0.11855420118355589,-0.11855420118355589,0.0003021540808214179,0.030528414467891903
1774257640.738569,0.011731386184692383,-0.11798531241062243,-0.11798531241062243,0.0005688887729334569,0.048492886004875314
1774257640.7467623,0.008193254470825195,-0.11901003095519355,-0.11901003095519355,-0.0010247185445711182,-0.1250685607556764
1774257640.7568362,0.01007390022277832,-0.1187590815632065,-0.1187590815632065,0.00025094939198705424,0.024910847480862176
1774257640.7669253,0.01008915901184082,-0.11981043928450082,-0.11981043928450082,-0.0010513577212943187,-0.10420667570611447
1774257640.7768018,0.009876489639282227,-0.11970983735795465,-0.11970983735795465,0.00010060192654616495,0.010186000311895857
1774257640.786916,0.010114192962646484,-0.11875196866141224,-0.11875196866141224,0.0009578686965424077,0.09470540062662314
1774257640.7970555,0.01013946533203125,-0.11944218190039557,-0.11944218190039557,-0.0006902132389833282,-0.06807195610234973
1774257640.806998,0.00994253158569336,-0.1193162053256059,-0.1193162053256059,0.00012597657478967406,0.012670472676289605
1774257640.8176892,0.010691165924072266,-0.1188898904827306,-0.1188898904827306,0.0004263148428752944,0.03987543041637792
1774257640.8269246,0.009235382080078125,-0.11914419765851923,-0.11914419765851923,-0.00025430717578862894,-0.027536183515049294
1774257640.8370757,0.010151147842407227,-0.11931539211419806,-0.11931539211419806,-0.00017119445567882752,-0.016864541659382507
1774257640.8470361,0.009960412979125977,-0.11873319607264651,-0.11873319607264651,0.000582196041551547,0.05845099422801589
1774257640.8572755,0.010239362716674805,-0.1194031442733965,-0.1194031442733965,-0.0006699482007499896,-0.06542870091504609
1774257640.8669033,0.009627819061279297,-0.11957628904797321,-0.11957628904797321,-0.0001731447745767084,-0.017983800222529503
1774257640.8769858,0.010082483291625977,-0.11847911323420766,-0.11847911323420766,0.0010971758137655468,0.10881999821183022
1774257640.8873003,0.010314464569091797,-0.11876665153928286,-0.11876665153928286,-0.0002875383050751912,-0.02787719160302563
1774257640.8971972,0.009896993637084961,-0.11918767638838369,-0.11918767638838369,-0.00042102484910083726,-0.042540680992581195
1774257640.9073706,0.010173320770263672,-0.11849757211455869,-0.11849757211455869,0.0006901042738250013,0.06783471094730016
1774257640.917307,0.009936332702636719,-0.11917684668274885,-0.11917684668274885,-0.0006792745681901552,-0.06836270367737404
1774257640.9277318,0.01042485237121582,-0.11888030160941858,-0.11888030160941858,0.0002965450733302677,0.028445973407648602
1774257640.9370635,0.009331703186035156,-0.11958027764068968,-0.11958027764068968,-0.0006999760312711018,-0.07501053315954286
1774257640.9475348,0.010471343994140625,-0.11976662264119853,-0.11976662264119853,-0.0001863450005088474,-0.01779570995023362
1774257640.9584548,0.010920047760009766,-0.11874312374714806,-0.11874312374714806,0.0010234988940504702,0.09372659502448503
1774257640.967254,0.008799076080322266,-0.11829605048368756,-0.11829605048368756,0.0004470732634604957,0.05080911443194632
1774257640.9774442,0.010190248489379883,-0.11845914754373207,-0.11845914754373207,-0.00016309706004451197,-0.016005209315012207
1774257640.9884613,0.011017084121704102,-0.12016028186899724,-0.12016028186899724,-0.001701134325265169,-0.15440876247044946
1774257640.997185,0.008723735809326172,-0.11901275607726777,-0.11901275607726777,0.0011475257917294701,0.131540640020609
1774257641.0079217,0.010736703872680664,-0.11875805655546919,-0.11875805655546919,0.00025469952179858757,0.023722319700617393
1774257641.0201316,0.012209892272949219,-0.11882319403916644,-0.11882319403916644,-6.51374836972557e-05,-0.005334812317842192
1774257641.0271268,0.006995201110839844,-0.11884430839094698,-0.11884430839094698,-2.1114351780537888e-05,-0.0030184052532555277
1774257641.037608,0.010481119155883789,-0.11869913069797261,-0.11869913069797261,0.00014517769297436867,0.013851354117357804
1774257641.047356,0.009747982025146484,-0.11982819691695966,-0.11982819691695966,-0.0011290662189870487,-0.11582563612391171
1774257641.0572731,0.009917259216308594,-0.11838329648085893,-0.11838329648085893,0.001444900436100724,0.1456955399254498
1774257641.0674982,0.010225057601928711,-0.11845213439637896,-0.11845213439637896,-6.883791552002305e-05,-0.0067322765504067615
1774257641.0779107,0.010412454605102539,-0.11804642359141584,-0.11804642359141584,0.0004057108049631136,0.03896399267510836
1774257641.0874202,0.009509563446044922,-0.11894758651407174,-0.11894758651407174,-0.0009011629226558932,-0.09476385827476566
1774257641.0973988,0.009978532791137695,-0.11873182634596131,-0.11873182634596131,0.00021576016811042376,0.021622434142026206
1774257641.1073534,0.009954690933227539,-0.11943125895311821,-0.11943125895311821,-0.000699432607156894,-0.07026160951137857
1774257641.1172266,0.009873151779174805,-0.11895704961570217,-0.11895704961570217,0.00047420933741604276,0.04803018813265697
1774257641.1273422,0.010115623474121094,-0.11813326097460822,-0.11813326097460822,0.0008237886410939477,0.0814372582373647
1774257641.1375105,0.010168313980102539,-0.11836591313541929,-0.11836591313541929,-0.00023265216081107265,-0.022880111812669118
1774257641.1477804,0.010269880294799805,-0.11942357971491939,-0.11942357971491939,-0.0010576665795000995,-0.10298723540484238
1774257641.15737,0.009589672088623047,-0.11891665386982153,-0.11891665386982153,0.0005069258450978581,0.052861645363167585
1774257641.1674137,0.010043621063232422,-0.11898323773745424,-0.11898323773745424,-6.658386763271074e-05,-0.006629468317603123
1774257641.177351,0.009937286376953125,-0.11851078131959672,-0.11851078131959672,0.00047245641785752246,0.0475438062199011
1774257641.18751,0.010159015655517578,-0.11840613544574534,-0.11840613544574534,0.00010464587385138058,0.010300788718102347
1774257641.1972384,0.009728431701660156,-0.11933967073955827,-0.11933967073955827,-0.0009335352938129315,-0.09595948478043216
1774257641.2075841,0.010345697402954102,-0.11888279981783126,-0.11888279981783126,0.00045687092172701227,0.04416047598652535
1774257641.2174702,0.009886026382446289,-0.11914009560231582,-0.11914009560231582,-0.00025729578448456525,-0.026026208562564813
1774257641.2274196,0.009949445724487305,-0.11885693438419061,-0.11885693438419061,0.00028316121812521633,0.028459999276975567
1774257641.2375524,0.010132789611816406,-0.11971763427740105,-0.11971763427740105,-0.0008606998932104426,-0.08494204717393253
1774257641.2496347,0.012082338333129883,-0.1192213971467125,-0.1192213971467125,0.0004962371306885538,0.041071282479142886
1774257641.257386,0.0077512264251708984,-0.11883836667236082,-0.11883836667236082,0.0003830304743516755,0.04941546709406447
1774257641.2674656,0.010079622268676758,-0.11910279588688835,-0.11910279588688835,-0.0002644292145275312,-0.026234040074028013
1774257641.2795935,0.012127876281738281,-0.11988196172186227,-0.11988196172186227,-0.0007791658349739217,-0.06424585944590823
1774257641.287482,0.007888555526733398,-0.11894773947371058,-0.11894773947371058,0.0009342222481516921,0.11842754291146476
1774257641.297498,0.01001596450805664,-0.11913767660294647,-0.11913767660294647,-0.00018993712923588701,-0.01896343872655553
1774257641.307713,0.010215044021606445,-0.11900780078832729,-0.11900780078832729,0.00012987581461917919,0.01271417081947676
1774257641.3175113,0.009798288345336914,-0.11943548900088129,-0.11943548900088129,-0.0004276882125539977,-0.043649278065748906
1774257641.3274255,0.009914159774780273,-0.11842310981120382,-0.11842310981120382,0.001012379189677462,0.10211447189430627
1774257641.3377993,0.010373830795288086,-0.11913115423139733,-0.11913115423139733,-0.0007080444201935099,-0.06825293704569693
1774257641.3474112,0.009611845016479492,-0.11933311720238425,-0.11933311720238425,-0.00020196297098691585,-0.02101188384130733
1774257641.3579693,0.010558128356933594,-0.12010536868384435,-0.12010536868384435,-0.0007722514814600956,-0.07314283889653159
1774257641.3677263,0.009757041931152344,-0.11861599697274657,-0.11861599697274657,0.001489371711097781,0.15264582458567755
1774257641.3775017,0.009775400161743164,-0.11889100777803524,-0.11889100777803524,-0.00027501080528867516,-0.028132946041938278
1774257641.3875666,0.010064840316772461,-0.11892533134105752,-0.11892533134105752,-3.432356302228434e-05,-0.0034102441709965487
1774257641.3977044,0.010137796401977539,-0.11969412101280341,-0.11969412101280341,-0.000768789671745887,-0.07583400191346536
1774257641.407579,0.009874582290649414,-0.11918068657258564,-0.11918068657258564,0.0005134344402177721,0.05199556043033446
1774257641.4176245,0.010045528411865234,-0.11923158109053925,-0.11923158109053925,-5.089451795360633e-05,-0.0050663853474838105
1774257641.4277449,0.010120391845703125,-0.11911890122407864,-0.11911890122407864,0.00011267986646060213,0.011133943050677756
1774257641.4376168,0.009871959686279297,-0.11910510855096797,-0.11910510855096797,1.379267311067689e-05,0.0013971565473314138
1774257641.4482558,0.010638952255249023,-0.11851503235144749,-0.11851503235144749,0.0005900761995204784,0.05546375106903482
1774257641.4575932,0.009337425231933594,-0.11883342264249122,-0.11883342264249122,-0.0003183902910437325,-0.03409829617214512
1774257641.4679604,0.010367155075073242,-0.11858210974830553,-0.11858210974830553,0.00025131289418568736,0.024241259281434245
1774257641.479429,0.011468648910522461,-0.11866036905844199,-0.11866036905844199,-7.825931013645537e-05,-0.006823760213345848
1774257641.4879286,0.008499622344970703,-0.11903667066050702,-0.11903667066050702,-0.00037630160206503227,-0.04427274375169069
1774257641.497692,0.009763479232788086,-0.1188184691047917,-0.1188184691047917,0.00021820155571532218,0.02234874991924492
1774257641.5100725,0.012380361557006836,-0.11939524692289223,-0.11939524692289223,-0.0005767778181005323,-0.04658812389643798
1774257641.517791,0.007718563079833984,-0.11847509814063145,-0.11847509814063145,0.0009201487822607796,0.1192124457290269
1774257641.5278497,0.01005864143371582,-0.11849843071042519,-0.11849843071042519,-2.3332569793740876e-05,-0.0023196541946044354
1774257641.538239,0.010389328002929688,-0.11854825803092753,-0.11854825803092753,-4.982732050233529e-05,-0.004796009952547892
1774257641.5481803,0.009941339492797852,-0.11944514566560634,-0.11944514566560634,-0.0008968876346788085,-0.09021798675405582
1774257641.5578706,0.009690284729003906,-0.11888433831195502,-0.11888433831195502,0.0005608073536513131,0.05787315536485378
1774257641.5684266,0.01055598258972168,-0.11895019638395486,-0.11895019638395486,-6.585807199983862e-05,-0.006238933366938704
1774257641.5778077,0.00938105583190918,-0.11907014177871557,-0.11907014177871557,-0.00011994539476070654,-0.012785916309411402
1774257641.5878277,0.010020017623901367,-0.118875706410687,-0.118875706410687,0.00019443536802857264,0.01940469321778177
1774257641.597855,0.010027408599853516,-0.11898860867377278,-0.11898860867377278,-0.00011290226308578732,-0.011259365962950452
1774257641.6081629,0.010307788848876953,-0.12024185370390865,-0.12024185370390865,-0.001253245030135866,-0.12158233434054179
1774257641.6199272,0.011764287948608398,-0.11906985603171179,-0.11906985603171179,0.0011719976721968617,0.09962334119299568
1774257641.6281137,0.008186578750610352,-0.11960278005863079,-0.11960278005863079,-0.0005329240269189989,-0.0650972821679956
1774257641.6380904,0.009976625442504883,-0.11922075204825688,-0.11922075204825688,0.00038202801037390266,0.03829230761197996
1774257641.650067,0.01197671890258789,-0.11878617464242223,-0.11878617464242223,0.0004345774058346491,0.03628518038782283
1774257641.6579082,0.007841110229492188,-0.11870114564631493,-0.11870114564631493,8.502899610730863e-05,0.010843999589177481
1774257641.6687155,0.010807275772094727,-0.11965108591573094,-0.11965108591573094,-0.0009499402694160136,-0.0878982168539492
1774257641.6804419,0.01172637939453125,-0.11955804645264619,-0.11955804645264619,9.303946308475419e-05,0.007934202020458622
1774257641.6879294,0.00748753547668457,-0.11912149014826372,-0.11912149014826372,0.0004365563043824683,0.05830440546717415
1774257641.6978536,0.009924173355102539,-0.11928226821560527,-0.11928226821560527,-0.0001607780673415493,-0.016200650833944254
1774257641.7080958,0.010242223739624023,-0.11986686823815011,-0.11986686823815011,-0.0005846000225448456,-0.057077450894106846
1774257641.7180934,0.00999760627746582,-0.11989329096070307,-0.11989329096070307,-2.6422722552960076e-05,-0.002642904893395909
1774257641.7278802,0.009786844253540039,-0.1193583457347771,-0.1193583457347771,0.0005349452259259674,0.05465962388565346
1774257641.737825,0.009944677352905273,-0.11969612779804387,-0.11969612779804387,-0.00033778206326676163,-0.033966115870826194
1774257641.7478874,0.010062456130981445,-0.11860947563299869,-0.11860947563299869,0.0010866521650451794,0.10799074807386935
1774257641.758891,0.011003732681274414,-0.11944425011192208,-0.11944425011192208,-0.0008347744789233974,-0.0758628460998488
1774257641.7682278,0.009336709976196289,-0.11962844838619036,-0.11962844838619036,-0.0001841982742682713,-0.019728391985815157
1774257641.7785017,0.010273933410644531,-0.11912953014485844,-0.11912953014485844,0.0004989182413319138,0.048561560737292564
1774257641.7900462,0.011544466018676758,-0.11907180877322855,-0.11907180877322855,5.772137162989022e-05,0.004999916976368416
1774257641.7980194,0.007973194122314453,-0.11870793503893802,-0.11870793503893802,0.0003638737342905318,0.045637134717711705
1774257641.8081741,0.01015472412109375,-0.1189235258479391,-0.1189235258479391,-0.00021559080900107608,-0.021230592424785158
1774257641.8206239,0.01244974136352539,-0.1189670985393425,-0.1189670985393425,-4.357269140339848e-05,-0.003499887277261478
1774257641.8281417,0.007517814636230469,-0.11912476704873906,-0.11912476704873906,-0.0001576685093965663,-0.02097265189762957
1774257641.8381581,0.010016441345214844,-0.1192934320799056,-0.1192934320799056,-0.00016866503116653997,-0.01683881783495057
1774257641.848047,0.009888887405395508,-0.11949679023417423,-0.11949679023417423,-0.00020335815426862636,-0.02056431082000908
1774257641.8579803,0.009933233261108398,-0.11950566267090189,-0.11950566267090189,-8.872436727661026e-06,-0.0008932073268025719
1774257641.8682523,0.010272026062011719,-0.118512077492712,-0.118512077492712,0.0009935851781898847,0.09672728361392967
1774257641.8781815,0.009929180145263672,-0.11782491779270272,-0.11782491779270272,0.0006871597000092794,0.0692060865002094
1774257641.888576,0.010394573211669922,-0.11914107880284576,-0.11914107880284576,-0.0013161610101430354,-0.12662001443843696
1774257641.8980784,0.009502410888671875,-0.11870739321608109,-0.11870739321608109,0.00043368558676466773,0.045639532098288665
1774257641.9083493,0.010270833969116211,-0.11944494001527843,-0.11944494001527843,-0.0007375467991973389,-0.0718098259026578
1774257641.9182022,0.009852886199951172,-0.11941988224739496,-0.11941988224739496,2.5057767883474025e-05,0.002543190632161996
1774257641.929604,0.011401891708374023,-0.11934167307180117,-0.11934167307180117,7.820917559378526e-05,0.0068593157691846166
1774257641.9384186,0.008814573287963867,-0.11942100706450064,-0.11942100706450064,-7.933399269946517e-05,-0.009000321411791338
1774257641.9480681,0.009649515151977539,-0.11945552001601317,-0.11945552001601317,-3.451295151253586e-05,-0.0035766513621632995
1774257641.9589577,0.010889530181884766,-0.11944425126150894,-0.11944425126150894,1.1268754504231704e-05,0.0010348246725077079
1774257641.9682517,0.00929403305053711,-0.11944142350694008,-0.11944142350694008,2.8277545688626393e-06,0.0003042548432404403
1774257641.979236,0.010984182357788086,-0.11931391459752577,-0.11931391459752577,0.00012750890941430615,0.01160841155590419
1774257641.990262,0.011026144027709961,-0.11954448572409254,-0.11954448572409254,-0.0002305711265667698,-0.020911310970300967
1774257641.998299,0.00803685188293457,-0.11939981861384995,-0.11939981861384995,0.00014466711024259393,0.018000469879229663
1774257642.0086236,0.010324716567993164,-0.12011614128585371,-0.12011614128585371,-0.0007163226720037635,-0.06937940303604834
1774257642.0188768,0.010253190994262695,-0.11916288383416919,-0.11916288383416919,0.0009532574516845221,0.09297178334217412
1774257642.0282044,0.00932765007019043,-0.1187923116561418,-0.1187923116561418,0.00037057217802738407,0.03972835336219025
1774257642.038306,0.010101556777954102,-0.11865763419969201,-0.11865763419969201,0.00013467745644979434,0.013332346628365035
1774257642.0486543,0.010348320007324219,-0.11970483687782489,-0.11970483687782489,-0.0010472026781328803,-0.10119542857117897
1774257642.0581605,0.0095062255859375,-0.11940309043345895,-0.11940309043345895,0.00030174644436593845,0.03174198230813185
1774257642.068546,0.010385513305664062,-0.11928773206748053,-0.11928773206748053,0.00011535836597842408,0.011107622953552986
1774257642.0784714,0.009925365447998047,-0.118624737101209,-0.118624737101209,0.0006629949662715351,0.0667980408122163
1774257642.0885754,0.010103940963745117,-0.11908573969021169,-0.11908573969021169,-0.00046100258900269586,-0.04562601767536665
1774257642.0988564,0.010281085968017578,-0.11869092892871466,-0.11869092892871466,0.00039481076149702754,0.03840165938940746
1774257642.1090438,0.010187387466430664,-0.11952045875050232,-0.11952045875050232,-0.0008295298217876612,-0.08142713963919761
1774257642.1184003,0.009356498718261719,-0.12012848716870925,-0.12012848716870925,-0.000608028418206924,-0.06498460979000546
1774257642.1284482,0.01004791259765625,-0.11889353743280896,-0.11889353743280896,0.0012349497359002842,0.12290609854511925
1774257642.1391087,0.010660409927368164,-0.11931625873830898,-0.11931625873830898,-0.0004227213055000151,-0.03965338184742547
1774257642.1483479,0.00923919677734375,-0.11880331475883422,-0.11880331475883422,0.0005129439794747531,0.05551824382965718
1774257642.1584108,0.010062932968139648,-0.1191406772545092,-0.1191406772545092,-0.000337362495674981,-0.03352526512331024
1774257642.1683497,0.009938955307006836,-0.1190128440984702,-0.1190128440984702,0.0001278331560390089,0.01286183025180606
1774257642.178294,0.00994420051574707,-0.11926128328595705,-0.11926128328595705,-0.00024843918748684857,-0.02498332441038718
1774257642.1885521,0.010258197784423828,-0.11843495879471122,-0.11843495879471122,0.0008263244912458251,0.08055259886883115
1774257642.1986141,0.010061979293823242,-0.11924048410184644,-0.11924048410184644,-0.0008055253071352214,-0.08005634712741956
1774257642.209331,0.010716915130615234,-0.12034651382195313,-0.12034651382195313,-0.001106029720106691,-0.10320411299582591
1774257642.2184107,0.009079694747924805,-0.11958790671648833,-0.11958790671648833,0.000758607105464798,0.08354984683137946
1774257642.2286117,0.010200977325439453,-0.11937572966517375,-0.11937572966517375,0.00021217705131458542,0.020799678750922517
1774257642.238625,0.010013341903686523,-0.11986031733543095,-0.11986031733543095,-0.0004845876702572055,-0.048394199950248296
1774257642.248291,0.009665966033935547,-0.11928308572299998,-0.11928308572299998,0.0005772316124309784,0.059717943390698594
1774257642.258358,0.010066986083984375,-0.11864342737975031,-0.11864342737975031,0.0006396583432496661,0.06354020338493387
1774257642.268797,0.010438919067382812,-0.11810982483573529,-0.11810982483573529,0.0005336025440150216,0.05111664728604927
1774257642.278444,0.009647130966186523,-0.11911111463124448,-0.11911111463124448,-0.0010012897955091887,-0.10379145872682136
1774257642.288845,0.010401010513305664,-0.11907911332975267,-0.11907911332975267,3.2001301491807466e-05,0.0030767492688204934
1774257642.300512,0.011667013168334961,-0.1186566223712769,-0.1186566223712769,0.00042249095847576856,0.0362124352119904
1774257642.3092976,0.008785486221313477,-0.11861420395635888,-0.11861420395635888,4.241841491801901e-05,0.004828237601137257
1774257642.3186374,0.00933980941772461,-0.11823997597901753,-0.11823997597901753,0.0003742279773413515,0.04006805284818349
1774257642.3310683,0.012430906295776367,-0.11930609081738167,-0.11930609081738167,-0.001066114838364135,-0.08576324308118768
1774257642.3386092,0.00754094123840332,-0.11936135453480659,-0.11936135453480659,-5.526371742492486e-05,-0.007328490658896331
1774257642.3485146,0.009905338287353516,-0.11850942663467508,-0.11850942663467508,0.0008519279001315133,0.08600694649865707
1774257642.3587737,0.010259151458740234,-0.11950795128046367,-0.11950795128046367,-0.00099852464578859,-0.09733013980780074
1774257642.3686273,0.009853601455688477,-0.11776110957462103,-0.11776110957462103,0.0017468417058426333,0.17727951690538316
1774257642.3787603,0.010133028030395508,-0.11915365745111968,-0.11915365745111968,-0.0013925478764986454,-0.1374266282814469
1774257642.389383,0.010622739791870117,-0.11934889926142099,-0.11934889926142099,-0.00019524181030131094,-0.01837960960417528
1774257642.400258,0.01087498664855957,-0.11891807508419773,-0.11891807508419773,0.00043082417722326016,0.039616064933773905
1774257642.4090092,0.008751153945922852,-0.11922477221312242,-0.11922477221312242,-0.00030669712892468504,-0.035046478535276454
1774257642.4197876,0.010778427124023438,-0.11898116145781627,-0.11898116145781627,0.0002436107553061423,0.022601698049539324
1774257642.4289398,0.00915217399597168,-0.11922392663019121,-0.11922392663019121,-0.00024276517237493966,-0.02652541051795918
1774257642.439062,0.010122299194335938,-0.11866987278118238,-0.11866987278118238,0.0005540538490088343,0.054735968417023495
1774257642.4494443,0.01038217544555664,-0.11888367383413778,-0.11888367383413778,-0.00021380105295540353,-0.02059308803598633
1774257642.459081,0.009636640548706055,-0.11880603318434596,-0.11880603318434596,7.764064979182139e-05,0.008056817041105313
1774257642.4691145,0.010033607482910156,-0.11945860055660258,-0.11945860055660258,-0.0006525673722566211,-0.06503816033945051
1774257642.4794455,0.010330915451049805,-0.1193150857113104,-0.1193150857113104,0.00014351484529218084,0.013891783934558982
1774257642.4887085,0.009263038635253906,-0.11808430074432309,-0.11808430074432309,0.0012307849669873083,0.13287054231892143
1774257642.5025158,0.013807296752929688,-0.11902230742929668,-0.11902230742929668,-0.000938006684973583,-0.06793557795986047
1774257642.5087402,0.006224393844604492,-0.11902425457802895,-0.11902425457802895,-1.9471487322786363e-06,-0.00031282543824994114
1774257642.5189042,0.010164022445678711,-0.11912117198722999,-0.11912117198722999,-9.691740920103609e-05,-0.009535339942331694
1774257642.5317934,0.01288914680480957,-0.118970872223292,-0.118970872223292,0.00015029976393798883,0.011660955237309008
1774257642.5389721,0.007178783416748047,-0.11945674323372403,-0.11945674323372403,-0.00048587101043202907,-0.06768152515905351
1774257642.548701,0.00972890853881836,-0.11859008337307776,-0.11859008337307776,0.0008666598606462683,0.08908089300955951
1774257642.559018,0.010316848754882812,-0.11925301211963268,-0.11925301211963268,-0.0006629287465549222,-0.06425690269435885
1774257642.5688593,0.009841442108154297,-0.11951384996119926,-0.11951384996119926,-0.0002608378415665802,-0.026504026411988797
1774257642.5794444,0.01058506965637207,-0.11871206982836567,-0.11871206982836567,0.0008017801328335933,0.07574632561354307
1774257642.589302,0.009857654571533203,-0.11929617982286876,-0.11929617982286876,-0.0005841099945030903,-0.05925445959426038
1774257642.600137,0.010834932327270508,-0.11957955636409061,-0.11957955636409061,-0.00028337654122184697,-0.026153974262360165
1774257642.6091006,0.008963584899902344,-0.11997114745241025,-0.11997114745241025,-0.00039159108831963996,-0.043686883394601
1774257642.6190007,0.009900093078613281,-0.1187339427987533,-0.1187339427987533,0.0012372046536569536,0.12496899209257238
1774257642.629207,0.010206222534179688,-0.11936360525794984,-0.11936360525794984,-0.000629662459196545,-0.061693977089747366
1774257642.639492,0.010285139083862305,-0.11841002326114944,-0.11841002326114944,0.0009535819968004011,0.092714545620156
1774257642.649158,0.009665966033935547,-0.11904579450753039,-0.11904579450753039,-0.0006357712463809506,-0.06577420654581932
1774257642.6590245,0.009866476058959961,-0.1193271431694022,-0.1193271431694022,-0.00028134866187180807,-0.028515617956251894
1774257642.668934,0.009909629821777344,-0.11958959196727746,-0.11958959196727746,-0.0002624487978752643,-0.026484218138856045
1774257642.6789317,0.00999760627746582,-0.11882374876730652,-0.11882374876730652,0.0007658431999709447,0.07660265654761007
1774257642.689226,0.010294198989868164,-0.11902368205320692,-0.11902368205320692,-0.00019993328590039994,-0.019421937160645508
1774257642.6990142,0.009788274765014648,-0.11918811327939058,-0.11918811327939058,-0.00016443122618366168,-0.016798795511071416
1774257642.708883,0.009868860244750977,-0.11921230623034879,-0.11921230623034879,-2.4192950958207282e-05,-0.0024514432627693724
1774257642.7188668,0.00998377799987793,-0.11985344942437753,-0.11985344942437753,-0.0006411431940287482,-0.06421849464567295
1774257642.7293737,0.010506868362426758,-0.11986408703728765,-0.11986408703728765,-1.0637612910119332e-05,-0.0010124437218762658
1774257642.7398052,0.010431528091430664,-0.11704657135320108,-0.11704657135320108,0.0028175156840865717,0.2700961603507655
1774257642.7490253,0.009220123291015625,-0.11357750068748372,-0.11357750068748372,0.003469070665717361,0.37624992163583443
1774257642.7589698,0.009944438934326172,-0.11960061427664263,-0.11960061427664263,-0.006023113589158913,-0.6056765624421862
1774257642.768992,0.010022163391113281,-0.11885489237544598,-0.11885489237544598,0.0007457219011966498,0.07440727835847162
1774257642.7796078,0.010615825653076172,-0.11954405482193017,-0.11954405482193017,-0.00068916244648419,-0.06491840286435845
1774257642.789317,0.00970911979675293,-0.11825056383378539,-0.11825056383378539,0.0012934909881447826,0.13322433085822788
1774257642.79917,0.009853124618530273,-0.11669169611319452,-0.11669169611319452,0.0015588677205908702,0.15821049473577006
1774257642.8107214,0.011551380157470703,-0.11599520912424105,-0.11599520912424105,0.0006964869889534708,0.06029469894149636
1774257642.8191674,0.008445978164672852,-0.11592232631765581,-0.11592232631765581,7.288280658523938e-05,0.008629291381558105
1774257642.8290215,0.00985407829284668,-0.11535195611413385,-0.11535195611413385,0.0005703702035219638,0.05788163911139307
1774257642.8409297,0.011908292770385742,-0.11682401423644717,-0.11682401423644717,-0.0014720581223133244,-0.12361621860474635
1774257642.8491359,0.00820612907409668,-0.11690665949489233,-0.11690665949489233,-8.264525844516035e-05,-0.010071162383496611
1774257642.8593736,0.010237693786621094,-0.11747408246376932,-0.11747408246376932,-0.0005674229688769905,-0.05542488188292121
1774257642.8705251,0.011151552200317383,-0.12157761381461245,-0.12157761381461245,-0.004103531350843126,-0.3679784909876794
1774257642.8788767,0.008351564407348633,-0.11834172449249722,-0.11834172449249722,0.003235889322115229,0.3874590632705813
1774257642.8890789,0.010202169418334961,-0.11795844408979493,-0.11795844408979493,0.0003832804027022879,0.03756851969282833
1774257642.8992002,0.010121345520019531,-0.12467354321712351,-0.12467354321712351,-0.00671509912732858,-0.6634591333777154
1774257642.9097292,0.010529041290283203,-0.12615363873922444,-0.12615363873922444,-0.0014800955221009326,-0.14057267715977606
1774257642.9197416,0.010012388229370117,-0.12439510201372278,-0.12439510201372278,0.0017585367255016637,0.17563609053264748
1774257642.9291646,0.009423017501831055,-0.12825988163369242,-0.12825988163369242,-0.003864779619969644,-0.4101424643664994
1774257642.9393563,0.010191679000854492,-0.12540454002894216,-0.12540454002894216,0.002855341604750261,0.28016400482303877
1774257642.9499307,0.0105743408203125,-0.1260856866897446,-0.1260856866897446,-0.0006811466608024341,-0.06441504698751561
1774257642.959255,0.009324312210083008,-0.12463292848693723,-0.12463292848693723,0.0014527582028073666,0.1558032560553261
1774257642.9691033,0.009848356246948242,-0.12304807943317578,-0.12304807943317578,0.001584849053761453,0.1609252360517074
1774257642.9792325,0.010129213333129883,-0.12261831447496825,-0.12261831447496825,0.00042976495820752636,0.04242826605318726
1774257642.9892435,0.010010957717895508,-0.11866112542817216,-0.11866112542817216,0.003957189046796095,0.395285761693135
1774257642.999475,0.010231494903564453,-0.11727270265734813,-0.11727270265734813,0.0013884227708240299,0.13570087107606635
1774257643.009189,0.009713888168334961,-0.1142425232542128,-0.1142425232542128,0.0030301794031353246,0.3119429985835138
1774257643.019214,0.0100250244140625,-0.11407927598119617,-0.11407927598119617,0.00016324727301662845,0.01628397760185352
1774257643.0293245,0.010110616683959961,-0.11283417948642298,-0.11283417948642298,0.0012450964947731957,0.12314743340517353
1774257643.0413313,0.012006759643554688,-0.1188579212226924,-0.1188579212226924,-0.0060237417362694196,-0.50169587091743
1774257643.0495281,0.008196830749511719,-0.12047105280939746,-0.12047105280939746,-0.0016131315867050633,-0.1967994260222046
1774257643.0598917,0.010363578796386719,-0.11856335135413566,-0.11856335135413566,0.0019077014552617982,0.18407747871101457
1774257643.0692875,0.009395837783813477,-0.11807783798408128,-0.11807783798408128,0.0004855133700543829,0.05167323885591054
1774257643.0792518,0.009964227676391602,-0.11503075310987236,-0.11503075310987236,0.003047084874208919,0.30580241371124267
1774257643.089444,0.010192155838012695,-0.11480062640191642,-0.11480062640191642,0.00023012670795594103,0.022578805859468882
1774257643.099417,0.00997304916381836,-0.11187700388316622,-0.11187700388316622,0.0029236225187501963,0.29315232189538665
1774257643.1092553,0.009838342666625977,-0.11054967532299724,-0.11054967532299724,0.0013273285601689833,0.13491383713149174
1774257643.1195505,0.01029515266418457,-0.103009162379401,-0.103009162379401,0.007540512943596242,0.7324333295055115
1774257643.1295428,0.009992361068725586,-0.10064805829460799,-0.10064805829460799,0.0023611040847930087,0.23629090948113038
1774257643.139284,0.009741067886352539,-0.1137275177854096,-0.1137275177854096,-0.01307945949080161,-1.3427131032652215
1774257643.1493573,0.010073423385620117,-0.1178037581123921,-0.1178037581123921,-0.004076240326982505,-0.4046529338577556
1774257643.1595876,0.010230302810668945,-0.12291418152979344,-0.12291418152979344,-0.0051104234174013385,-0.4995378447714956
1774257643.169979,0.010391473770141602,-0.12732813606327753,-0.12732813606327753,-0.004413954533484088,-0.4247669417370757
1774257643.1810317,0.011052608489990234,-0.12698850428927466,-0.12698850428927466,0.0003396317740028687,0.030728653268633853
1774257643.189439,0.008407354354858398,-0.12940433090313902,-0.12940433090313902,-0.002415826613864358,-0.28734682896627434
1774257643.199818,0.010378837585449219,-0.13267388212931153,-0.13267388212931153,-0.003269551226172507,-0.31502094519296725
1774257643.2114391,0.011621236801147461,-0.1342994294893459,-0.1342994294893459,-0.0016255473600343684,-0.13987731149870938
1774257643.2217894,0.010350227355957031,-0.13414662775684857,-0.13414662775684857,0.00015280173249732076,0.01476312811712067
1774257643.2296243,0.007834911346435547,-0.13356096089428898,-0.13356096089428898,0.0005856668625595918,0.07475092399431398
1774257643.2420468,0.012422561645507812,-0.14599365284894572,-0.14599365284894572,-0.012432691954656738,-1.000815476665603
1774257643.2493691,0.0073223114013671875,-0.14712944017899335,-0.14712944017899335,-0.0011357873300476273,-0.15511322419797094
1774257643.2595797,0.010210514068603516,-0.1400980973678462,-0.1400980973678462,0.007031342811147145,0.68863749306883
1774257643.2725823,0.013002634048461914,-0.13651296899174467,-0.13651296899174467,0.003585128376101532,0.2757232390559833
1774257643.2795835,0.007001161575317383,-0.1300141061139244,-0.1300141061139244,0.006498862877820283,0.9282549485405457
1774257643.2896564,0.010072946548461914,-0.12228873137333933,-0.12228873137333933,0.007725374740585059,0.7669428903863967
1774257643.299442,0.009785652160644531,-0.11446372979144907,-0.11446372979144907,0.007825001581890256,0.7996402747034556
1774257643.3096368,0.010194778442382812,-0.11200762913217531,-0.11200762913217531,0.0024561006592737633,0.2409175121514168
1774257643.3194766,0.009839773178100586,-0.0990225198046551,-0.0990225198046551,0.012985109327520214,1.3196553510420233
1774257643.3300204,0.0105438232421875,-0.10099709062413202,-0.10099709062413202,-0.0019745708194769257,-0.1872727543057016
1774257643.3394403,0.009419918060302734,-0.10023093662426337,-0.10023093662426337,0.0007661539998686517,0.08133340385383664
1774257643.3495073,0.010066986083984375,-0.10429510478008687,-0.10429510478008687,-0.0040641681558235,-0.40371250361507977
1774257643.3595803,0.010072946548461914,-0.1056889997207428,-0.1056889997207428,-0.0013938949406559348,-0.13838005929543776
1774257643.3694894,0.00990915298461914,-0.10776436950527697,-0.10776436950527697,-0.0020753697845341673,-0.20943967539461036
1774257643.379986,0.01049661636352539,-0.10265843243091519,-0.10265843243091519,0.0051059370743617855,0.4864364760537849
1774257643.3895562,0.009570121765136719,-0.10535810427024732,-0.10535810427024732,-0.0026996718393321323,-0.28209378162426807
1774257643.39949,0.009933948516845703,-0.10841046204891938,-0.10841046204891938,-0.003052357778672063,-0.30726531081734143
1774257643.409692,0.01020193099975586,-0.11387665500773832,-0.11387665500773832,-0.005466192958818936,-0.535799836222157
1774257643.4194963,0.009804248809814453,-0.11308632649675916,-0.11308632649675916,0.0007903285109791547,0.08061081744355607
1774257643.4296634,0.010167121887207031,-0.11990890694710624,-0.11990890694710624,-0.006822580450347074,-0.6710434404186412
1774257643.43958,0.009916543960571289,-0.13130654159370794,-0.13130654159370794,-0.011397634646601706,-1.1493555307090164
1774257643.4499195,0.010339498519897461,-0.13592353594351045,-0.13592353594351045,-0.004616994349802506,-0.4465394855386365
1774257643.4620469,0.012127399444580078,-0.13790442483078638,-0.13790442483078638,-0.0019808888872759334,-0.16333995563749845
1774257643.46966,0.007613182067871094,-0.13372738899313807,-0.13372738899313807,0.0041770358376483074,0.5486583402853453
1774257643.479755,0.010094881057739258,-0.13057053812208824,-0.13057053812208824,0.003156850871049832,0.31271798577850773
1774257643.4908366,0.011081695556640625,-0.12699185941308597,-0.12699185941308597,0.0035786787090022754,0.32293602461022114
1774257643.499785,0.008948326110839844,-0.12285457115498243,-0.12285457115498243,0.004137288258103541,0.4623533169060193
1774257643.509875,0.010090112686157227,-0.12398874271397177,-0.12398874271397177,-0.0011341715589893442,-0.11240425099962766
1774257643.5227501,0.012875080108642578,-0.11466771997768184,-0.11466771997768184,0.00932102273628993,0.723958426482571
1774257643.5297244,0.006974220275878906,-0.1183358504420404,-0.1183358504420404,-0.003668130464358557,-0.5259556365096729
1774257643.5397818,0.010057449340820312,-0.12335876758119477,-0.12335876758119477,-0.00502291713915437,-0.4994225642050003
1774257643.5541809,0.014399051666259766,-0.1189157121693166,-0.1189157121693166,0.004443055411878172,0.3085658357827311
1774257643.5597174,0.005536556243896484,-0.12424227103430795,-0.12424227103430795,-0.0053265588649913514,-0.9620707584905988
1774257643.570054,0.010336637496948242,-0.12888112704812188,-0.12888112704812188,-0.004638856013813933,-0.4487780494559759
1774257643.5804715,0.010417461395263672,-0.128565664141063,-0.128565664141063,0.0003154629070588888,0.0302821287345797
1774257643.5899348,0.009463310241699219,-0.12926205557835496,-0.12926205557835496,-0.0006963914372919711,-0.07358856673887593
1774257643.6004932,0.010558366775512695,-0.13095958273900532,-0.13095958273900532,-0.0016975271606503584,-0.1607755438641626
1774257643.6098893,0.009396076202392578,-0.13771685787349666,-0.13771685787349666,-0.006757275134491342,-0.7191592521110777
1774257643.620105,0.01021575927734375,-0.13177505133333478,-0.13177505133333478,0.005941806540161881,0.5816314166035087
1774257643.6297433,0.009638309478759766,-0.13731620988924698,-0.13731620988924698,-0.005541158555912196,-0.5749097980432579
1774257643.6397734,0.010030031204223633,-0.1387470605814481,-0.1387470605814481,-0.0014308506922011133,-0.14265665410877126
1774257643.6500041,0.010230779647827148,-0.14322830589444985,-0.14322830589444985,-0.004481245313001758,-0.4380160131738838
1774257643.6597297,0.009725570678710938,-0.13989471295544165,-0.13989471295544165,0.003333592939008201,0.34276579227431486
1774257643.6698654,0.010135650634765625,-0.14114688981437373,-0.14114688981437373,-0.0012521768589320859,-0.12354183308539432
1774257643.6797168,0.009851455688476562,-0.13135287121224715,-0.13135287121224715,0.009794018602126586,0.9941696853575496
1774257643.689737,0.010020256042480469,-0.13067734990050217,-0.13067734990050217,0.0006755213117449754,0.06741557390161791
1774257643.7002618,0.010524749755859375,-0.12260688980549224,-0.12260688980549224,0.008070460095009932,0.7668077894694758
1774257643.7103791,0.010117292404174805,-0.11248062380471664,-0.11248062380471664,0.010126266000775597,1.0008869563359748
1774257643.7197967,0.009417533874511719,-0.1048629065258255,-0.1048629065258255,0.007617717278891142,0.8088866342714489
1774257643.7302103,0.010413646697998047,-0.10554430894156148,-0.10554430894156148,-0.0006814024157359849,-0.06543360222379926
1774257643.740113,0.009902715682983398,-0.10501825168462675,-0.10501825168462675,0.0005260572569347338,0.053122524545332415
1774257643.7501974,0.010084390640258789,-0.10739192010887137,-0.10739192010887137,-0.002373668424244621,-0.23538045172194036
1774257643.7600832,0.009885787963867188,-0.11381998664773699,-0.11381998664773699,-0.006428066538865615,-0.6502330985006319
1774257643.7700171,0.009933948516845703,-0.11132128284264708,-0.11132128284264708,0.0024987038050899024,0.25153178525665526
1774257643.7801108,0.01009368896484375,-0.11493160755358689,-0.11493160755358689,-0.003610324710939805,-0.35768139116576125
1774257643.7904112,0.010300397872924805,-0.11475046347170864,-0.11475046347170864,0.00018114408187824838,0.01758612474129724
1774257643.7998908,0.009479522705078125,-0.12534896626743824,-0.12534896626743824,-0.010598502795729603,-1.118041817659453
1774257643.809968,0.010077238082885742,-0.1248665966389675,-0.1248665966389675,0.00048236962847074405,0.04786724542014706
1774257643.820609,0.010641098022460938,-0.12919720500291024,-0.12919720500291024,-0.004330608363942737,-0.40697006594637203
1774257643.8298993,0.009290218353271484,-0.13288445068874286,-0.13288445068874286,-0.0036872456858326186,-0.3968954814215084
1774257643.839969,0.010069608688354492,-0.1378131663874451,-0.1378131663874451,-0.004928715698702235,-0.4894644718818416
1774257643.8498933,0.00992441177368164,-0.1439468138376818,-0.1439468138376818,-0.006133647450236701,-0.6180363723422283
1774257643.8602023,0.010308980941772461,-0.13848575162052085,-0.13848575162052085,0.005461062217160945,0.5297383172988973
1774257643.8703234,0.01012110710144043,-0.1387461462854441,-0.1387461462854441,-0.00026039466492325247,-0.025727883552007197
1774257643.8800027,0.009679317474365234,-0.13601994981972257,-0.13601994981972257,0.002726196465721531,0.2816517252318262
1774257643.891899,0.011896371841430664,-0.13435633092391414,-0.13435633092391414,0.001663618895808433,0.13984254342274874
1774257643.899969,0.008069992065429688,-0.14198612184010656,-0.14198612184010656,-0.007629790916192425,-0.9454520964000696
1774257643.9100645,0.010095357894897461,-0.13476561073106302,-0.13476561073106302,0.007220511109043537,0.7152308203647768
1774257643.9229147,0.012850284576416016,-0.12898703293169433,-0.12898703293169433,0.005778577799368689,0.4496848116479886
1774257643.9303646,0.0074498653411865234,-0.1347737018140175,-0.1347737018140175,-0.005786668882323154,-0.7767481178930308
1774257643.940134,0.009769439697265625,-0.12719251635005402,-0.12719251635005402,0.007581185463963469,0.7760102625010697
1774257643.9502754,0.010141372680664062,-0.134081460938254,-0.134081460938254,-0.006888944588199969,-0.6792911379082538
1774257643.960135,0.009859561920166016,-0.13843843816308793,-0.13843843816308793,-0.004356977224833941,-0.4419037336661483
1774257643.970245,0.010109901428222656,-0.13974363410822158,-0.13974363410822158,-0.001305195945133647,-0.12910075873638893
1774257643.9801302,0.009885311126708984,-0.1413813289897918,-0.1413813289897918,-0.0016376948815702286,-0.16566953336909787
1774257643.9905233,0.010393142700195312,-0.14249248121438227,-0.14249248121438227,-0.0011111522245904615,-0.10691205313380141
1774257644.0008423,0.010318994522094727,-0.1451305589818971,-0.1451305589818971,-0.002638077767514846,-0.2556525988909357
1774257644.010246,0.009403705596923828,-0.14697596397570736,-0.14697596397570736,-0.0018454049938102512,-0.1962423190294182
1774257644.0202258,0.009979724884033203,-0.15135296383568098,-0.15135296383568098,-0.004376999859973613,-0.43858923074888345
1774257644.0323894,0.012163639068603516,-0.15320452920820374,-0.15320452920820374,-0.001851565372522762,-0.1522213345923735
1774257644.0411665,0.008777141571044922,-0.15520191156459873,-0.15520191156459873,-0.001997382356394989,-0.22756638254351408
1774257644.0515604,0.010393857955932617,-0.15379307432012915,-0.15379307432012915,0.0014088372444695796,0.1355451700843614
1774257644.0628896,0.011329174041748047,-0.14925547588233973,-0.14925547588233973,0.00453759843778942,0.4005233233303993
1774257644.0711548,0.008265256881713867,-0.13696298847577756,-0.13696298847577756,0.012292487406562164,1.4872480774019474
1774257644.0818431,0.010688304901123047,-0.13506774896816387,-0.13506774896816387,0.001895239507613694,0.1773189972728563
1774257644.0905538,0.008710622787475586,-0.1256497416817752,-0.1256497416817752,0.009418007286388669,1.0812094055926957
1774257644.101412,0.010858297348022461,-0.1228391664715962,-0.1228391664715962,0.002810575210178995,0.2588412455559493
1774257644.112928,0.01151585578918457,-0.11471685667140366,-0.11471685667140366,0.008122309800192545,0.7053153451105939
1774257644.120679,0.007750988006591797,-0.11467390309949997,-0.11467390309949997,4.2953571903689425e-05,0.00554168989387672
1774257644.130683,0.010004043579101562,-0.11443453462090604,-0.11443453462090604,0.00023936847859393207,0.023927172717837075
1774257644.1423082,0.011625289916992188,-0.11461828188852322,-0.11461828188852322,-0.0001837472676171764,-0.01580582238629601
1774257644.1503606,0.008052349090576172,-0.11663203715726136,-0.11663203715726136,-0.002013755268738149,-0.2500829566734616
1774257644.160265,0.00990438461303711,-0.11673317323028012,-0.11673317323028012,-0.00010113607301875938,-0.010211242492101355
1774257644.1702704,0.010005474090576172,-0.11872534276185298,-0.11872534276185298,-0.001992169531572857,-0.19910795965672595
1774257644.1861622,0.01589179039001465,-0.11996890885410884,-0.11996890885410884,-0.0012435660922558572,-0.07825210764403437
1774257644.193968,0.007805824279785156,-0.12586111020849794,-0.12586111020849794,-0.005892201354389101,-0.7548467840415279
1774257644.2006028,0.006634712219238281,-0.12304512036995015,-0.12304512036995015,0.0028159898385477916,0.4244328533771869
1774257644.2103086,0.009705781936645508,-0.12722023478983796,-0.12722023478983796,-0.004175114419887813,-0.4301677543489924
1774257644.2205563,0.01024770736694336,-0.12991505646315218,-0.12991505646315218,-0.002694821673314224,-0.2629682500504523
1774257644.2320576,0.011501312255859375,-0.13941336636501522,-0.13941336636501522,-0.009498309901863039,-0.8258457548636765
1774257644.2404013,0.008343696594238281,-0.13931930142328003,-0.13931930142328003,9.406494173519464e-05,0.0112737730420532
1774257644.2513928,0.010991573333740234,-0.1486917680497713,-0.1486917680497713,-0.009372466626491271,-0.8526956370951119
1774257644.2624798,0.01108694076538086,-0.14500822854192164,-0.14500822854192164,0.0036835395078496647,0.3322412905236738
1774257644.2703555,0.007875680923461914,-0.14256281383591632,-0.14256281383591632,0.0024454147060053166,0.3105020035436359
1774257644.2805986,0.01024317741394043,-0.13203883360041174,-0.13203883360041174,0.010523980235504576,1.0274136442449966
1774257644.2931333,0.012534618377685547,-0.13300116706296378,-0.13300116706296378,-0.0009623334625520341,-0.07677405354958433
1774257644.3004427,0.007309436798095703,-0.12491048921727473,-0.12491048921727473,0.008090677845689051,1.106881155029192
1774257644.3123941,0.011951446533203125,-0.1266361302524111,-0.1266361302524111,-0.00172564103513638,-0.14438762959297516
1774257644.3208961,0.008502006530761719,-0.1339630365073954,-0.1339630365073954,-0.007326906254984306,-0.861785535976043
1774257644.3303983,0.009502172470092773,-0.1320857306605606,-0.1320857306605606,0.0018773058468348203,0.19756596217796196
1774257644.3408291,0.01043081283569336,-0.12921371076804283,-0.12921371076804283,0.0028720198925177576,0.27533998910324115
1774257644.3519518,0.011122703552246094,-0.1309080077999995,-0.1309080077999995,-0.0016942970319566708,-0.152327806274629
1774257644.360662,0.008710145950317383,-0.1343746259770822,-0.1343746259770822,-0.0034666181770826865,-0.3979977140287034
1774257644.3705723,0.009910345077514648,-0.13796711362435612,-0.13796711362435612,-0.003592487647273934,-0.36249874441050955
1774257644.382171,0.011598587036132812,-0.14290290676405826,-0.14290290676405826,-0.004935793139702133,-0.4255512438132136
1774257644.390842,0.008671045303344727,-0.14593886340688816,-0.14593886340688816,-0.0030359566428299067,-0.35012579644334596
1774257644.4025686,0.011726617813110352,-0.14814187893516786,-0.14814187893516786,-0.0022030155282797004,-0.18786452866373204
1774257644.4111602,0.008591651916503906,-0.14819772751189655,-0.14819772751189655,-5.5848576728689814e-05,-0.0065003304686272224
1774257644.4206352,0.009474992752075195,-0.15293258908233473,-0.15293258908233473,-0.004734861570438176,-0.4997219200406412
1774257644.4310212,0.010385990142822266,-0.15399677777208265,-0.15399677777208265,-0.0010641886897479191,-0.10246386479418888
1774257644.4405992,0.00957798957824707,-0.15747859546073026,-0.15747859546073026,-0.0034818176886476093,-0.3635228103145252
1774257644.4513657,0.01076650619506836,-0.15645781706140882,-0.15645781706140882,0.001020778399321437,0.09481055235810931
1774257644.4607863,0.009420633316040039,-0.14887536081813063,-0.14887536081813063,0.0075824562432781906,0.8048775479211067
1774257644.470579,0.009792566299438477,-0.1486097954602566,-0.1486097954602566,0.00026556535787403135,0.027119076833746772
1774257644.480689,0.010110139846801758,-0.13938268758961145,-0.13938268758961145,0.009227107870645151,0.912658777273398
1774257644.4906726,0.009983539581298828,-0.1271740260440183,-0.1271740260440183,0.012208661545593136,1.2228790647019026
1774257644.500856,0.010183334350585938,-0.12025680813445537,-0.12025680813445537,0.006917217909562942,0.6792684666358748
1774257644.5107386,0.009882688522338867,-0.11770843053098777,-0.11770843053098777,0.0025483776034676,0.2578627868021174
1774257644.5209389,0.010200262069702148,-0.12171031645174837,-0.12171031645174837,-0.004001885920760603,-0.39233167671715125
1774257644.5307453,0.009806394577026367,-0.1197574764406373,-0.1197574764406373,0.0019528400111110678,0.19913944883331783
1774257644.5415237,0.010778427124023438,-0.07951866240611884,-0.07951866240611884,0.04023881403451847,3.7332732848220878
1774257644.5505974,0.009073734283447266,-0.07154254698099895,-0.07154254698099895,0.00797611542511989,0.8790333919817661
1774257644.5625002,0.011902809143066406,-0.05277768245444517,-0.05277768245444517,0.01876486452655378,1.5765072178347612
1774257644.5718033,0.009303092956542969,-0.06678958102146741,-0.06678958102146741,-0.014011898567022243,-1.5061548489814367
1774257644.5805666,0.008763313293457031,-0.11959726357232434,-0.11959726357232434,-0.052807682550856924,-6.02599505261153
1774257644.5908303,0.010263681411743164,-0.21416889656571705,-0.21416889656571705,-0.09457163299339272,-9.214201922244861
1774257644.6010318,0.010201454162597656,-0.20382522510589093,-0.20382522510589093,0.01034367145982612,1.0139408847956095
1774257644.6107907,0.009758949279785156,-0.15198899089029025,-0.15198899089029025,0.051836234215600685,5.31166140221418
1774257644.6207347,0.009943962097167969,-0.13788790313799043,-0.13788790313799043,0.014101087752299818,1.418055259514293
1774257644.6306937,0.009958982467651367,-0.09837378069859061,-0.0983737806985906,0.039514122439399835,3.9676867157612814
1774257644.640775,0.010081291198730469,-0.09119323577437526,-0.09119323577437524,0.007180544924215354,0.7122644096541518
1774257644.6508327,0.010057687759399414,-0.06612987648516644,-0.06612987648516643,0.025063359289208817,2.491960367907211
1774257644.660796,0.009963274002075195,-0.09293943407482978,-0.09293943407482977,-0.026809557589663344,-2.690838130526103
1774257644.6714265,0.010630607604980469,-0.0653797197470761,-0.06537971974707608,0.027559714327753684,2.5924872172726876
1774257644.6835082,0.012081623077392578,-0.04367405008181561,-0.043674050081815595,0.02170566966526049,1.7965855685298324
1774257644.6910098,0.0075016021728515625,-0.008201302520958038,-0.008201302520958027,0.03547274756085757,4.728689517718508
1774257644.7011325,0.01012277603149414,-0.017730810162157103,-0.017730810162157093,-0.009529507641199066,-0.9413927179215179
1774257644.7111814,0.010048866271972656,-0.021719267674768315,-0.021719267674768304,-0.003988457512611211,-0.39690621853884533
1774257644.7207298,0.009548425674438477,-0.023608633206285624,-0.023608633206285614,-0.0018893655315173098,-0.1978719420286444
1774257644.730952,0.010222196578979492,-0.013132097178132619,-0.013132097178132608,0.010476536028153006,1.024881095487493
1774257644.741658,0.010705947875976562,-0.03275361334493589,-0.032753613344935886,-0.019621516166803278,-1.8327677655551322
1774257644.7512167,0.009558677673339844,0.007386150723854273,0.007386150723854276,0.04013976406879016,4.19930093267442
1774257644.7611544,0.009937763214111328,0.035301080059090356,0.035301080059090356,0.02791492933523608,2.8089750916582226
1774257644.7709374,0.009783029556274414,-0.005343638219782403,-0.005343638219782405,-0.04064471827887276,-4.154614687104261
1774257644.7814093,0.010471820831298828,0.010808035779482467,0.010808035779482465,0.01615167399926487,1.5423940362873423
1774257644.791266,0.009856700897216797,-0.04072020930770001,-0.04072020930770001,-0.05152824508718248,-5.2277375183143
1774257644.8014112,0.010145187377929688,-0.1001232439460625,-0.1001232439460625,-0.059403034638362495,-5.855292014378228
1774257644.811024,0.009612798690795898,-0.0826710857561303,-0.0826710857561303,0.017452158189932204,1.8155127087642402
1774257644.821042,0.010018110275268555,-0.06771193022563238,-0.06771193022563238,0.014959155530497925,1.4932113062707244
1774257644.8312347,0.010192632675170898,-0.1492873850935023,-0.1492873850935023,-0.08157545486786993,-8.003374345725863
1774257644.8408046,0.009569883346557617,-0.17271234451666886,-0.17271234451666886,-0.023424959423166553,-2.447778993209227
1774257644.8508978,0.010093212127685547,-0.19840858727426575,-0.19840858727426575,-0.025696242757596882,-2.5458934611224935
1774257644.8610032,0.010105371475219727,-0.25089084504010306,-0.25089084504010306,-0.052482257765837315,-5.193501089448685
1774257644.8709838,0.00998067855834961,-0.3031706927551108,-0.3031706927551108,-0.052279847715007766,-5.238105546568438
1774257644.8815236,0.010539770126342773,-0.3137294120031856,-0.3137294120031856,-0.010558719248074777,-1.0017978685972138
1774257644.8909802,0.009456634521484375,-0.2607056045860086,-0.2607056045860086,0.053023807417176994,5.6070483951466095
1774257644.901073,0.010092735290527344,-0.28448411796968653,-0.28448411796968653,-0.023778513383677924,-2.3560028772374055
1774257644.9110262,0.00995326042175293,-0.3254461990925134,-0.3254461990925134,-0.04096208112282684,-4.115443521733229
1774257644.9208882,0.009861946105957031,-0.3311037103787283,-0.3311037103787283,-0.005657511286214945,-0.5736708784889394
1774257644.9309692,0.010081052780151367,-0.37569102210652044,-0.37569102210652044,-0.04458731172779212,-4.422882480645304
1774257644.9410672,0.010097980499267578,-0.3691201012270942,-0.3691201012270942,0.006570920879426234,0.6507163367866311
1774257644.9513278,0.010260581970214844,-0.3157617859969099,-0.3157617859969099,0.053358315230184306,5.200320545664629
1774257644.9622474,0.010919570922851562,-0.28183080369736807,-0.28183080369736807,0.033930982299541834,3.1073549079235265
1774257644.971335,0.009087562561035156,-0.2743736608323542,-0.2743736608323542,0.007457142865013866,0.8205877885218574
1774257644.9812365,0.00990152359008789,-0.25910873141467644,-0.25910873141467644,0.015264929417677764,1.5416748017405133
1774257644.9916077,0.010371208190917969,-0.2636725438954222,-0.2636725438954222,-0.004563812480745777,-0.44004636651130885
1774257645.0009575,0.009349822998046875,-0.28819428823934695,-0.28819428823934695,-0.024521744343924734,-2.622696103343046
1774257645.0111513,0.010193824768066406,-0.2732227713156008,-0.2732227713156008,0.014971516923746153,1.4686849405776075
1774257645.020944,0.009792804718017578,-0.21222757750839966,-0.21222757750839966,0.06099519380720114,6.22857246351266
1774257645.0309625,0.010018348693847656,-0.15410981505463842,-0.15410981505463842,0.05811776245376124,5.801131926008106
1774257645.041416,0.010453462600708008,-0.16870166526066682,-0.16870166526066682,-0.014591850206028406,-1.3958867758363729
1774257645.0546265,0.013210535049438477,-0.11202060986297081,-0.11202060986297081,0.05668105539769601,4.290594982381526
1774257645.0610502,0.0064237117767333984,-0.11294366343132733,-0.11294366343132733,-0.0009230535683565216,-0.1436947360714112
1774257645.0711884,0.010138273239135742,-0.12458956866261565,-0.12458956866261565,-0.01164590523128832,-1.1487069796395721
1774257645.08185,0.010661602020263672,-0.12544032516386094,-0.12544032516386094,-0.0008507565012452895,-0.07979631012565684
1774257645.091739,0.009888887405395508,-0.08210435433480308,-0.08210435433480308,0.043335970829057865,4.38228984237531
1774257645.1012497,0.00951075553894043,-0.03629261469384515,-0.03629261469384515,0.04581173964095793,4.8168349458030235
1774257645.1119123,0.010662555694580078,-0.011432218963971973,-0.011432218963971973,0.024860395729873176,2.3315606916370015
1774257645.1210477,0.00913548469543457,0.04929263855800072,0.04929263855800072,0.060724857521972694,6.647141289867165
1774257645.1314006,0.010352849960327148,0.016178978566683672,0.016178978566683683,-0.03311365999131704,-3.198506702812358
1774257645.1424217,0.011021137237548828,0.02255261181837922,0.02255261181837923,0.006373633251695546,0.5783099433677938
1774257645.1514575,0.009035825729370117,-0.027233901618417985,-0.02723390161841797,-0.0497865134367972,-5.509901909127213
1774257645.1617315,0.010273933410644531,-0.002873492265764366,-0.0028734922657643533,0.024360409352653618,2.3710888886445853
1774257645.171756,0.010024547576904297,0.054576794296483176,0.05457679429648319,0.05745028656224754,5.73096053677356
1774257645.181396,0.009639978408813477,0.03746574264173538,0.0374657426417354,-0.017111051654747793,-1.7750093339528425
1774257645.1922705,0.010874509811401367,0.023871047373828468,0.02387104737382848,-0.013594695267906916,-1.250143271161848
1774257645.2010746,0.008804082870483398,-0.028498158093959416,-0.0284981580939594,-0.05236920546778788,-5.94828629377866
1774257645.2114565,0.010381937026977539,-0.06919210243214605,-0.06919210243214602,-0.04069394433818662,-3.919687071154748
1774257645.2210317,0.009575128555297852,-0.1498350616586615,-0.14983506165866148,-0.08064295922651546,-8.422128095804654
1774257645.2311401,0.010108470916748047,-0.12704637694415974,-0.1270463769441597,0.022788684714501767,2.2544146292932123
1774257645.241178,0.010037899017333984,-0.10604551695375199,-0.10604551695375196,0.021000859990407753,2.0921569298657356
1774257645.2517762,0.010598182678222656,-0.14650977503305748,-0.14650977503305745,-0.040464258079305496,-3.8180374228170466
1774257645.2611952,0.009418964385986328,-0.16549516413106177,-0.16549516413106174,-0.01898538909800429,-2.0156556835750465
1774257645.2713988,0.01020359992980957,-0.19023273506364627,-0.19023273506364624,-0.024737570932584496,-2.4243963995799445
1774257645.2825968,0.011198043823242188,-0.24280152679907197,-0.24280152679907194,-0.052568791735425696,-4.6944620475869305
1774257645.2910914,0.00849461555480957,-0.30308360379973864,-0.30308360379973864,-0.060282077000666706,-7.096504439984405
1774257645.3016505,0.01055908203125,-0.3002914714307305,-0.3002914714307305,0.00279213236900816,0.264429460889189
1774257645.314111,0.012460470199584961,-0.25504297584813246,-0.25504297584813246,0.045248495582598025,3.6313634122815994
1774257645.3213587,0.0072476863861083984,-0.2914230913161878,-0.2914230913161878,-0.03638011546805536,-5.019548795293479
1774257645.3312614,0.009902715682983398,-0.3234508203529344,-0.3234508203529344,-0.032027729036746555,-3.2342369570179903
1774257645.341644,0.010382652282714844,-0.3240809242634438,-0.3240809242634438,-0.0006301039105094386,-0.06068814531701525
1774257645.3513095,0.009665489196777344,-0.359493082190494,-0.359493082190494,-0.03541215792705016,-3.663772956143517
1774257645.3615932,0.010283708572387695,-0.37665564624235104,-0.37665564624235104,-0.017162564051857065,-1.6689080530674958
1774257645.3721857,0.010592460632324219,-0.3410083773234924,-0.3410083773234924,0.035647268918858666,3.3653435359558066
1774257645.381394,0.009208202362060547,-0.28204810370482364,-0.28204810370482364,0.058960273618668735,6.403016712751198
1774257645.3913984,0.010004520416259766,-0.30147771355229286,-0.30147771355229286,-0.01942960984746922,-1.9420830823525939
1774257645.401342,0.009943485260009766,-0.31983391321839705,-0.31983391321839705,-0.01835619966610419,-1.8460528864992918
1774257645.411634,0.01029205322265625,-0.30498476050206647,-0.30498476050206647,0.014849152716330583,1.4427784617011727
1774257645.421783,0.010149002075195312,-0.3223381602514972,-0.3223381602514972,-0.01735339974943073,-1.7098626663840517
1774257645.4316504,0.009867429733276367,-0.32829719966058746,-0.32829719966058746,-0.005959039409090261,-0.6039099917777302
1774257645.4413118,0.009661436080932617,-0.2890015202513349,-0.2890015202513349,0.03929567940925255,4.067271064061042
1774257645.4524093,0.011097431182861328,-0.19871266113751954,-0.19871266113751954,0.09028885911381537,8.136014328546219
1774257645.461481,0.009071826934814453,-0.17978816100802894,-0.17978816100802894,0.018924500129490596,2.0860737606076984
1774257645.4714422,0.009961128234863281,-0.1593907559595034,-0.1593907559595034,0.020397405048525552,2.0477002772774275
1774257645.483641,0.012198686599731445,-0.16140892412222851,-0.16140892412222851,-0.0020181681627251258,-0.1654414306184041
1774257645.4913323,0.007691383361816406,-0.15309479239088616,-0.15309479239088616,0.00831413173134235,1.080967017275144
1774257645.5017157,0.010383367538452148,-0.14721182015384573,-0.14721182015384573,0.005882972237040429,0.5665765191547294
1774257645.5146291,0.01291346549987793,-0.11389019209820027,-0.11389019209820027,0.033321628055645466,2.580378447285158
1774257645.5228262,0.00819706916809082,-0.059759867483421276,-0.05975986748342127,0.054130324614779,6.603619355256276
1774257645.5323675,0.00954127311706543,-0.0007975367660761275,-0.0007975367660761207,0.05896233071734515,6.179713125692387
1774257645.5415225,0.009155035018920898,0.033821815094238004,0.03382181509423801,0.03461935186031413,3.7814548812501108
1774257645.5530858,0.011563301086425781,0.035903455254683955,0.03590345525468396,0.002081640160445951,0.18002127116534214
1774257645.563453,0.010367155075073242,0.017550632385695687,0.017550632385695694,-0.018352822868988268,-1.7702853614214513
1774257645.5722342,0.008781194686889648,-0.014992828285244002,-0.014992828285243995,-0.03254346067093969,-3.706040217913307
1774257645.5825408,0.010306596755981445,-0.019921132220930816,-0.01992113222093081,-0.004928303935686815,-0.4781698607570601
1774257645.5930488,0.010508060455322266,0.010697116744142554,0.01069711674414256,0.03061824896507337,2.913786906275879
1774257645.6020606,0.00901174545288086,0.0520279575706001,0.05202795757060011,0.04133084082645755,4.586330255616017
1774257645.6138036,0.01174306869506836,0.05964552054050149,0.0596455205405015,0.00761756296990139,0.6486858901796662
1774257645.621953,0.008149385452270508,0.01209092407054338,0.012090924070543387,-0.04755459646995811,-5.835359825409765
1774257645.6316814,0.009728431701660156,-0.028181534616165176,-0.02818153461616517,-0.040272458686708555,-4.139666075862573
1774257645.643572,0.011890649795532227,-0.09209709997669274,-0.09209709997669273,-0.06391556536052756,-5.375279438853131
1774257645.6539872,0.010415077209472656,-0.1347233878910612,-0.1347233878910612,-0.04262628791436847,-4.092748143585462
1774257645.6615942,0.007606983184814453,-0.13464611402246324,-0.13464611402246324,7.727386859796015e-05,0.01015828045370459
1774257645.671674,0.01007986068725586,-0.09864094830499412,-0.09864094830499412,0.03600516571746912,3.571990410838819
1774257645.6815736,0.009899616241455078,-0.07872401813930792,-0.07872401813930792,0.0199169301656862,2.0118891156894727
1774257645.6916487,0.010075092315673828,-0.1369438296314653,-0.1369438296314653,-0.058219811492157394,-5.778588390856211
1774257645.70184,0.010191202163696289,-0.17639336391147578,-0.17639336391147578,-0.03944953428001047,-3.8709402135638094
1774257645.7119772,0.010137319564819336,-0.2372309760307734,-0.2372309760307734,-0.06083761211929761,-6.001350922232848
1774257645.7220738,0.010096549987792969,-0.2735275776702,-0.2735275776702,-0.03629660163942658,-3.594950917225216
1774257645.731527,0.009453296661376953,-0.27899886339126523,-0.27899886339126523,-0.0054712857210652555,-0.5787701282473363
1774257645.741884,0.010356903076171875,-0.26069387749554335,-0.26069387749554335,0.01830498589572188,1.7674188665370596
1774257645.7515135,0.009629487991333008,-0.23356029181494212,-0.23356029181494212,0.02713358568060123,2.817759958268055
1774257645.7619903,0.010476827621459961,-0.2652411089633475,-0.2652411089633475,-0.0316808171484054,-3.0238940920926054
1774257645.7716227,0.009632349014282227,-0.32764274902601753,-0.32764274902601753,-0.062401640062670016,-6.478340846053738
1774257645.7820265,0.010403871536254883,-0.3378112522151642,-0.3378112522151642,-0.010168503189146694,-0.9773768499266846
1774257645.7923737,0.010347127914428711,-0.3351858591563362,-0.3351858591563362,0.0026253930588280294,0.2537315746495228
1774257645.8019366,0.009562969207763672,-0.3213291151882965,-0.3213291151882965,0.013856743968039709,1.4490001658470413
1774257645.811793,0.009856462478637695,-0.30307610662806034,-0.30307610662806034,0.01825300856023615,1.851882315769641
1774257645.8237503,0.011957168579101562,-0.2659470183802433,-0.2659470183802433,0.03712908824781702,3.105173938310973
1774257645.831749,0.00799870491027832,-0.26164614827640625,-0.26164614827640625,0.004300870103837062,0.5376958085190082
1774257645.8417397,0.009990692138671875,-0.3281325005226369,-0.3281325005226369,-0.06648635224623067,-6.654829447589115
1774257645.851946,0.010206460952758789,-0.31239077396006537,-0.31239077396006537,0.015741726562571556,1.5423295729472803
1774257645.861696,0.009749889373779297,-0.2898947438503284,-0.2898947438503284,0.022496030109736997,2.3073113188582757
1774257645.871741,0.010045051574707031,-0.2508234684211295,-0.2508234684211295,0.03907127542919886,3.8896042632153827
1774257645.8817902,0.010049104690551758,-0.21213559824350106,-0.21213559824350106,0.03868787017762845,3.8498822899121623
1774257645.8919272,0.010137081146240234,-0.16203275426709213,-0.16203275426709213,0.050102843976408934,4.942531607827929
1774257645.9018655,0.009938240051269531,-0.1814020255440475,-0.1814020255440475,-0.01936927127695537,-1.948963918866208
1774257645.912013,0.010147571563720703,-0.2190020441544073,-0.2190020441544073,-0.0376000186103598,-3.7053218471290488
1774257645.9218223,0.009809255599975586,-0.20192281446125313,-0.20192281446125313,0.017079229693154174,1.7411341277718038
1774257645.9324205,0.010598182678222656,-0.16957906301841363,-0.16957906301841363,0.03234375144283949,3.051820526673883
1774257645.9418695,0.009449005126953125,-0.10623574465676885,-0.10623574465676885,0.06334331836164478,6.703702401532099
1774257645.9518502,0.00998067855834961,-0.043756607944824236,-0.043756607944824236,0.06247913671194462,6.260008910884721
1774257645.9619749,0.010124683380126953,-0.01443803552183827,-0.014438035521838269,0.029318572422985967,2.895752027222242
1774257645.971905,0.009930133819580078,-0.036805098030044635,-0.036805098030044635,-0.022367062508206366,-2.252443211198559
1774257645.9819164,0.010011434555053711,-0.022930702662107262,-0.022930702662107262,0.013874395367937373,1.3858548734090923
1774257645.9931142,0.011197805404663086,-0.03434821934103298,-0.03434821934103298,-0.011417516678925717,-1.019620922700723
1774257646.0020192,0.00890493392944336,0.005898804063914429,0.00589880406391443,0.04024702340494741,4.519631894389947
1774257646.0121803,0.010161161422729492,0.01863303446408106,0.01863303446408106,0.012734230400166632,1.2532258735385744
1774257646.0221863,0.010005950927734375,0.04724200751503689,0.04724200751503689,0.02860897305095583,2.859195818326254
1774257646.0328014,0.010615110397338867,0.03290814501678132,0.03290814501678132,-0.014333862498255572,-1.3503262765735313
1774257646.0421636,0.009362220764160156,-0.0451893182957893,-0.045189318295789295,-0.07809746331257061,-8.341766903375985
1774257646.0519452,0.009781599044799805,-0.05186117615797528,-0.051861176157975274,-0.006671857862185979,-0.6820825339117679
1774257646.0621047,0.010159492492675781,-0.062424601837848925,-0.06242460183784892,-0.010563425679873645,-1.0397591894958402
1774257646.0720887,0.009984016418457031,-0.11185588010842165,-0.11185588010842165,-0.04943127827057273,-4.951041364394314
1774257646.0831923,0.011103630065917969,-0.13350749622598032,-0.13350749622598032,-0.02165161611755867,-1.949958345966263
1774257646.0921586,0.008966207504272461,-0.14073504062530012,-0.14073504062530012,-0.007227544399319802,-0.806087121659389
1774257646.103537,0.01137852668762207,-0.14743962655875728,-0.14743962655875728,-0.006704585933457158,-0.589231463573454
1774257646.1122363,0.008699178695678711,-0.16934635875015122,-0.16934635875015122,-0.02190673219139394,-2.5182529245290755
1774257646.1225884,0.010352134704589844,-0.25933960357789654,-0.25933960357789654,-0.08999324482774532,-8.693206512067976
1774257646.1344314,0.011842966079711914,-0.3056065536096842,-0.3056065536096842,-0.04626695003178766,-3.9067029087457392
1774257646.142092,0.007660627365112305,-0.32486134292668856,-0.32486134292668856,-0.01925478931700436,-2.5134742103099392
1774257646.1522737,0.010181665420532227,-0.36408717910489097,-0.36408717910489097,-0.03922583617820241,-3.852595283586912
1774257646.165091,0.0128173828125,-0.38189639291163474,-0.38189639291163474,-0.017809213806743773,-1.3894579000461427
1774257646.1722083,0.007117271423339844,-0.3755869551752598,-0.3755869551752598,0.006309437736374934,0.8864967149748202
1774257646.1825795,0.010371208190917969,-0.39178784501152786,-0.39178784501152786,-0.01620088983626805,-1.5621024607774352
1774257646.1929493,0.01036977767944336,-0.43803717379347534,-0.43803717379347534,-0.046249328781947485,-4.460011604070388
1774257646.2021618,0.009212493896484375,-0.4202717281811799,-0.4202717281811799,0.017765445612295427,1.928407856972908
1774257646.2123182,0.010156393051147461,-0.40223994584382716,-0.40223994584382716,0.018031782337352753,1.7754120233969812
1774257646.2229176,0.010599374771118164,-0.38841289389014694,-0.38841289389014694,0.013827051953680225,1.3045158089283753
1774257646.232196,0.009278535842895508,-0.36057062404979623,-0.36057062404979623,0.02784226984035071,3.000718034803873
1774257646.2427955,0.010599374771118164,-0.3328002936549858,-0.3328002936549858,0.027770330394810416,2.6199970276058866
1774257646.2529526,0.010157108306884766,-0.37200122995580376,-0.37200122995580376,-0.039200936300817946,-3.8594583336525496
1774257646.2621574,0.009204864501953125,-0.38716607244316276,-0.38716607244316276,-0.015164842487358998,-1.6474813381708402
1774257646.2726378,0.010480403900146484,-0.3324087981422619,-0.3324087981422619,0.05475727430090088,5.2247293923601115
1774257646.2830157,0.010377883911132812,-0.2908875191118473,-0.2908875191118473,0.04152127903041458,4.000938860558353
1774257646.2947664,0.01175069808959961,-0.28136450009457137,-0.28136450009457137,0.009523019017275924,0.8104215549291174
1774257646.3020446,0.0072782039642333984,-0.21104978150749365,-0.21104978150749365,0.07031471858707772,9.660998638210582
1774257646.3127294,0.010684728622436523,-0.23457488117397593,-0.23457488117397593,-0.02352509966648228,-2.2017498523156376
1774257646.3225508,0.009821414947509766,-0.24005839954496067,-0.24005839954496067,-0.005483518370984736,-0.5583226449845793
1774257646.3323846,0.009833812713623047,-0.19693602233861268,-0.19693602233861268,0.043122377206347984,4.385112718956848
1774257646.3430877,0.010703086853027344,-0.14329054856392526,-0.14329054856392526,0.053645473774687424,5.012149720107515
1774257646.3520443,0.008956670761108398,-0.09119345085805643,-0.09119345085805643,0.05209709770586883,5.816569470442581
1774257646.3636105,0.011566162109375,0.016169306153250716,0.016169306153250712,0.10736275701130714,9.282487656323251
1774257646.3722095,0.008599042892456055,-0.0369447240890516,-0.0369447240890516,-0.05311403024230231,-6.176737447012769
1774257646.3822348,0.010025262832641602,0.011599620370144437,0.011599620370144434,0.04854434445919603,4.842201672871739
1774257646.394593,0.01235818862915039,0.024650554211715765,0.02465055421171576,0.013050933841571327,1.056055562284176
1774257646.4020343,0.007441282272338867,0.06292715107257282,0.06292715107257282,0.03827659686085706,5.1438173502893285
1774257646.4122374,0.010203123092651367,0.06987049290795887,0.06987049290795887,0.006943341835386044,0.680511425015236
1774257646.422224,0.009986639022827148,0.09332338675698107,0.09332338675698107,0.023452893849022202,2.3484271130071197
1774257646.4324176,0.010193586349487305,0.07371241940829526,0.07371241940829526,-0.01961096734868581,-1.9238535561796815
1774257646.442238,0.00982046127319336,0.02510165818554937,0.025101658185549366,-0.048610761222745894,-4.94994683757242
1774257646.4527354,0.010497331619262695,0.03218861465720105,0.03218861465720105,0.007086956471651681,0.6751198046032055
1774257646.4622319,0.009496450424194336,0.02197176367527405,0.02197176367527405,-0.010216850981926998,-1.0758599819462311
1774257646.4721355,0.009903669357299805,-0.025130667319143454,-0.025130667319143457,-0.04710243099441751,-4.756058516806118
1774257646.4823146,0.01017904281616211,-0.05257360639653004,-0.05257360639653004,-0.027442939077386583,-2.6960235429811883
1774257646.492786,0.010471343994140625,-0.021735999998639538,-0.021735999998639538,0.030837606397890502,2.944952091646123
1774257646.50223,0.009443998336791992,-0.05486613195586037,-0.05486613195586036,-0.033130131957220824,-3.5080620279391868
1774257646.5123718,0.010141849517822266,-0.09075928766386326,-0.09075928766386326,-0.0358931557080029,-3.539113417619526
1774257646.5222898,0.009917974472045898,-0.14834741765000808,-0.14834741765000808,-0.05758812998614482,-5.806440634472155
1774257646.5349622,0.01267242431640625,-0.18482784088387844,-0.18482784088387844,-0.03648042323387035,-2.8787248850751683
1774257646.5426066,0.0076444149017333984,-0.21946908647418392,-0.21946908647418392,-0.034641245590305486,-4.531575802152034
1774257646.5526786,0.010071992874145508,-0.2026561589527646,-0.2026561589527646,0.01681292752141933,1.6692751604876124
1774257646.5652156,0.012537002563476562,-0.18687358786220443,-0.18687358786220443,0.015782571090560166,1.258879146801705
1774257646.5724363,0.007220745086669922,-0.18878813583708184,-0.18878813583708184,-0.0019145479748774175,-0.26514548732814675
1774257646.5823853,0.009948968887329102,-0.24761441703303982,-0.24761441703303982,-0.05882628119595798,-5.912801805107511
1774257646.5925446,0.01015925407409668,-0.31039168737796957,-0.31039168737796957,-0.06277727034492975,-6.179318864068438
1774257646.6026235,0.010078907012939453,-0.3343113231419486,-0.3343113231419486,-0.02391963576397904,-2.373237071566456
1774257646.6125042,0.009880781173706055,-0.314420929356775,-0.314420929356775,0.0198903937851736,2.0130385882954602
1774257646.6225944,0.010090112686157227,-0.29979963698616974,-0.29979963698616974,0.014621292370605277,1.4490712666335672
1774257646.632515,0.009920597076416016,-0.3071487508542719,-0.3071487508542719,-0.007349113868102164,-0.7407935038076515
1774257646.642683,0.010168075561523438,-0.32111003566896856,-0.32111003566896856,-0.013961284814696662,-1.3730508521717657
1774257646.652414,0.009731054306030273,-0.3593304889907076,-0.3593304889907076,-0.03822045332173901,-3.927678555658048
1774257646.6624794,0.010065317153930664,-0.3575794284480577,-0.3575794284480577,0.001751060542649896,0.17396973347889783
1774257646.6760485,0.013569116592407227,-0.34323501519424565,-0.34323501519424565,0.014344413253812027,1.057136856045487
1774257646.6825805,0.006531953811645508,-0.3136732550466393,-0.3136732550466393,0.029561760147606364,4.525714816737087
1774257646.692491,0.00991058349609375,-0.3369320316511595,-0.3369320316511595,-0.023258776604520193,-2.346862484301517
1774257646.7050295,0.012538433074951172,-0.3156493714269475,-0.3156493714269475,0.02128266022421199,1.69739393247867
1774257646.7122614,0.007231950759887695,-0.29676660440409275,-0.29676660440409275,0.01888276702285474,2.611019854779538
1774257646.7224283,0.01016688346862793,-0.29277547905661,-0.29277547905661,0.003991125347482749,0.39256133502446555
1774257646.734778,0.012349605560302734,-0.28850455416424264,-0.28850455416424264,0.004270924892367356,0.345834923351403
1774257646.7427995,0.00802159309387207,-0.2715388015504874,-0.2715388015504874,0.01696575261375527,2.1150103745247195
1774257646.7530277,0.010228157043457031,-0.23926728305805797,-0.23926728305805797,0.0322715184924294,3.1551645477592216
1774257646.7628295,0.009801864624023438,-0.1938039364433359,-0.1938039364433359,0.04546334661472207,4.638234495026153
1774257646.7727222,0.009892702102661133,-0.17179709330878012,-0.17179709330878012,0.02200684313455578,2.2245533026447797
1774257646.7830136,0.010291337966918945,-0.16876321685832818,-0.16876321685832818,0.0030338764504519444,0.2947990300390685
1774257646.7925923,0.009578704833984375,-0.18027728783383515,-0.18027728783383515,-0.011514070975506968,-1.202048833852369
1774257646.8025174,0.009925127029418945,-0.18466482112836022,-0.18466482112836022,-0.00438753329452507,-0.44206318785845633
1774257646.812874,0.010356664657592773,-0.15775904175516678,-0.15775904175516678,0.02690577937319344,2.597919336267012
1774257646.8226297,0.009755611419677734,-0.14182321657642377,-0.14182321657642377,0.015935825178743007,1.6335034774549713
1774257646.8327324,0.01010274887084961,-0.11053384128531865,-0.11053384128531865,0.03128937529110512,3.0971150219706276
1774257646.8429847,0.010252237319946289,-0.07336912196463226,-0.07336912196463226,0.03716471932068639,3.62503502024679
1774257646.852579,0.009594440460205078,-0.08519465123227299,-0.08519465123227299,-0.01182552926764073,-1.2325397522335517
1774257646.862667,0.010087966918945312,-0.09539961902597979,-0.09539961902597979,-0.010204967793706804,-1.0115980628903296
1774257646.8734553,0.010788202285766602,-0.10336424260004691,-0.10336424260004691,-0.007964623574067117,-0.7382716195983117
1774257646.8825521,0.009096860885620117,-0.05362122012597368,-0.05362122012597369,0.04974302247407322,5.468152486832531
1774257646.8929095,0.010357379913330078,-0.03998868587865302,-0.03998868587865303,0.013632534247320659,1.3162145601876991
1774257646.903563,0.010653495788574219,-0.04698103858586986,-0.04698103858586987,-0.006992352707216841,-0.6563434994470152
1774257646.912714,0.009150981903076172,-0.08700585027698778,-0.08700585027698779,-0.04002481169111792,-4.373826996386396
1774257646.9228578,0.010143756866455078,-0.11861654564885965,-0.11861654564885968,-0.03161069537187189,-3.116271001763356
1774257646.9327059,0.00984811782836914,-0.1338114543846501,-0.13381145438465014,-0.015194908735790463,-1.542925155913448
1774257646.9427352,0.010029315948486328,-0.15049804148559617,-0.1504980414855962,-0.01668658710094606,-1.663781177764619
1774257646.9528406,0.010105371475219727,-0.16967148007423818,-0.1696714800742382,-0.01917343858864201,-1.8973511894796635
1774257646.9650223,0.012181758880615234,-0.14018596388852858,-0.1401859638885286,0.029485516185709604,2.4204646040589215
1774257646.9727652,0.007742881774902344,-0.18823299218042788,-0.1882329921804279,-0.0480470282918993,-6.205316016529943
1774257646.9826715,0.009906291961669922,-0.2659041942133718,-0.26590419421337186,-0.07767120203294395,-7.840592860928639
1774257646.9958162,0.013144731521606445,-0.309682612318044,-0.30968261231804406,-0.0437784181046722,-3.330491614279996
1774257647.002591,0.0067746639251708984,-0.3206964632608641,-0.32069646326086415,-0.011013850942820091,-1.625741300892982
1774257647.0126944,0.010103464126586914,-0.34933821519168373,-0.3493382151916838,-0.028641751930819637,-2.8348447197877276
1774257647.0226421,0.009947776794433594,-0.3099497032106074,-0.30994970321060744,0.039388511981076346,3.95952912846986
1774257647.032839,0.010196924209594727,-0.2780143571711754,-0.27801435717117545,0.03193534603943199,3.1318606849487653
1774257647.0443952,0.011556148529052734,-0.3158252203348555,-0.31582522033485555,-0.0378108631636801,-3.2719260286956073
1774257647.0528119,0.00841665267944336,-0.34186257614457827,-0.3418625761445783,-0.026037355809722773,-3.09355236593234
1774257647.0628846,0.010072708129882812,-0.3462443083031544,-0.34624430830315445,-0.004381732158576124,-0.4350103370489602
1774257647.073403,0.010518312454223633,-0.36668389995629097,-0.366683899956291,-0.02043959165313658,-1.9432386841606948
1774257647.0827043,0.009301424026489258,-0.3661202629250966,-0.36612026292509664,0.0005636370311943861,0.06059685372790451
1774257647.093118,0.010413646697998047,-0.3502551377849222,-0.35025513778492223,0.015865125140174408,1.5234937001679123
1774257647.1079783,0.014860391616821289,-0.3597930804773496,-0.35979308047734965,-0.009537942692427415,-0.6418365638245291
1774257647.1128368,0.004858493804931641,-0.36680044439838316,-0.3668004443983832,-0.007007363921033571,-1.4422914183652367
1774257647.1228766,0.010039806365966797,-0.3534142714260416,-0.35341427142604165,0.01338617297234157,1.3333098751504189
1774257647.1337702,0.010893583297729492,-0.35399313051369763,-0.3539931305136977,-0.0005788590876560362,-0.0531376198111677
1774257647.1427007,0.008930444717407227,-0.30193272369517754,-0.3019327236951776,0.05206040681852009,5.829542476988175
1774257647.1529973,0.01029658317565918,-0.3058394801634491,-0.30583948016344914,-0.003906756468271544,-0.37942261055172183
1774257647.1633468,0.010349512100219727,-0.28919060676929603,-0.2891906067692961,0.016648873394153052,1.6086626338452792
1774257647.1727662,0.009419441223144531,-0.30266623553147715,-0.3026662355314772,-0.013475628762181113,-1.4306187005095499
1774257647.1828694,0.010103225708007812,-0.28740401629460277,-0.2874040162946028,0.015262219236874375,1.5106283555337723
1774257647.1938248,0.010955333709716797,-0.2905912000323659,-0.29059120003236594,-0.0031871837377631107,-0.29092529923905913
1774257647.2026982,0.008873462677001953,-0.24733783115656394,-0.247337831156564,0.043253368875801945,4.874463380333484
1774257647.2137692,0.011070966720581055,-0.2314057479986489,-0.23140574799864896,0.015932083157915028,1.4390868981926486
1774257647.22424,0.010470867156982422,-0.2480777743059381,-0.24807777430593816,-0.0166720263072892,-1.5922297606623326
1774257647.2330966,0.008856534957885742,-0.2510582222986387,-0.2510582222986388,-0.0029804479927006133,-0.3365252897293497
1774257647.2431269,0.010030269622802734,-0.24947013163068604,-0.2494701316306861,0.0015880906679526796,0.1583298084372854
1774257647.253221,0.010094165802001953,-0.2611453679541152,-0.26114536795411525,-0.01167523632342915,-1.1566321132860358
1774257647.2627673,0.009546279907226562,-0.23106294970757466,-0.2310629497075747,0.030082418246540538,3.1512189605678813
1774257647.2727494,0.009982109069824219,-0.2025751119386407,-0.20257511193864075,0.02848783776893396,2.853889650940833
1774257647.2830765,0.01032710075378418,-0.23935870811325427,-0.23935870811325433,-0.036783596174613575,-3.561851196342293
1774257647.2935777,0.01050114631652832,-0.21583830886315644,-0.2158383088631565,0.02352039925009783,2.2397934988371513
1774257647.303459,0.009881258010864258,-0.21287778580899158,-0.21287778580899164,0.0029605230541648597,0.2996099333617056
1774257647.313473,0.010014057159423828,-0.2096613578793818,-0.20966135787938187,0.003216427929609772,0.32119128924513085
1774257647.3233795,0.009906530380249023,-0.21764672646823466,-0.2176467264682347,-0.007985368588852848,-0.8060711755120179
1774257647.3329895,0.00960993766784668,-0.15757917866725288,-0.15757917866725293,0.06006754780098178,6.250565807721961
1774257647.3430758,0.010086297988891602,-0.14734345622238512,-0.14734345622238518,0.010235722444867756,1.0148145985911503
1774257647.3529778,0.009902000427246094,-0.12528513736592073,-0.12528513736592078,0.022058318856464393,2.227662886760667
1774257647.363068,0.010090351104736328,-0.09567786266886863,-0.09567786266886869,0.0296072746970521,2.9342164994788624
1774257647.3730056,0.009937524795532227,-0.11156784235456116,-0.11156784235456121,-0.01588997968569253,-1.5989876767740439
1774257647.3830805,0.010074853897094727,-0.1526087401187638,-0.15260874011876385,-0.04104089776420264,-4.073597313012901
1774257647.3930275,0.009947061538696289,-0.13157671924151051,-0.13157671924151057,0.021032020877253282,2.114395371480716
1774257647.4032023,0.010174751281738281,-0.13733435779774827,-0.13733435779774833,-0.00575763855623776,-0.5658751154508919
1774257647.4137845,0.010582208633422852,-0.15001424641281658,-0.15001424641281663,-0.012679888615068302,-1.1982270482761168
1774257647.4238803,0.010095834732055664,-0.12035214792537025,-0.1203521479253703,0.02966209848744633,2.9380530956261683
1774257647.4336588,0.009778499603271484,-0.09287252436376116,-0.09287252436376121,0.027479623561609087,2.810208587871245
1774257647.447779,0.014120101928710938,-0.11395567809456687,-0.11395567809456693,-0.021083153730805715,-1.493130420534468
1774257647.452993,0.00521397590637207,-0.14921672497639216,-0.1492167249763922,-0.035261046881825284,-6.762794365568948
1774257647.4632907,0.010297775268554688,-0.14417945953786623,-0.1441794595378663,0.005037265438525923,0.4891605523678235
1774257647.4737992,0.010508537292480469,-0.1485596295300432,-0.14855962953004326,-0.004380169992176969,-0.4168201406404354
1774257647.4831731,0.009373903274536133,-0.08867046860299384,-0.08867046860299388,0.05988916092704938,6.388924567819694
1774257647.493085,0.009911775588989258,-0.07401186806345883,-0.07401186806345887,0.014658600539535008,1.4789076294078811
1774257647.502974,0.00988912582397461,-0.11085906244361637,-0.11085906244361642,-0.036847194380157544,-3.7260315053154036
1774257647.513069,0.010094881057739258,-0.14299799623160295,-0.14299799623160298,-0.03213893378798656,-3.183686227124706
1774257647.5243156,0.011246681213378906,-0.18930325157710529,-0.1893032515771053,-0.04630525534550234,-4.117237295782707
1774257647.5338316,0.009516000747680664,-0.19896441011629026,-0.1989644101162903,-0.009661158539184977,-1.015254075252116
1774257647.5431573,0.009325742721557617,-0.20197938063451704,-0.20197938063451706,-0.0030149705182267728,-0.3232954852225649
1774257647.5541654,0.011008024215698242,-0.1527136514089351,-0.15271365140893514,0.04926572922558192,4.475437940563886
1774257647.5632596,0.00909423828125,-0.12956269247322097,-0.129562692473221,0.023150958935714144,2.545673229548594
1774257647.5732396,0.009979963302612305,-0.17531479688297102,-0.17531479688297105,-0.045752104409750055,-4.584396056624198
1774257647.5835812,0.010341644287109375,-0.21026991106511295,-0.21026991106511297,-0.03495511418214192,-3.3800344714730404
1774257647.5932596,0.009678363800048828,-0.23272674573582364,-0.23272674573582366,-0.02245683467071069,-2.3203131370818477
1774257647.6031117,0.009852170944213867,-0.2280890864450646,-0.22808908644506462,0.004637659290759044,0.4707246064871336
1774257647.6161256,0.013013839721679688,-0.1659311253114815,-0.16593112531148152,0.0621579611335831,4.776296808853
1774257647.6231444,0.0070188045501708984,-0.13374445367945711,-0.13374445367945714,0.03218667163202438,4.585776880087176
1774257647.6335337,0.010389328002929688,-0.12668854421776635,-0.12668854421776637,0.007055909461690768,0.6791497447862914
1774257647.643823,0.010289192199707031,-0.16201313882874238,-0.1620131388287424,-0.035324594610976034,-3.4331747259985916
1774257647.6532693,0.009446382522583008,-0.19032012934192025,-0.19032012934192027,-0.028306990513177865,-2.9965958339613836
1774257647.6633027,0.010033369064331055,-0.19581398631143163,-0.19581398631143165,-0.005493856969511379,-0.5475585453187619
1774257647.673356,0.010053396224975586,-0.15884195533023895,-0.15884195533023898,0.03697203098119267,3.6775662824611746
1774257647.6836205,0.010264396667480469,-0.08042699407761765,-0.08042699407761768,0.0784149612526213,7.639510026054877
1774257647.6933818,0.009761333465576172,-0.06815544614078858,-0.06815544614078861,0.012271547936829066,1.2571589711697988
1774257647.7034554,0.010073661804199219,-0.12473088944022732,-0.12473088944022735,-0.05657544329943874,-5.61617457475644
1774257647.713735,0.010279655456542969,-0.12346607897700092,-0.12346607897700095,0.0012648104632264068,0.12304016108062832
1774257647.7237737,0.010038614273071289,-0.13607690530448183,-0.13607690530448185,-0.012610826327480909,-1.2562317850292954
1774257647.7333608,0.00958704948425293,-0.13026963196426058,-0.1302696319642606,0.005807273340221242,0.6057414588043897
1774257647.743294,0.009933233261108398,-0.1026464190461029,-0.10264641904610293,0.027623212918157683,2.780888376628674
1774257647.753812,0.010518074035644531,-0.06647025480333334,-0.06647025480333336,0.036176164242769565,3.439428560796658
1774257647.7631829,0.009370803833007812,-0.07599609424996086,-0.07599609424996089,-0.009525839446627521,-1.0165445373078466
1774257647.7733614,0.010178565979003906,-0.061416555888063086,-0.061416555888063114,0.014579538361897772,1.4323764656015476
1774257647.7859592,0.012597799301147461,-0.09570775961415003,-0.09570775961415005,-0.03429120372608694,-2.7219995259778074
1774257647.7936616,0.007702350616455078,-0.1439548585906942,-0.14395485859069423,-0.04824709897654418,-6.263944785046591
1774257647.8034482,0.009786605834960938,-0.15590309181950446,-0.15590309181950449,-0.011948233228810251,-1.2208761066198537
1774257647.815847,0.012398719787597656,-0.08588875632818314,-0.08588875632818317,0.07001433549132131,5.646900380905141
1774257647.8231103,0.0072634220123291016,-0.07429194233192139,-0.07429194233192142,0.011596813996261751,1.5966047376260184
1774257647.8333652,0.010254859924316406,-0.09871596663790512,-0.09871596663790515,-0.024424024305983727,-2.381702381723351
1774257647.8434515,0.010086297988891602,-0.1279315657152961,-0.12793156571529612,-0.029215599077390977,-2.8965631502824083
1774257647.8540373,0.010585784912109375,-0.20896086068191322,-0.20896086068191322,-0.0810292949666171,-7.654538198100494
1774257647.8633218,0.009284496307373047,-0.2676962345747535,-0.2676962345747535,-0.05873537389284028,-6.326177742803029
1774257647.8734043,0.010082483291625977,-0.3097993766968069,-0.3097993766968069,-0.042103142122053405,-4.175870259762517
1774257647.883409,0.010004758834838867,-0.25792021654519176,-0.25792021654519176,0.051879160151615145,5.185448345937135
1774257647.893229,0.009819984436035156,-0.28545879069915875,-0.28545879069915875,-0.027538574153966988,-2.80433989822959
1774257647.903586,0.010356903076171875,-0.30273512077308184,-0.30273512077308184,-0.017276330073923096,-1.668098073995763
1774257647.913562,0.00997614860534668,-0.3196860006054293,-0.3196860006054293,-0.016950879832347443,-1.699140670705595
1774257647.9237778,0.01021575927734375,-0.3972651063488382,-0.3972651063488382,-0.07757910574340893,-7.594061648991856
1774257647.934308,0.010530233383178711,-0.42423451052515415,-0.42423451052515415,-0.026969404176315936,-2.561140213606055
1774257647.943637,0.009328842163085938,-0.43829391182951494,-0.43829391182951494,-0.014059401304360786,-1.50708963219397
1774257647.9570835,0.013446569442749023,-0.38653911053680384,-0.38653911053680384,0.051754801292711095,3.8489223227579092
1774257647.9635763,0.0064928531646728516,-0.4545807337377025,-0.4545807337377025,-0.06804162320089868,-10.479464339515372
1774257647.973591,0.010014772415161133,-0.45831321608327175,-0.45831321608327175,-0.0037324823455692213,-0.3726976700857128
1774257647.984777,0.011185884475708008,-0.48221467026846465,-0.48221467026846465,-0.023901454185192905,-2.136751388511016
1774257647.9934309,0.008653879165649414,-0.49084196406159797,-0.49084196406159797,-0.008627293793133317,-0.99692792422829
1774257648.0033696,0.009938716888427734,-0.4663400717022434,-0.4663400717022434,0.02450189235935457,2.4652973451616926
1774257648.015112,0.011742353439331055,-0.36331661159369216,-0.36331661159369216,0.10302346010855123,8.773663698750013
1774257648.023418,0.008306026458740234,-0.37102761626363456,-0.37102761626363456,-0.007711004669942401,-0.9283626422629913
1774257648.0334496,0.010031700134277344,-0.363051482288634,-0.363051482288634,0.007976133975000577,0.7950929421969963
1774257648.0434654,0.010015726089477539,-0.32805050993219276,-0.32805050993219276,0.03500097235644123,3.494601593908707
1774257648.053362,0.009896516799926758,-0.3341098953873308,-0.3341098953873308,-0.006059385455138067,-0.6122745585783183
1774257648.0639265,0.010564565658569336,-0.36158525915809214,-0.36158525915809214,-0.02747536377076132,-2.600709263279079
1774257648.0734863,0.009559869766235352,-0.37512166505092426,-0.37512166505092426,-0.013536405892832115,-1.4159613283270398
1774257648.0834837,0.009997367858886719,-0.2956826750564376,-0.2956826750564376,0.07943898999448668,7.945990496275766
1774257648.0934956,0.010011911392211914,-0.29044113107332264,-0.29044113107332264,0.005241543983114938,0.5235308002418241
1774257648.1036572,0.010161638259887695,-0.26413162167267135,-0.26413162167267135,0.0263095094006513,2.589101159456356
1774257648.1134195,0.009762287139892578,-0.22531087268381852,-0.22531087268381852,0.03882074898885282,3.9766038872403007
1774257648.1242735,0.010854005813598633,-0.22537089194035148,-0.22537089194035148,-6.0019256532956033e-05,-0.005529687155479486
1774257648.1338072,0.00953364372253418,-0.23438658186567868,-0.23438658186567868,-0.009015689925327197,-0.9456709509730553
1774257648.1434426,0.009635448455810547,-0.21797135244883273,-0.21797135244883273,0.01641522941684595,1.7036289999503795
1774257648.1558566,0.012413978576660156,-0.1815343131550831,-0.1815343131550831,0.03643703929374964,2.935162089151327
1774257648.1636767,0.00782012939453125,-0.15014031422981902,-0.15014031422981902,0.031393998925264066,4.014511441104597
1774257648.1735725,0.009895801544189453,-0.1540866496771632,-0.1540866496771632,-0.003946335447344185,-0.3987888631074424
1774257648.1860707,0.012498140335083008,-0.14418589606834245,-0.14418589606834245,0.009900753608820756,0.79217814357779
1774257648.1936302,0.007559537887573242,-0.147357989100802,-0.147357989100802,-0.0031720930324595498,-0.4196146748168297
1774257648.2035606,0.00993037223815918,-0.1388339941989423,-0.1388339941989423,0.008523994901859705,0.8583761713488216
1774257648.213815,0.010254383087158203,-0.13383630830560436,-0.13383630830560436,0.004997685893337933,0.48737070293352397
1774257648.2236087,0.009793758392333984,-0.08732094682685713,-0.08732094682685713,0.04651536147874723,4.749490401474157
1774257648.2339761,0.010367393493652344,-0.09024765989815314,-0.09024765989815314,-0.0029267130712960082,-0.28229979628804003
1774257648.243868,0.009891986846923828,-0.1098191259064382,-0.1098191259064382,-0.019571466008285063,-1.9785171888265622
1774257648.2538457,0.009977579116821289,-0.13660893994967924,-0.13660893994967924,-0.02678981404324103,-2.6850014146293106
1774257648.2638166,0.009970903396606445,-0.14282709063898189,-0.14282709063898189,-0.006218150689302648,-0.6236296192999894
1774257648.274161,0.010344505310058594,-0.17392049884947225,-0.17392049884947225,-0.031093408210490364,-3.0057897674677925
1774257648.2837021,0.009541034698486328,-0.16567995601286994,-0.16567995601286994,0.008240542836602305,0.8636948818464789
1774257648.2939029,0.010200738906860352,-0.18028316508633663,-0.18028316508633663,-0.014603209073466683,-1.4315834575126236
1774257648.303796,0.009893178939819336,-0.1679045379939758,-0.1679045379939758,0.012378627092360817,1.2512284643450378
1774257648.313658,0.009861946105957031,-0.18088525310948728,-0.18088525310948728,-0.012980715115511465,-1.3162427553391887
1774257648.3239985,0.010340452194213867,-0.23888590458851625,-0.23888590458851625,-0.05800065147902897,-5.609102038253606
1774257648.333738,0.00973963737487793,-0.31883251744686797,-0.31883251744686797,-0.07994661285835172,-8.20837673736839
1774257648.344107,0.010368824005126953,-0.35993753193289263,-0.35993753193289263,-0.04110501448602466,-3.9642889555941867
1774257648.3565037,0.012396812438964844,-0.4010433147983873,-0.4010433147983873,-0.041105782865494656,-3.31583486221778
1774257648.363867,0.007363319396972656,-0.370858383961136,-0.370858383961136,0.030184930837251267,4.099364594949046
1774257648.3746176,0.010750532150268555,-0.3813773879253955,-0.3813773879253955,-0.010519003964259477,-0.9784635604291184
1774257648.3844917,0.009874105453491211,-0.4681649343353843,-0.4681649343353843,-0.08678754640998881,-8.78940850072683
1774257648.3937705,0.00927877426147461,-0.4721291067554079,-0.4721291067554079,-0.003964172420023615,-0.4272301823833375
1774257648.4038167,0.010046243667602539,-0.4863880044357931,-0.4863880044357931,-0.014258897680385185,-1.4193262827545934
1774257648.4144282,0.010611534118652344,-0.5061575721200291,-0.5061575721200291,-0.01976956768423599,-1.8630263506844105
1774257648.4237702,0.009341955184936523,-0.48020033818449187,-0.48020033818449187,0.025957233935537227,2.7785654524860153
1774257648.4341323,0.01036214828491211,-0.43672420794638417,-0.43672420794638417,0.0434761302381077,4.195667639828266
1774257648.4449596,0.010827302932739258,-0.43667141813334187,-0.43667141813334187,5.2789813042297684e-05,0.004875619844594309
1774257648.453705,0.008745431900024414,-0.45242525076622647,-0.45242525076622647,-0.0157538326328846,-1.8013784582600914
1774257648.4637666,0.010061502456665039,-0.47084054883852766,-0.47084054883852766,-0.01841529807230119,-1.8302731775513654
1774257648.474565,0.010798454284667969,-0.4650641476093133,-0.4650641476093133,0.005776401229214356,0.5349285255961028
1774257648.4839492,0.0093841552734375,-0.43393669466322277,-0.43393669466322277,0.03112745294609054,3.3170223679268123
1774257648.4938982,0.009948968887329102,-0.34973557875026756,-0.34973557875026756,0.0842011159129552,8.463300756744031
1774257648.5040748,0.010176658630371094,-0.36384388767651155,-0.36384388767651155,-0.014108308926243984,-1.386340000060464
1774257648.5137987,0.009723901748657227,-0.3546475182747239,-0.3546475182747239,0.00919636940178764,0.9457489019834623
1774257648.5240574,0.010258674621582031,-0.35921917491778926,-0.35921917491778926,-0.004571656643065358,-0.44563813666997315
1774257648.5346386,0.010581254959106445,-0.3756029285352057,-0.3756029285352057,-0.016383753617416452,-1.5483752806954394
1774257648.5463006,0.011662006378173828,-0.35910139936616736,-0.35910139936616736,0.016501529169038354,1.4149820051481017
1774257648.554245,0.007944345474243164,-0.3121375395013916,-0.3121375395013916,0.04696385986477575,5.911608453715926
1774257648.5637367,0.009491682052612305,-0.24967259949411968,-0.24967259949411968,0.06246494000727193,6.581019008119884
1774257648.5739963,0.010259628295898438,-0.24589073186170024,-0.24589073186170024,0.0037818676324194445,0.36861643749134143
1774257648.5842364,0.01024007797241211,-0.26467570107460603,-0.26467570107460603,-0.01878496921290579,-1.8344556812472084
1774257648.5939777,0.00974130630493164,-0.2520178071841867,-0.2520178071841867,0.012657893890419325,1.2994041552734186
1774257648.604168,0.010190248489379883,-0.22618926375093415,-0.22618926375093415,0.025828543433252554,2.5346333271627928
1774257648.6139717,0.00980377197265625,-0.17193343644603343,-0.17193343644603343,0.05425582730490072,5.534178829967274
1774257648.6242096,0.010237932205200195,-0.10153502016505597,-0.10153502016505597,0.07039841628097745,6.876233879065901
1774257648.6340294,0.009819746017456055,-0.04205337160380694,-0.04205337160380694,0.05948164856124903,6.057351020638577
1774257648.6440668,0.010037422180175781,-0.0745295366150877,-0.07452953661508771,-0.03247616501128077,-3.2355085228378853
1774257648.6541543,0.01008749008178711,-0.015381651580391528,-0.015381651580391544,0.05914788503469617,5.8634887920719985
1774257648.6640227,0.009868383407592773,0.011258806261842239,0.011258806261842225,0.026640457842233768,2.6995766927475167
1774257648.6741493,0.010126590728759766,0.04325292609184729,0.04325292609184728,0.03199411983000505,3.1594166967902604
1774257648.6841216,0.009972333908081055,0.008790423089537992,0.00879042308953798,-0.0344625030023093,-3.4558111792047694
1774257648.6950593,0.010937690734863281,0.027752340667389106,0.027752340667389096,0.018961917577851116,1.7336308035672519
1774257648.7039273,0.008867979049682617,0.036135537708121335,0.03613553770812132,0.008383197040732225,0.9453334287063136
1774257648.7146084,0.01068115234375,0.032767030730510925,0.03276703073051091,-0.0033685069776104096,-0.3153692475495369
1774257648.7261667,0.011558294296264648,0.0028690280027880532,0.00286902800278804,-0.02989800272772287,-2.5867140913158058
1774257648.7340748,0.007908105850219727,-0.0285000934751189,-0.02850009347511891,-0.03136912147790695,-3.9667048054288956
1774257648.7441895,0.010114669799804688,-0.02904839841205713,-0.02904839841205714,-0.0005483049369382313,-0.05420888153450338
1774257648.7543578,0.010168313980102539,0.006755847996808025,0.0067558479968080135,0.035804246408865155,3.521158618717643
1774257648.7640264,0.009668588638305664,-0.007635194410904088,-0.0076351944109041,-0.014391042407712114,-1.4884325878439708
1774257648.7743134,0.010287046432495117,-0.010234085708770855,-0.010234085708770867,-0.0025988912978667667,-0.25263726716128054
1774257648.7845616,0.010248184204101562,-0.03213925205014734,-0.03213925205014735,-0.021905166341376486,-2.1374680533756925
1774257648.794018,0.009456396102905273,-0.06747453452945779,-0.0674745345294578,-0.03533528247931045,-3.736654227973218
1774257648.8043482,0.0103302001953125,-0.1036714216473564,-0.10367142164735642,-0.03619688711789862,-3.50398699284875
1774257648.814007,0.0096588134765625,-0.09238977224760198,-0.09238977224760199,0.011281649399754429,1.1680160743480352
1774257648.8245046,0.010497570037841797,-0.06439706598515701,-0.06439706598515703,0.02799270626244496,2.666589140299749
1774257648.834304,0.009799480438232422,-0.0635724348314299,-0.06357243483142991,0.0008246311537271206,0.08415049746003302
1774257648.8440409,0.009736776351928711,-0.07231183870893539,-0.0723118387089354,-0.008739403877505492,-0.8975664595371285
1774257648.8543272,0.010286331176757812,-0.11692483398296379,-0.1169248339829638,-0.0446129952740284,-4.33711441984606
1774257648.8653939,0.011066675186157227,-0.20472373141650707,-0.20472373141650707,-0.08779889743354327,-7.933629202686522
1774257648.874092,0.008698225021362305,-0.20072700765292883,-0.20072700765292883,0.003996723763578236,0.4594872808834594
1774257648.8839843,0.00989222526550293,-0.1899903841528441,-0.1899903841528441,0.010736623500084724,1.0853597862885773
1774257648.8970575,0.013073205947875977,-0.17736142492005857,-0.17736142492005857,0.012628959232785536,0.9660185331079697
1774257648.9039674,0.006909847259521484,-0.1927345157105935,-0.1927345157105935,-0.015373090790534921,-2.2248090606274165
1774257648.9141712,0.010203838348388672,-0.20909954574160677,-0.20909954574160677,-0.016365030031013278,-1.6038111808775903
1774257648.924255,0.010083675384521484,-0.2157794988981938,-0.2157794988981938,-0.006679953156587037,-0.6624522212248933
1774257648.933993,0.00973820686340332,-0.27218429246321624,-0.27218429246321624,-0.056404793565022426,-5.792112896779234
1774257648.9441197,0.010126590728759766,-0.2760208516387583,-0.2760208516387583,-0.0038365591755420425,-0.378859902439438
1774257648.954242,0.010122299194335938,-0.29650540212253873,-0.29650540212253873,-0.02048455048378045,-2.023705295654849
1774257648.9642413,0.009999275207519531,-0.31613061706754203,-0.31613061706754203,-0.0196252149450033,-1.9626637468928736
1774257648.9742088,0.009967565536499023,-0.30188755368636083,-0.30188755368636083,0.014243063381181198,1.4289410316918656
1774257648.98427,0.010061264038085938,-0.29197379250216593,-0.29197379250216593,0.009913761184194902,0.9853395305666687
1774257648.9944024,0.010132312774658203,-0.3348953052536334,-0.3348953052536334,-0.042921512751467494,-4.2361022311527865
1774257649.0042865,0.009884119033813477,-0.3675417414034529,-0.3675417414034529,-0.03264643614981949,-3.302918149623284
1774257649.0149019,0.010615348815917969,-0.3710317536512287,-0.3710317536512287,-0.0034900122477757867,-0.32877037846767976
1774257649.0241294,0.009227514266967773,-0.37640184161897894,-0.37640184161897894,-0.005370087967750237,-0.5819647428748854
1774257649.035859,0.011729717254638672,-0.36140198542496144,-0.36140198542496144,0.014999856194017502,1.2787909434121791
1774257649.0443559,0.008496761322021484,-0.2901542888698185,-0.2901542888698185,0.07124769655514296,8.385276913744383
1774257649.0545814,0.010225534439086914,-0.30700714593680584,-0.30700714593680584,-0.01685285706698736,-1.6481150366642576
1774257649.0666175,0.01203608512878418,-0.35273303661760563,-0.35273303661760563,-0.0457258906807998,-3.799066739021875
1774257649.0742955,0.007678031921386719,-0.350133760859591,-0.350133760859591,0.0025992757580146075,0.3385341171576109
1774257649.0841177,0.00982213020324707,-0.2997395962553212,-0.2997395962553212,0.05039416460426982,5.130675684548567
1774257649.0968735,0.012755870819091797,-0.2723566546119614,-0.2723566546119614,0.027382941643359804,2.1466932388791187
1774257649.1041381,0.007264614105224609,-0.22857420183487676,-0.22857420183487676,0.043782452777084646,6.026810528806605
1774257649.1142106,0.010072469711303711,-0.23002837678900528,-0.23002837678900528,-0.0014541749541285287,-0.1443712411958507
1774257649.1249046,0.010694026947021484,-0.2577454919635303,-0.2577454919635303,-0.02771711517452502,-2.591831431867191
1774257649.1342187,0.00931406021118164,-0.2668161061704153,-0.2668161061704153,-0.009070614206884986,-0.973862526247748
1774257649.144539,0.010320425033569336,-0.2695891899965572,-0.2695891899965572,-0.0027730838261418866,-0.2686986066098879
1774257649.1543434,0.009804248809814453,-0.22684801565678347,-0.22684801565678347,0.0427411743397737,4.359454270171932
1774257649.1644359,0.010092496871948242,-0.12563052753228213,-0.12563052753228213,0.10121748812450135,10.028983848965263
1774257649.174383,0.009947061538696289,-0.13540451459710998,-0.13540451459710998,-0.00977398706482785,-0.9826004420305292
1774257649.1844077,0.010024785995483398,-0.17743868998219206,-0.17743868998219206,-0.042034175385082084,-4.193024709357418
1774257649.1943989,0.009991168975830078,-0.16638835450280262,-0.16638835450280262,0.01105033547938944,1.1060102682800803
1774257649.2056808,0.011281967163085938,-0.17462316155698074,-0.17462316155698074,-0.008234807054178117,-0.7299087947288143
1774257649.2142975,0.00861668586730957,-0.1434791559455716,-0.1434791559455716,0.031144005611409148,3.6143833129120897
1774257649.2241416,0.009844064712524414,-0.08042778376924017,-0.08042778376924017,0.06305137217633142,6.40501398737377
1774257649.2371964,0.013054847717285156,-0.03235022545109381,-0.03235022545109381,0.04807755831814636,3.682736050186912
1774257649.244307,0.007110595703125,-0.06508374217584945,-0.06508374217584945,-0.032733516724755635,-4.60348444650984
1774257649.2545986,0.010291576385498047,-0.0474601651204778,-0.0474601651204778,0.017623577055371646,1.7124273673181096
1774257649.267032,0.012433290481567383,-0.02752952274426027,-0.02752952274426027,0.01993064237621753,1.6030062521072062
1774257649.2744722,0.007440328598022461,-0.005269333351418704,-0.005269333351418704,0.022260189392841565,2.991828801587879
1774257649.2844055,0.009933233261108398,0.028959365132159926,0.028959365132159926,0.03422869848357863,3.445876844309526
1774257649.294414,0.010008573532104492,0.07278271445985779,0.07278271445985779,0.043823349327697866,4.378580942341658
1774257649.3045363,0.010122299194335938,0.07028283810324289,0.07028283810324289,-0.0024998763566149024,-0.24696724613848012
1774257649.3148072,0.010270833969116211,0.03014641609522827,0.030146416095228265,-0.04013642200801462,-3.9078055519836523
1774257649.3245642,0.009757041931152344,-0.042883239804952226,-0.04288323980495223,-0.0730296559001805,-7.4848152150510865
1774257649.3347404,0.01017618179321289,-0.06477188990999153,-0.06477188990999153,-0.021888650105039292,-2.1509688554933395
1774257649.3455558,0.01081538200378418,-0.0008048379490750925,-0.0008048379490751129,0.06396705196091641,5.914451467228348
1774257649.3546348,0.0090789794921875,-0.01817915835498098,-0.018179158354980997,-0.017374320405905884,-1.9136864909604168
1774257649.3644667,0.009831905364990234,-0.0027660745462318383,-0.002766074546231855,0.015413083808749142,1.567659902792855
1774257649.37555,0.011083364486694336,-0.02510700015914446,-0.025107000159144476,-0.02234092561291262,-2.01571694585458
1774257649.3844192,0.008869171142578125,-0.07599675110793179,-0.0759967511079318,-0.050889750948787324,-5.737824891492002
1774257649.3945487,0.010129451751708984,-0.15913380058554416,-0.15913380058554416,-0.08313704947761236,-8.207457966674843
1774257649.4065309,0.011982202529907227,-0.2016370515815891,-0.2016370515815891,-0.04250325099604493,-3.5471985129577024
1774257649.4144123,0.007881402969360352,-0.2258929742089884,-0.2258929742089884,-0.024255922627399312,-3.0776148259004583
1774257649.4245214,0.010109186172485352,-0.2167040535976303,-0.2167040535976303,0.00918892061135812,0.9089673940685787
1774257649.437331,0.012809514999389648,-0.3534340096190849,-0.3534340096190849,-0.1367299560214546,-10.67409312748918
1774257649.444552,0.0072209835052490234,-0.3439689135044451,-0.3439689135044451,0.009465096114639804,1.3107765871171853
1774257649.4551044,0.010552406311035156,-0.34744703369061375,-0.34744703369061375,-0.003478120186168665,-0.3296044602197916
1774257649.4648917,0.009787321090698242,-0.3853292805531119,-0.3853292805531119,-0.03788224686249814,-3.870542972019278
1774257649.4746227,0.009731054306030273,-0.4097814635112368,-0.4097814635112368,-0.0244521829581249,-2.512798941320473
1774257649.484462,0.009839296340942383,-0.4181807494532844,-0.4181807494532844,-0.008399285942047585,-0.8536470140753096
1774257649.4944718,0.010009765625,-0.439437566536114,-0.439437566536114,-0.021256817082829615,-2.1236078724700027
1774257649.5044687,0.009996891021728516,-0.4013168032770622,-0.4013168032770622,0.03812076325905178,3.8132618607320277
1774257649.515161,0.010692358016967773,-0.40971298591738897,-0.40971298591738897,-0.008396182640326766,-0.7852507956619866
1774257649.5246599,0.009498834609985352,-0.41489881467620565,-0.41489881467620565,-0.00518582875881668,-0.5459436838036152
1774257649.5345197,0.009859800338745117,-0.4106611612054802,-0.4106611612054802,0.0042376534707254665,0.42979100236676837
1774257649.5446582,0.010138511657714844,-0.37103667857970696,-0.37103667857970696,0.03962448262577323,3.908313563522038
1774257649.5545237,0.009865522384643555,-0.3231157517508953,-0.3231157517508953,0.04792092682881166,4.857414028415188
1774257649.56502,0.010496377944946289,-0.35506986019673176,-0.35506986019673176,-0.03195410844583646,-3.044298577417505
1774257649.578209,0.013188838958740234,-0.35501096855140196,-0.35501096855140196,5.889164532979496e-05,0.004465263812381871
1774257649.5845544,0.006345510482788086,-0.3436357409157589,-0.3436357409157589,0.011375227635643081,1.7926418475704797
1774257649.595638,0.011083602905273438,-0.3431767552570618,-0.3431767552570618,0.0004589856586970642,0.04141123266683297
1774257649.6052234,0.009585380554199219,-0.293230416940477,-0.293230416940477,0.04994633831658479,5.210678703278401
1774257649.6153831,0.010159730911254883,-0.19613737384763788,-0.1961373738476379,0.09709304309283912,9.556654988300929
1774257649.624939,0.009555816650390625,-0.22323083937785923,-0.22323083937785926,-0.02709346553022135,-2.835285200780178
1774257649.6348703,0.009931325912475586,-0.18860855369369903,-0.18860855369369905,0.0346222856841602,3.486169519486637
1774257649.6451719,0.010301589965820312,-0.16045015342071667,-0.1604501534207167,0.02815840027298236,2.7334033257399324
1774257649.6549659,0.009793996810913086,-0.15651012762103084,-0.15651012762103086,0.003940025799685831,0.402289879785912
1774257649.6653066,0.010340690612792969,-0.21484900626232645,-0.21484900626232648,-0.05833887864129561,-5.641681085509101
1774257649.6748264,0.009519815444946289,-0.17131692776175853,-0.17131692776175855,0.04353207850056792,4.572785969677328
1774257649.6864007,0.011574268341064453,-0.11619830314450773,-0.11619830314450776,0.0551186246172508,4.76216923550104
1774257649.694676,0.008275270462036133,-0.09780081904712408,-0.09780081904712411,0.01839748409738365,2.2231882549077366
1774257649.7047162,0.010040283203125,-0.08952456476940784,-0.08952456476940787,0.008276254277716236,0.8243048637453058
1774257649.7148595,0.010143280029296875,-0.07116100137909671,-0.07116100137909674,0.01836356339031113,1.8104166834861681
1774257649.7246912,0.009831666946411133,-0.056130603571556366,-0.056130603571556394,0.015030397807540348,1.5287741020384051
1774257649.7349,0.010208845138549805,-0.055952288181331314,-0.05595228818133134,0.000178315390225052,0.01746675434929579
1774257649.7459102,0.011010169982910156,-0.053580177211350444,-0.05358017721135047,0.00237211096998087,0.21544726136497713
1774257649.7549167,0.009006500244140625,-0.004265045392572745,-0.004265045392572775,0.0493151318187777,5.475504411478891
1774257649.7653174,0.010400772094726562,0.02540504478879847,0.025405044788798434,0.02967009018137121,2.852681503944755
1774257649.7763135,0.010996103286743164,0.020452281196665815,0.02045228119666578,-0.004952763592132654,-0.4504107921670467
1774257649.784897,0.008583545684814453,0.013763494369115866,0.013763494369115833,-0.006688786827549947,-0.7792568564507543
1774257649.7947896,0.009892463684082031,0.0054263032292530475,0.0054263032292530145,-0.008337191139862818,-0.8427820820083674
1774257649.807375,0.01258540153503418,0.013459963192148502,0.01345996319214847,0.008033659962895455,0.6383316368994687
1774257649.8151147,0.0077397823333740234,0.024266161884434135,0.024266161884434104,0.010806198692285635,1.3961889658949698
1774257649.824762,0.009647369384765625,0.009616782623905541,0.00961678262390551,-0.014649379260528594,-1.518484332491897
1774257649.8346982,0.009936094284057617,0.028020544704596598,0.028020544704596563,0.018403762080691055,1.8522129072607274
1774257649.8446922,0.009994029998779297,-0.03139395196318759,-0.03139395196318762,-0.059414496667784186,-5.944998831806715
1774257649.8547747,0.010082483291625977,-0.05461937155534943,-0.05461937155534947,-0.023225419592161844,-2.303541589942604
1774257649.865915,0.01114034652709961,-0.05192086990620936,-0.051920869906209394,0.002698501649140074,0.24222780167347535
1774257649.8748736,0.008958578109741211,-0.1201698273642095,-0.12016982736420953,-0.06824895745800014,-7.618280113424346
1774257649.8847456,0.009871959686279297,-0.1376198777131749,-0.13761987771317494,-0.017450050348965407,-1.767637926360117
1774257649.8955812,0.010835647583007812,-0.15144907729266943,-0.15144907729266946,-0.013829199579494522,-1.2762688592033136
1774257649.9047692,0.009187936782836914,-0.12734921395996054,-0.12734921395996057,0.024099863332708887,2.6229896768257577
1774257649.91477,0.01000070571899414,-0.15361278021653907,-0.1536127802165391,-0.026263566256578524,-2.6261712917616062
1774257649.9251823,0.010412454605102539,-0.26212372613724133,-0.26212372613724133,-0.10851094592070223,-10.421264729214505
1774257649.9347634,0.00958108901977539,-0.2878110998080316,-0.2878110998080316,-0.02568737367079027,-2.681049473371082
1774257649.9449725,0.010209083557128906,-0.31123216773379464,-0.31123216773379464,-0.02342106792576304,-2.2941400954063433
1774257649.955517,0.010544538497924805,-0.34432729061186207,-0.34432729061186207,-0.03309512287806743,-3.1386032574664737
1774257649.9651322,0.009615182876586914,-0.3500932887897332,-0.3500932887897332,-0.005765998177871157,-0.5996763922100152
1774257649.9755046,0.010372400283813477,-0.32054492051885447,-0.32054492051885447,0.029548368270878755,2.848749321503732
1774257649.9860334,0.010528802871704102,-0.3344153877348259,-0.3344153877348259,-0.013870467215971405,-1.3173831237023104
1774257649.9947715,0.008738040924072266,-0.3929105202197021,-0.3929105202197021,-0.0584951324848762,-6.694307453256376
1774257650.0049174,0.010145902633666992,-0.41238696430440164,-0.41238696430440164,-0.019476444084699562,-1.9196364077131174
1774257650.0154262,0.01050877571105957,-0.41170459695452577,-0.41170459695452577,0.0006823673498758676,0.06493309674101574
1774257650.0253053,0.009879112243652344,-0.38857705320766,-0.38857705320766,0.023127543746865764,2.341054861657835
1774257650.0354652,0.010159969329833984,-0.3367723036450436,-0.3367723036450436,0.05180474956261638,5.098908065646974
1774257650.045765,0.0102996826171875,-0.29865187677962357,-0.29865187677962357,0.038120426865420054,3.70112636304025
1774257650.0583694,0.012604475021362305,-0.3839220373132409,-0.3839220373132409,-0.08527016053361736,-6.765070372950865
1774257650.065022,0.0066525936126708984,-0.37894708408147926,-0.37894708408147926,0.00497495323176167,0.7478216048378632
1774257650.0757184,0.0106964111328125,-0.35292564914381547,-0.35292564914381547,0.02602143493766379,2.432725763302046
1774257650.087788,0.0120697021484375,-0.30460083671166555,-0.30460083671166555,0.04832481243214992,4.003811513973928
1774257650.0950565,0.007268428802490234,-0.26046598478729277,-0.26046598478729277,0.044134851924372775,6.072131009834168
1774257650.1051142,0.010057687759399414,-0.2138758431744505,-0.2138758431744505,0.04659014161284228,4.632291509477559
1774257650.1168897,0.011775493621826172,-0.235493075539234,-0.235493075539234,-0.021617232364783495,-1.8357814168159723
1774257650.124906,0.008016347885131836,-0.19908458775081594,-0.19908458775081594,0.03640848778841804,4.541779911516311
1774257650.1350207,0.010114669799804688,-0.16795374004740565,-0.16795374004740565,0.03113084770341029,3.0777917934613566
1774257650.1450806,0.010059833526611328,-0.12241375940482534,-0.12241375940482534,0.045539980642580316,4.526911953573901
1774257650.1551144,0.010033845901489258,-0.08248131862909562,-0.08248131862909562,0.039932440775729716,3.9797741731117084
1774257650.164844,0.009729623794555664,-0.018288084743313674,-0.018288084743313657,0.06419323388578196,6.597709761573938
1774257650.17544,0.010596036911010742,-0.0029253669792386966,-0.00292536697923868,0.015362717764074977,1.4498550630859917
1774257650.185076,0.00963592529296875,0.013923431362784441,0.01392343136278446,0.01684879834202314,1.748539743694107
1774257650.195428,0.010351896286010742,0.0020990707710215623,0.0020990707710215797,-0.01182436059176288,-1.1422410218446628
1774257650.206439,0.011011123657226562,0.014765827621949668,0.014765827621949685,0.012666756850928105,1.150360058177619
1774257650.21501,0.00857090950012207,0.007472052765931124,0.007472052765931142,-0.007293774856018543,-0.8509919345099446
1774257650.2249846,0.00997471809387207,0.024912847057497155,0.02491284705749717,0.017440794291566027,1.7484999703681563
1774257650.2351832,0.010198593139648438,0.016304894854070936,0.016304894854070953,-0.008607952203426215,-0.8440332980792825
1774257650.2452931,0.010109901428222656,-0.012486457484390142,-0.012486457484390125,-0.028791352338461078,-2.8478370974110145
1774257650.2550633,0.00977015495300293,0.001645270338930106,0.0016452703389301243,0.014131727823320249,1.4464179832661463
1774257650.2649672,0.009903907775878906,-0.003158234534474313,-0.003158234534474295,-0.004803504873404419,-0.4850110665512674
1774257650.2752285,0.010261297225952148,-0.010318953577731773,-0.010318953577731754,-0.007160719043257459,-0.6978376013850446
1774257650.2852669,0.010038375854492188,-0.024900528199607187,-0.02490052819960717,-0.014581574621875416,-1.4525830506087436
1774257650.2955277,0.010260820388793945,-0.004735536707929459,-0.004735536707929443,0.020164991491677726,1.965241640298112
1774257650.3051353,0.009607553482055664,-0.014669229510353349,-0.014669229510353331,-0.009933692802423889,-1.0339461363371398
1774257650.3150342,0.009898900985717773,-0.01711424817323781,-0.017114248173237794,-0.002445018662884463,-0.24699900185001936
1774257650.3249497,0.009915590286254883,-0.011046979407604053,-0.011046979407604036,0.0060672687656337584,0.6118918380526759
1774257650.3350644,0.010114669799804688,-0.024461255032287414,-0.024461255032287396,-0.01341427562468336,-1.3262198262707883
1774257650.3468046,0.01174020767211914,-0.0407237079096109,-0.040723707909610884,-0.01626245287732349,-1.3851929481574554
1774257650.3553743,0.008569717407226562,-0.05672705900313638,-0.05672705900313637,-0.016003351093525485,-1.8674304335905385
1774257650.3651383,0.009763956069946289,-0.035974419721343256,-0.03597441972134324,0.020752639281793127,2.1254334957190446
1774257650.3777993,0.012660980224609375,-0.0797628516086982,-0.07976285160869817,-0.04378843188735493,-3.4585341032475956
1774257650.3852322,0.0074329376220703125,-0.10796824540038265,-0.10796824540038262,-0.02820539379168445,-3.794649602323494
1774257650.3951104,0.009878158569335938,-0.12056330340585135,-0.12056330340585132,-0.012595058005468701,-1.275041083524073
1774257650.4078748,0.012764453887939453,-0.11138837886222765,-0.11138837886222762,0.009174924543623703,0.7187870804478887
1774257650.415125,0.007250070571899414,-0.11963393313808147,-0.11963393313808145,-0.008245554275853828,-1.1373067605455889
1774257650.425029,0.009904146194458008,-0.14051951911686353,-0.1405195191168635,-0.020885585978782054,-2.1087719798066846
1774257650.4351182,0.01008915901184082,-0.1624946308482098,-0.16249463084820978,-0.02197511173134628,-2.1780915243337815
1774257650.4450145,0.009896278381347656,-0.2546641933398382,-0.25466419333983814,-0.09216956249162836,-9.313557980073403
1774257650.455126,0.010111570358276367,-0.24947654204121092,-0.24947654204121086,0.005187651298627277,0.513041111797354
1774257650.4656134,0.01048731803894043,-0.2849886955792238,-0.28498869557922374,-0.035512153538012875,-3.3861997324914532
1774257650.4752545,0.009641170501708984,-0.25576675480671024,-0.2557667548067102,0.029221940772513555,3.0309536344506824
1774257650.4851546,0.009900093078613281,-0.23858572837471295,-0.2385857283747129,0.017181026431997287,1.7354408989459578
1774257650.4960775,0.010922908782958984,-0.2524793105657454,-0.25247931056574535,-0.013893582191032455,-1.2719672449071504
1774257650.5057662,0.009688615798950195,-0.23197597397178912,-0.23197597397178907,0.020503336593956284,2.1162297091167463
1774257650.5164378,0.010671615600585938,-0.26404872289167325,-0.2640487228916732,-0.032072748919884125,-3.005425806203433
1774257650.525173,0.008735179901123047,-0.28587336880361003,-0.28587336880361,-0.02182464591193678,-2.4984769814678773
1774257650.535285,0.01011204719543457,-0.2736690888319297,-0.27366908883192964,0.012204279971680332,1.2069049655138449
1774257650.5478315,0.012546539306640625,-0.2516398068421349,-0.2516398068421348,0.022029281989794813,1.7558054417551754
1774257650.5553942,0.0075626373291015625,-0.2710924010918908,-0.27109240109189076,-0.019452594249755928,-2.5721971586421275
1774257650.5652697,0.00987553596496582,-0.3024452384927222,-0.30244523849272215,-0.03135283740083139,-3.17479856405342
1774257650.5755925,0.010322809219360352,-0.2890177118095669,-0.28901771180956687,0.013427526683155278,1.3007628444757122
1774257650.5853133,0.009720802307128906,-0.3002037578930507,-0.30020375789305065,-0.01118604608348378,-1.150732802711183
1774257650.5952282,0.009914875030517578,-0.32629736693662015,-0.3262973669366201,-0.026093609043569443,-2.6317637855499325
1774257650.6054728,0.010244607925415039,-0.31621375212933306,-0.316213752129333,0.010083614807287089,0.9842850874040231
1774257650.6153588,0.009886026382446289,-0.30206516025993196,-0.3020651602599319,0.014148591869401095,1.43117075780047
1774257650.625424,0.010065078735351562,-0.2938522625238622,-0.29385226252386215,0.008212897736069757,0.8159794823286983
1774257650.6353588,0.00993490219116211,-0.2664966050944262,-0.26649660509442613,0.02735565742943602,2.753490361864968
1774257650.6459072,0.01054835319519043,-0.31568303685990995,-0.3156830368599099,-0.04918643176548376,-4.6629488845624305
1774257650.6594577,0.013550519943237305,-0.37268542065515275,-0.3726854206551527,-0.057002383795242806,-4.206656573624036
1774257650.6655998,0.006142139434814453,-0.3627574922517691,-0.36275749225176906,0.009927928403383635,1.6163632409760729
1774257650.6753595,0.009759664535522461,-0.3612977593758031,-0.36129775937580305,0.0014597328759660133,0.14956793552206554
1774257650.6862164,0.010856866836547852,-0.3534616882672297,-0.3534616882672296,0.007836071108573428,0.7217617408914501
1774257650.6957963,0.009579896926879883,-0.3205859477840332,-0.32058594778403315,0.03287574048319647,3.4317426099806596
1774257650.7056367,0.00984048843383789,-0.300185220725076,-0.3001852207250759,0.020400727058957235,2.073141714064364
1774257650.7173553,0.011718511581420898,-0.33706144706401686,-0.3370614470640168,-0.03687622633894089,-3.1468353367851134
1774257650.7255104,0.008155107498168945,-0.3585544414687313,-0.3585544414687312,-0.021492994404714416,-2.635525578239184
1774257650.7355106,0.010000228881835938,-0.38783914003463,-0.38783914003462994,-0.029284698565898715,-2.9284028307682446
1774257650.7474482,0.011937618255615234,-0.387918093476951,-0.38791809347695094,-7.895344232100587e-05,-0.006613835409242345
1774257650.7554026,0.00795435905456543,-0.3612738055625594,-0.36127380556255934,0.026644287914391607,3.349646116251068
1774257650.7654681,0.010065555572509766,-0.3067506850874994,-0.30675068508749936,0.05452312047505997,5.416801892581978
1774257650.7754624,0.009994268417358398,-0.32888972409428396,-0.3288897240942839,-0.022139039006784544,-2.215173545702723
1774257650.7855887,0.010126352310180664,-0.38482859384118046,-0.3848285938411804,-0.05593886974689649,-5.524088836081439
1774257650.7957795,0.010190725326538086,-0.4090996553422966,-0.40909965534229653,-0.02427106150111613,-2.381681452831514
1774257650.805462,0.009682416915893555,-0.37555766073856456,-0.3755576607385645,0.03354199460373203,3.4642171365987457
1774257650.8159106,0.010448694229125977,-0.3515161127972003,-0.35151611279720024,0.02404154794136426,2.300914106027516
1774257650.8258467,0.009936094284057617,-0.28732834688399567,-0.2873283468839956,0.06418776591320463,6.460060067686091
1774257650.835294,0.009447336196899414,-0.2820301042283825,-0.28203010422838243,0.005298242655613183,0.5608186842500693
1774257650.8454013,0.010107278823852539,-0.30778777607122093,-0.3077877760712209,-0.025757671842838448,-2.5484279489798944
1774257650.8555474,0.010146141052246094,-0.31516291804959207,-0.315162918049592,-0.007375141978371136,-0.7268913314326997
1774257650.8655002,0.009952783584594727,-0.3102446263383399,-0.3102446263383398,0.004918291711252187,0.4941624289776475
1774257650.8752966,0.009796380996704102,-0.28330231991600274,-0.2833023199160027,0.026942306422337137,2.7502305628376047
1774257650.8858495,0.01055288314819336,-0.1649129437287624,-0.16491294372876233,0.11838937618724035,11.21867593194268
1774257650.8955932,0.009743690490722656,-0.13876721797511107,-0.13876721797511102,0.026145725753651317,2.6833493714261216
1774257650.90604,0.010446786880493164,-0.16609505789887766,-0.1660950578988776,-0.027327839923766584,-2.6159086268711658
1774257650.915579,0.009539127349853516,-0.13852555862191793,-0.13852555862191787,0.02756949927695973,2.8901489901361987
1774257650.9254637,0.00988459587097168,-0.1214761547845816,-0.12147615478458154,0.01704940383733633,1.724845816651514
1774257650.9355953,0.010131597518920898,-0.09591734692611183,-0.09591734692611177,0.02555880785846977,2.5226829047184656
1774257650.9458287,0.010233402252197266,-0.07297147000390011,-0.07297147000390006,0.022945876922211714,2.242253002151351
1774257650.9561675,0.010338783264160156,-0.030015050515697576,-0.030015050515697528,0.04295641948820253,4.15488151658163
1774257650.9671261,0.010958671569824219,-0.05245442495719921,-0.05245442495719916,-0.022439374441501632,-2.047636367102255
1774257650.9754739,0.008347749710083008,-0.033347112906039755,-0.03334711290603971,0.019107312051159453,2.288917698152866
1774257650.9857838,0.010309934616088867,-0.006297548152707746,-0.006297548152707694,0.027049564753332013,2.6236407659773713
1774257650.9986875,0.012903690338134766,0.007398636121826423,0.007398636121826476,0.01369618427453417,1.0614160690184355
1774257651.0054262,0.0067386627197265625,-0.009690654830620204,-0.009690654830620152,-0.01708929095244663,-2.5360062765005202
1774257651.0157294,0.010303258895874023,-0.018691242331143984,-0.018691242331143932,-0.00900058750052378,-0.8735670520836952
1774257651.030041,0.014311552047729492,0.0038207516135834174,0.0038207516135834695,0.0225119939447274,1.5729945899402922
1774257651.0354772,0.0054361820220947266,-0.019495444936210762,-0.01949544493621071,-0.02331619654979418,-4.289075762185339
1774257651.0458353,0.010358095169067383,-0.12389997201103668,-0.12389997201103663,-0.10440452707482592,-10.079510312534254
1774257651.0561593,0.01032400131225586,-0.1706590793029056,-0.17065907930290555,-0.046759107291868926,-4.529165182917994
1774257651.0656147,0.009455442428588867,-0.16939319150075777,-0.1693931915007577,0.0012658878021478415,0.13387927764441615
1774257651.075588,0.009973287582397461,-0.11323296124788354,-0.11323296124788348,0.05616023025287423,5.631064961166393
1774257651.0860906,0.01050257682800293,-0.15722194550349863,-0.15722194550349858,-0.04398898425561509,-4.188399187742921
1774257651.0958576,0.00976705551147461,-0.20037513374817317,-0.20037513374817312,-0.04315318824467454,-4.418239273236132
1774257651.105673,0.009815454483032227,-0.17229451346069036,-0.1722945134606903,0.028080620287482816,2.860857878361639
1774257651.115792,0.010118961334228516,-0.20879576233897995,-0.2087957623389799,-0.036501248878289594,-3.6072130006881284
1774257651.1255908,0.009798765182495117,-0.24290249542481052,-0.24290249542481046,-0.034106733085830565,-3.4807174629268713
1774257651.1364994,0.01090860366821289,-0.3138842216147019,-0.31388422161470186,-0.0709817261898914,-6.506948858791937
1774257651.1463466,0.009847164154052734,-0.28893630058672864,-0.2889363005867286,0.024947921027973274,2.533513267137485
1774257651.155505,0.00915837287902832,-0.27643035242111874,-0.2764303524211187,0.012505948165609904,1.365520745966477
1774257651.1657083,0.010203361511230469,-0.30755937449675597,-0.3075593744967559,-0.031129022075637225,-3.0508594683599757
1774257651.1766276,0.010919332504272461,-0.31031139181802897,-0.3103113918180289,-0.0027520173212730037,-0.2520316438936362
1774257651.185667,0.00903940200805664,-0.35537832410450215,-0.3553783241045021,-0.04506693228647318,-4.9856099160437735
1774257651.1957843,0.010117292404174805,-0.3886428717250239,-0.3886428717250238,-0.03326454762052172,-3.287890306184629
1774257651.206389,0.010604619979858398,-0.3869937012181781,-0.38699370121817805,0.0016491705068457652,0.15551434280323795
1774257651.2156737,0.009284734725952148,-0.3839989011496738,-0.3839989011496737,0.002994800068504333,0.32255095669383455
1774257651.227354,0.011680364608764648,-0.4214654744619955,-0.42146547446199545,-0.03746657331232173,-3.207654432654248
1774257651.2358384,0.008484363555908203,-0.4047563392078307,-0.40475633920783066,0.016709135254164786,1.9694034966864604
1774257651.246381,0.010542631149291992,-0.39575330202771003,-0.39575330202771,0.009003037180120688,0.8539649213398973
1774257651.25828,0.011898994445800781,-0.4122188240878725,-0.41221882408787247,-0.016465522060162496,-1.3837742453920774
1774257651.2657578,0.007477760314941406,-0.3856775721207912,-0.3856775721207911,0.026541251967081347,3.54935847757101
1774257651.275861,0.010103225708007812,-0.32437237812163405,-0.324372378121634,0.061305193999157126,6.067883245503133
1774257651.28608,0.01021885871887207,-0.39129825365870025,-0.3912982536587002,-0.06692587553706619,-6.54925147496836
1774257651.2959177,0.009837865829467773,-0.3573802774019131,-0.357380277401913,0.03391797625678716,3.4476965680088076
1774257651.3057353,0.00981760025024414,-0.3327770521875297,-0.3327770521875296,0.024603225214383406,2.5060324913689147
1774257651.3162303,0.01049494743347168,-0.3191085316564852,-0.3191085316564851,0.013668520531044503,1.3023905662882411
1774257651.3258955,0.009665250778198242,-0.32559923603347934,-0.3255992360334793,-0.006490704376994172,-0.6715505397578668
1774257651.335708,0.009812355041503906,-0.21495606905627251,-0.21495606905627246,0.11064316697720683,11.275903339128353
1774257651.3458087,0.010100841522216797,-0.2026615815913106,-0.20266158159131054,0.012294487464961923,1.2171745728234824
1774257651.3559737,0.010164976119995117,-0.15102098067867503,-0.15102098067867498,0.05164060091263556,5.080248128773801
1774257651.3658714,0.009897708892822266,-0.10623300539051536,-0.1062330053905153,0.04478797528815967,4.525085125572801
1774257651.3758366,0.009965181350708008,-0.05054206819873773,-0.050542068198737675,0.05569093719177763,5.588552303448135
1774257651.3858478,0.01001119613647461,-0.07875674902322255,-0.0787567490232225,-0.02821468082448482,-2.8183126611302685
1774257651.3973966,0.011548757553100586,-0.04219744256355383,-0.042197442563553775,0.03655930645966872,3.1656484510624567
1774257651.4057856,0.008388996124267578,-0.033450990537543454,-0.0334509905375434,0.008746452026010376,1.0426100926079527
1774257651.415934,0.01014852523803711,0.01303927487519624,0.0130392748751963,0.0464902654127397,4.580987318087576
1774257651.427695,0.011760950088500977,0.03269086079594357,0.03269086079594363,0.019651585920747332,1.6709182313392572
1774257651.4357457,0.008050680160522461,0.05276688043643962,0.052766880436439685,0.020076019640496053,2.493704785210743
1774257651.445805,0.010059356689453125,0.05599206221726305,0.05599206221726311,0.0032251817808234273,0.32061511291322586
1774257651.4583778,0.012572765350341797,0.041077413856870436,0.0410774138568705,-0.014914648360392614,-1.1862663419537336
1774257651.465892,0.007514238357543945,0.057779558288513826,0.05777955828851389,0.01670214443164339,2.2227328488821776
1774257651.4757907,0.009898662567138672,0.05239868542594389,0.052398685425943954,-0.005380872862569934,-0.5435959480458723
1774257651.4859037,0.010113000869750977,0.07257276407133097,0.07257276407133104,0.020174078645387082,1.994865708528694
1774257651.4960668,0.010163068771362305,0.06507040661154506,0.06507040661154513,-0.007502357459785905,-0.7381980412182387
1774257651.5057614,0.009694576263427734,0.010404261801187342,0.01040426180118742,-0.05466614481035771,-5.638837977538306
1774257651.5158417,0.010080337524414062,-0.048596098591139815,-0.04859609859113974,-0.05900036039232716,-5.85301437074218
1774257651.526076,0.010234355926513672,-0.025704027137158792,-0.025704027137158716,0.022892071453981023,2.236786722911951
1774257651.53732,0.011243820190429688,-0.03980719380413233,-0.03980719380413225,-0.014103166666973536,-1.2543038245113183
1774257651.5459828,0.008662939071655273,-0.06454328200169375,-0.06454328200169368,-0.02473608819756143,-2.855392147279061
1774257651.5562906,0.010307788848876953,-0.0924425015676321,-0.09244250156763203,-0.027899219565938355,-2.7066153541724915
1774257651.5676303,0.011339664459228516,-0.10155934094920399,-0.10155934094920392,-0.009116839381571887,-0.8039778790943293
1774257651.5759199,0.008289575576782227,-0.14977143197369097,-0.14977143197369092,-0.048212091024486994,-5.815990285379789
1774257651.5859137,0.009993791580200195,-0.21571603231196804,-0.21571603231196798,-0.06594460033827707,-6.598556694831139
1774257651.5984657,0.012552022933959961,-0.29437435644288795,-0.2943743564428879,-0.07865832413091992,-6.266585437643435
1774257651.605836,0.0073702335357666016,-0.30913404624859436,-0.3091340462485943,-0.01475968980570641,-2.0026081580834476
1774257651.6164057,0.01056981086730957,-0.33234301591494575,-0.3323430159149457,-0.023208969666351387,-2.1957790879808785
1774257651.6263733,0.009967565536499023,-0.28558839841638767,-0.2855883984163876,0.04675461749855808,4.690675704850197
1774257651.635942,0.00956869125366211,-0.27889749386291945,-0.2788974938629194,0.006690904553468213,0.6992497067880087
1774257651.6460326,0.01009058952331543,-0.2928141860294153,-0.2928141860294152,-0.013916692166495825,-1.3791753330506369
1774257651.6560698,0.01003718376159668,-0.34980286230800495,-0.3498028623080049,-0.05698867627858967,-5.677755596807377
1774257651.6658874,0.00981760025024414,-0.39554741602296223,-0.3955474160229622,-0.04574455371495728,-4.659443504416441
1774257651.676386,0.010498762130737305,-0.4102652792784306,-0.41026527927843054,-0.014717863255468366,-1.4018665317103212
1774257651.6862552,0.009869098663330078,-0.39797983659117925,-0.3979798365911792,0.012285442687251347,1.2448393826377995
1774257651.6961453,0.009890079498291016,-0.37441192676557844,-0.3744119267655784,0.023567909825600808,2.382984871827703
1774257651.705975,0.00982975959777832,-0.40626156437775945,-0.4062615643777594,-0.031849637612181014,-3.2401237584060074
1774257651.7159646,0.009989500045776367,-0.40236808608322056,-0.4023680860832205,0.003893478294538899,0.3897570725959494
1774257651.7260332,0.010068655014038086,-0.42420152666485156,-0.4242015266648515,-0.021833440581631003,-2.1684565169022103
1774257651.7368696,0.010836362838745117,-0.4013259878591139,-0.40132598785911383,0.022875538805737672,2.1109978639647253
1774257651.7460213,0.009151697158813477,-0.34941286220188433,-0.3494128622018843,0.05191312565722955,5.672513497371904
1774257651.7559829,0.009961605072021484,-0.322585430474614,-0.32258543047461397,0.026827431727270312,2.693083246455813
1774257651.767839,0.0118560791015625,-0.3326220833743318,-0.33262208337433175,-0.01003665289971778,-0.8465406492096582
1774257651.7758493,0.008010387420654297,-0.3243482723426605,-0.32434827234266045,0.008273811031671297,1.0328852522585583
1774257651.7860472,0.010197877883911133,-0.32142213900804295,-0.3214221390080429,0.0029261333346175533,0.28693551422438784
1774257651.7986577,0.012610435485839844,-0.32513593969872906,-0.325135939698729,-0.0037138006906861087,-0.29450217598403367
1774257651.80603,0.007372379302978516,-0.25984910189725496,-0.2598491018972549,0.0652868378014741,8.855599409419638
1774257651.8159244,0.009894371032714844,-0.24198116932622765,-0.2419811693262276,0.017867932571027312,1.805868459141931
1774257651.8261888,0.010264396667480469,-0.25143251392951227,-0.2514325139295122,-0.009451344603284617,-0.9207891032921834
1774257651.8360686,0.009879827499389648,-0.2730347004138359,-0.2730347004138358,-0.021602186484323604,-2.1864942971583394
1774257651.846104,0.010035276412963867,-0.3056923508905865,-0.30569235089058644,-0.03265765047675062,-3.254285097176048
1774257651.856209,0.010105133056640625,-0.3146667119549967,-0.3146667119549966,-0.008974361064410186,-0.8880992475910697
1774257651.8665905,0.010381460189819336,-0.22680497758790788,-0.22680497758790785,0.08786173436708877,8.463331049831613
1774257651.8760803,0.009489774703979492,-0.23561426028185653,-0.2356142602818565,-0.00880928269394865,-0.92829207950053
1774257651.886678,0.010597705841064453,-0.2691778839590376,-0.2691778839590375,-0.03356362367718102,-3.1670650403530947
1774257651.8961031,0.009425163269042969,-0.2577297966085462,-0.25772979660854617,0.011448087350491354,1.2146301367630095
1774257651.907485,0.011381864547729492,-0.23250123504509193,-0.23250123504509188,0.025228561563454294,2.21655788097452
1774257651.9160082,0.008523225784301758,-0.23709873184804126,-0.2370987318480412,-0.004597496802949325,-0.5394080738089895
1774257651.9260294,0.010021209716796875,-0.20808402672515955,-0.2080840267251595,0.029014705122881707,2.8953296002027797
1774257651.9379728,0.011943340301513672,-0.19995875786875472,-0.19995875786875467,0.008125268856404827,0.6803179555534433
1774257651.9460368,0.008064031600952148,-0.12438355118530932,-0.12438355118530926,0.0755752066834454,9.371888705709186
1774257651.957656,0.011619091033935547,-0.06887050307857019,-0.06887050307857014,0.05551304810673913,4.777744484883004
1774257651.9686718,0.011015892028808594,-0.06498806222056112,-0.06498806222056107,0.0038824408580090675,0.3524399883237569
1774257651.975999,0.00732731819152832,-0.05444816895921528,-0.054448168959215226,0.010539893261345842,1.4384380459322523
1774257651.9860468,0.010047674179077148,-0.04072164642717167,-0.04072164642717162,0.013726522532043609,1.366139296258943
1774257651.9965627,0.010515928268432617,-0.019870172106246645,-0.01987017210624659,0.020851474320925028,1.9828467624221355
1774257652.006209,0.009646177291870117,0.011281612498748109,0.011281612498748164,0.031151784604994754,3.229443505174817
1774257652.0160842,0.009875297546386719,0.01511712781892685,0.015117127818926905,0.0038355153201787406,0.38839491186593367
1774257652.02658,0.010495901107788086,0.008678431046419964,0.008678431046420021,-0.006438696772506884,-0.6134486888152264
1774257652.036104,0.009523868560791016,-0.00806561028384334,-0.008065610283843283,-0.016744041330263304,-1.7581134413380237
1774257652.0463521,0.010248184204101562,-0.008681896025514158,-0.008681896025514101,-0.0006162857416708179,-0.06013609136964634
1774257652.056728,0.010375738143920898,-0.020100964148484373,-0.020100964148484314,-0.011419068122970213,-1.1005547715812969
1774257652.0660644,0.009336471557617188,-0.0523810790373181,-0.05238107903731804,-0.03228011488883373,-3.457421220599971
1774257652.0763948,0.010330438613891602,-0.07259111663027801,-0.07259111663027795,-0.02021003759295991,-1.9563581323432833
1774257652.0867705,0.010375738143920898,-0.09013601412828424,-0.09013601412828419,-0.017544897498006237,-1.6909541523352456
1774257652.096638,0.009867429733276367,-0.147512569810166,-0.14751256981016594,-0.057376555681881755,-5.814741754723449
1774257652.1064649,0.009826898574829102,-0.2060020401988767,-0.20600204019887663,-0.05848947038871069,-5.951976602112012
1774257652.1166596,0.010194778442382812,-0.24207465798054623,-0.24207465798054617,-0.036072617781669536,-3.5383424942031727
1774257652.126305,0.009645462036132812,-0.2832343567985888,-0.28323435679858877,-0.0411596988180426,-4.267260465476354
1774257652.1366053,0.010300159454345703,-0.3024812233773959,-0.30248122337739586,-0.019246866578807087,-1.8685988953973631
1774257652.1466205,0.010015249252319336,-0.32861818900411766,-0.3286181890041176,-0.026136965626721742,-2.6097169394629827
1774257652.1566553,0.010034799575805664,-0.34771440889361266,-0.3477144088936126,-0.019096219889495003,-1.9029996309579331
1774257652.166308,0.00965261459350586,-0.37190657728721066,-0.3719065772872106,-0.024192168393598,-2.5062813975680895
1774257652.176498,0.010190010070800781,-0.4335605762454278,-0.43356057624542776,-0.06165399895821716,-6.050435527525645
1774257652.186374,0.009876012802124023,-0.4524978397030486,-0.4524978397030485,-0.018937263457620757,-1.9175009021401774
1774257652.1963017,0.009927749633789062,-0.47821660851162323,-0.4782166085116232,-0.025718768808574655,-2.5905940175043205
1774257652.2156475,0.019345760345458984,-0.5486164860900826,-0.5486164860900826,-0.07039987757845945,-3.639033892766296
1774257652.2195837,0.003936290740966797,-0.5420220461047256,-0.5420220461047256,0.006594439985357026,1.6752929138911516
1774257652.2263186,0.0067348480224609375,-0.4555580955536517,-0.4555580955536517,0.08646395055107392,12.838292751776109
1774257652.2472205,0.020901918411254883,-0.5219274712100207,-0.5219274712100207,-0.06636937565636902,-3.1752767545313763
1774257652.2511072,0.003886699676513672,-0.5308275489077572,-0.5308275489077572,-0.008900077697736486,-2.2898804740477816
1774257652.256201,0.005093812942504883,-0.5178857210152771,-0.5178857210152771,0.012941827892480107,2.5406955533227653
1774257652.271086,0.01488494873046875,-0.47354453905380317,-0.47354453905380317,0.04434118196147391,2.978927422887908
1774257652.2779405,0.006854534149169922,-0.40195768428496037,-0.40195768428496037,0.0715868547688428,10.443722827978311
1774257652.2864351,0.00849461555480957,-0.38615761266622395,-0.38615761266622395,0.015800071618736422,1.8600102049104001
1774257652.2965734,0.010138273239135742,-0.37764972541867875,-0.37764972541867875,0.008507887247545198,0.8391850413641515
1774257652.3076766,0.011103153228759766,-0.3807766199825656,-0.3807766199825656,-0.003126894563886873,-0.2816222112280216
1774257652.3163126,0.008635997772216797,-0.36915191251177965,-0.36915191251177965,0.011624707470785978,1.3460757838757527
1774257652.3263319,0.010019302368164062,-0.31532774193998625,-0.31532774193998625,0.053824170571793395,5.3720477328658705
1774257652.3382158,0.011883974075317383,-0.24354501025709765,-0.24354501025709765,0.0717827316828886,6.040296892937433
1774257652.3465202,0.008304357528686523,-0.24520475180650958,-0.24520475180650958,-0.001659741549411925,-0.19986393211979658
1774257652.3563583,0.009838104248046875,-0.250545886698911,-0.250545886698911,-0.0053411348924014,-0.5429028558486516
1774257652.3687828,0.012424468994140625,-0.23460323937476113,-0.23460323937476113,0.01594264732414985,1.2831652871175738
1774257652.376771,0.007988214492797852,-0.22790750174906432,-0.22790750174906432,0.006695737625696807,0.8382020327237911
1774257652.3865895,0.009818553924560547,-0.23300182366232505,-0.23300182366232505,-0.00509432191326073,-0.5188464566576935
1774257652.398967,0.012377500534057617,-0.15628362557427833,-0.15628362557427833,0.07671819808804672,6.198197921862405
1774257652.4069285,0.007961511611938477,-0.1202353912719684,-0.12023539127196839,0.03604823430230994,4.5278128148748475
1774257652.4181519,0.011223316192626953,-0.11065289991697716,-0.11065289991697715,0.009582491354991243,0.8538021374900198
1774257652.4270277,0.008875846862792969,-0.09630760318213229,-0.09630760318213227,0.014345296734844873,1.6162172417574618
1774257652.4367545,0.009726762771606445,-0.07814347949989033,-0.07814347949989031,0.01816412368224196,1.8674377188744806
1774257652.4466374,0.009882926940917969,-0.09457275816749207,-0.09457275816749205,-0.016429278667601743,-1.6623899747331048
1774257652.4564717,0.00983428955078125,-0.0645445747148681,-0.06454457471486809,0.030028183452623966,3.053416649730278
1774257652.4665878,0.010116100311279297,-0.0444763910521,-0.04447639105209999,0.0200681836627681,1.9837865427641503
1774257652.4764252,0.00983738899230957,0.009772895288311947,0.009772895288311961,0.05424928634041195,5.514602135060595
1774257652.488313,0.011887788772583008,-0.0064000237647077315,-0.006400023764707715,-0.016172919053019676,-1.360464873864476
1774257652.4992213,0.010908365249633789,-0.03900302530799376,-0.03900302530799374,-0.03260300154328602,-2.988807286626248
1774257652.5088432,0.009621858596801758,-0.016365891060048737,-0.016365891060048716,0.022637134247945022,2.352677917701831
1774257652.5169873,0.008144140243530273,0.0008802448327632916,0.000880244832763312,0.01724613589281203,2.1176128329214867
1774257652.5281003,0.01111292839050293,0.039884477137612166,0.03988447713761219,0.039004232304848875,3.509806860465488
1774257652.5381463,0.010046005249023438,0.05842089660467984,0.05842089660467986,0.018536419467067675,1.8451532731251143
1774257652.547081,0.008934736251831055,0.00915270501012137,0.009152705010121387,-0.049268191594558475,-5.514230102143375
1774257652.5584908,0.011409759521484375,-0.004997975296499825,-0.004997975296499807,-0.014150680306621194,-1.2402259907385176
1774257652.5699909,0.011500120162963867,-0.05992993050706954,-0.05992993050706952,-0.05493195521056971,-4.776641846532878
1774257652.5768173,0.0068264007568359375,-0.04492552682037224,-0.04492552682037222,0.015004403686697296,2.1979963118444124
1774257652.5869334,0.010116100311279297,-0.09185927566494402,-0.091859275664944,-0.046933748844571785,-4.639510028606713
1774257652.5965414,0.009608030319213867,-0.07630838957679814,-0.07630838957679813,0.01555088608814588,1.6185300807229612
1774257652.6064544,0.009912967681884766,-0.11055439642140856,-0.11055439642140855,-0.03424600684461042,-3.454667456163761
1774257652.6166337,0.010179281234741211,-0.1531876257234524,-0.1531876257234524,-0.04263322930204386,-4.188235723023299
1774257652.6266649,0.01003122329711914,-0.19626515252549434,-0.19626515252549434,-0.04307752680204194,-4.294344321336496
1774257652.6454294,0.018764495849609375,-0.2709702171505402,-0.2709702171505402,-0.07470506462504586,-3.9811922059499945
1774257652.6504567,0.005027294158935547,-0.26717161699022,-0.26717161699022,0.003798600160320187,0.7555953640724462
1774257652.6566305,0.006173849105834961,-0.26572887965871844,-0.26572887965871844,0.0014427373315015757,0.23368522728196117
1774257652.666715,0.010084390640258789,-0.2712505727041235,-0.2712505727041235,-0.005521693045405063,-0.5475485076273645
1774257652.677337,0.010622024536132812,-0.28028497250140405,-0.28028497250140405,-0.009034399797280546,-0.8505346383402088
1774257652.6866648,0.009327888488769531,-0.32050956727195734,-0.32050956727195734,-0.04022459477055329,-4.31229370065716
1774257652.696842,0.010177135467529297,-0.3420591235687622,-0.3420591235687622,-0.021549556296804884,-2.1174481135246666
1774257652.7087338,0.011891841888427734,-0.3424615537509924,-0.3424615537509924,-0.00040243018223018456,-0.033840862164657606
1774257652.7174082,0.008674383163452148,-0.301295244164072,-0.301295244164072,0.04116630958692041,4.745733363539528
1774257652.726793,0.009384870529174805,-0.3539462216584917,-0.3539462216584917,-0.052650977494419715,-5.610197533438879
1774257652.7391868,0.012393712997436523,-0.3386361604450465,-0.3386361604450465,0.015310061213445192,1.235308677602255
1774257652.7465563,0.007369518280029297,-0.32534116190380374,-0.32534116190380374,0.013294998541242775,1.8040525901497488
1774257652.7567077,0.010151386260986328,-0.32562589855657986,-0.32562589855657986,-0.0002847366527761186,-0.028049041328514383
1774257652.7666621,0.009954452514648438,-0.3699133184599346,-0.3699133184599346,-0.04428741990335472,-4.449006094326506
1774257652.7766087,0.009946584701538086,-0.3312179924835287,-0.3312179924835287,0.0386953259764059,3.890312819677921
1774257652.7868629,0.010254144668579102,-0.294393963392261,-0.294393963392261,0.036824029091267696,3.59113609973774
1774257652.7977746,0.010911703109741211,-0.25924674612905496,-0.25924674612905496,0.03514721726320602,3.221056961477354
1774257652.8069565,0.009181976318359375,-0.2542711117724126,-0.2542711117724126,0.004975634356642389,0.5418914386321821
1774257652.816739,0.009782552719116211,-0.23789257079894932,-0.23789257079894932,0.01637854097346325,1.6742604352601889
1774257652.8267748,0.01003575325012207,-0.21575051963580813,-0.21575051963580813,0.02214205116314119,2.206316816614823
1774257652.8369296,0.01015472412109375,-0.2405733996093711,-0.2405733996093711,-0.024822879973562972,-2.444466208786511
1774257652.8477733,0.010843753814697266,-0.233130017190412,-0.233130017190412,0.007443382418959116,0.6864211919741853
1774257652.8567698,0.00899648666381836,-0.19030170478461633,-0.19030170478461633,0.042828312405795654,4.760559761405585
1774257652.8668373,0.010067462921142578,-0.15066769928017765,-0.15066769928017765,0.039634005504438685,3.9368414678939327
1774257652.8773806,0.010543346405029297,-0.10210959917418287,-0.10210959917418287,0.048558100105994775,4.6055681223593306
1774257652.886677,0.009296417236328125,-0.08600476142993783,-0.08600476142993783,0.016104837744245037,1.7323703675122573
1774257652.8967938,0.010116815567016602,-0.11284362561376332,-0.11284362561376332,-0.026838864183825487,-2.652896457984964
1774257652.9085412,0.011747360229492188,-0.09820397067146015,-0.09820397067146015,0.014639654942303168,1.2462080549424004
1774257652.9167047,0.0081634521484375,-0.05382121036955152,-0.05382121036955152,0.04438276030190863,5.436763699338101
1774257652.926737,0.010032415390014648,-0.013535282636862213,-0.013535282636862211,0.04028592773268931,4.015576126641073
1774257652.9394398,0.012702703475952148,0.03808864887359352,0.03808864887359353,0.05162393151045574,4.064011382158647
1774257652.9472082,0.007768392562866211,0.015415795829128545,0.015415795829128557,-0.02267285304446497,-2.918602897701611
1774257652.9572666,0.010058403015136719,0.003480096245960344,0.0034800962459603547,-0.011935699583168202,-1.1866396251180602
1774257652.966882,0.009615421295166016,0.005283136865766504,0.005283136865766515,0.00180304061980616,0.18751550914494064
1774257652.9769275,0.010045528411865234,0.0027359291740638274,0.002735929174063838,-0.002547207691702677,-0.2535663219760598
1774257652.986975,0.010047435760498047,0.0019567277480114593,0.0019567277480114697,-0.0007792014260523681,-0.07755226752639058
1774257652.996996,0.010020971298217773,-0.01671988167407234,-0.016719881674072328,-0.0186766094220838,-1.8637524114459272
1774257653.0069528,0.009956836700439453,0.0014707411385877843,0.0014707411385877951,0.018190622812660123,1.8269479916103541
1774257653.0186737,0.011720895767211914,-0.010511271919877902,-0.010511271919877892,-0.011982013058465687,-1.0222779296429052
1774257653.0266166,0.007942914962768555,-0.042253819937856006,-0.04225381993785599,-0.0317425480179781,-3.996334867837239
1774257653.0370033,0.01038670539855957,-0.11687415501337126,-0.11687415501337123,-0.07462033507551524,-7.1842159965241335
1774257653.0487905,0.011787176132202148,-0.17578930219508068,-0.17578930219508065,-0.058915147181709426,-4.998241013872299
1774257653.05778,0.008989572525024414,-0.1773676872646513,-0.17736768726465127,-0.0015783850695706148,-0.17557954676674997
1774257653.0669115,0.009131431579589844,-0.1341558047812039,-0.13415580478120387,0.0432118824834474,4.732213356340819
1774257653.0785127,0.01160120964050293,-0.15935149081761205,-0.15935149081761202,-0.02519568603640815,-2.1718154241815664
1774257653.0867333,0.008220672607421875,-0.22009503692960186,-0.22009503692960183,-0.060743546111989816,-7.389121184214134
1774257653.09702,0.010286569595336914,-0.2566661693097522,-0.25666616930975217,-0.036571132380150334,-3.555231123573857
1774257653.1105127,0.013492822647094727,-0.2923333813620756,-0.29233338136207554,-0.03566721205232337,-2.6434210976606316
1774257653.1169014,0.006388664245605469,-0.30156913671967894,-0.3015691367196789,-0.009235755357603348,-1.4456473219666053
1774257653.1268702,0.009968757629394531,-0.3229715511876975,-0.32297155118769744,-0.02140241446801855,-2.146949024511338
1774257653.1392257,0.012355566024780273,-0.3266570059212917,-0.32665700592129165,-0.003685454733594218,-0.2982829541117489
1774257653.146882,0.0076563358306884766,-0.32638713718287893,-0.3263871371828789,0.0002698687384127818,0.03524776660541477
1774257653.1569223,0.010040283203125,-0.3640845401914494,-0.36408454019144937,-0.037697403008570496,-3.754615506944796
1774257653.168148,0.011225700378417969,-0.39662909590285095,-0.3966290959028509,-0.032544555711401524,-2.8991113796311754
1774257653.1769378,0.008789777755737305,-0.39749389635277926,-0.3974938963527792,-0.0008648004499283157,-0.09838706665408453
1774257653.187292,0.010354280471801758,-0.3695158024800309,-0.36951580248003085,0.027978093872748355,2.702079970592091
1774257653.1974773,0.01018524169921875,-0.3360283087954218,-0.3360283087954217,0.033487493684609126,3.287844773205309
1774257653.2069876,0.009510278701782227,-0.2722637700047662,-0.27226377000476615,0.06376453879065558,6.704802329158461
1774257653.217208,0.01022028923034668,-0.2882013998509124,-0.28820139985091237,-0.015937629846146217,-1.5594108431709814
1774257653.2275784,0.010370492935180664,-0.31653921709735333,-0.3165392170973533,-0.02833781724644091,-2.732542939237559
1774257653.237793,0.010214567184448242,-0.270331475185943,-0.27033147518594297,0.046207741911410305,4.523710214737434
1774257653.2473907,0.0095977783203125,-0.24339713965705181,-0.24339713965705176,0.026934335528891212,2.8063094009879404
1774257653.2574604,0.010069608688354492,-0.18900749260335445,-0.1890074926033544,0.054389647053697365,5.401366501619772
1774257653.2670805,0.009620189666748047,-0.15615106745037285,-0.1561510674503728,0.032856425152981594,3.415361473230516
1774257653.2775502,0.010469675064086914,-0.10397186027225382,-0.10397186027225376,0.05217920717811904,4.983842082845932
1774257653.2873757,0.009825468063354492,-0.13984372360898223,-0.13984372360898217,-0.03587186333672841,-3.6509063085266877
1774257653.2971313,0.009755611419677734,-0.10761723770343412,-0.10761723770343407,0.03222648590554811,3.3033794110069907
1774257653.3070893,0.009958028793334961,-0.08316405701125286,-0.0831640570112528,0.02445318069218126,2.4556246220685862
1774257653.3175547,0.010465383529663086,-0.05883261377343804,-0.058832613773437986,0.024331443237814818,2.324945203283737
1774257653.327261,0.009706258773803711,-0.016496050811836745,-0.0164960508118367,0.042336562961601286,4.361779749357572
1774257653.3372312,0.00997018814086914,0.024951356171008854,0.024951356171008902,0.0414474069828456,4.157133887268096
1774257653.3472817,0.010050535202026367,0.01707045070433975,0.0170704507043398,-0.007880905466669103,-0.7841279402792571
1774257653.3574286,0.010146856307983398,0.05650374397179275,0.056503743971792794,0.039433293267453,3.8862571884877743
1774257653.3676114,0.010182857513427734,0.049037993788762266,0.04903799378876231,-0.007465750183030487,-0.7331684817533483
1774257653.3771431,0.009531736373901367,0.057828590461473,0.05782859046147304,0.008790596672710732,0.9222450483188003
1774257653.387341,0.010197877883911133,0.06736957154291347,0.06736957154291351,0.00954098108144047,0.9355849511095805
1774257653.397133,0.009792089462280273,0.09080545442020908,0.09080545442020913,0.023435882877295616,2.3933485256208153
1774257653.4070873,0.009954214096069336,0.05651233238843555,0.056512332388435595,-0.03429312203177353,-3.4450858401081614
1774257653.4189966,0.011909246444702148,0.005121383290187151,0.005121383290187194,-0.0513909490982484,-4.315214177225274
1774257653.4271297,0.008133172988891602,0.019746676951703346,0.019746676951703387,0.014625293661516194,1.7982272947460505
1774257653.4369912,0.009861469268798828,-0.010161495167669244,-0.010161495167669204,-0.029908172119372592,-3.0328312449343104
1774257653.4496734,0.012682199478149414,-0.032920580754893444,-0.0329205807548934,-0.022759085587224198,-1.794569280071378
1774257653.4571378,0.007464408874511719,-0.04704523856406076,-0.04704523856406072,-0.014124657809167315,-1.892267431570899
1774257653.4675958,0.010457992553710938,-0.003946547432381023,-0.00394654743238098,0.04309869113167974,4.121124671903357
1774257653.477057,0.009461164474487305,-0.019078599780889535,-0.019078599780889494,-0.015132052348508514,-1.599385825002108
1774257653.487691,0.01063394546508789,-0.061599192716569495,-0.061599192716569454,-0.04252059293567996,-3.9985716567080893
1774257653.4971297,0.009438753128051758,-0.05904676563121876,-0.05904676563121872,0.0025524270853507364,0.2704199432618893
1774257653.5070994,0.009969711303710938,-0.041634082377764954,-0.04163408237776491,0.017412683253453805,1.7465584231082434
1774257653.5171154,0.01001596450805664,-0.05153250618967164,-0.0515325061896716,-0.009898423811906684,-0.9882646652695894
1774257653.5271997,0.010084390640258789,-0.053017213197118815,-0.05301721319711877,-0.0014847070074471766,-0.14722823226620618
1774257653.5375788,0.01037907600402832,-0.0756501909151188,-0.07565019091511876,-0.02263297771799999,-2.1806351267892916
1774257653.5476513,0.010072469711303711,-0.13748323690535535,-0.1374832369053553,-0.061833045990236535,-6.13881677110879
1774257653.5584843,0.010833024978637695,-0.1311589672849703,-0.13115896728497026,0.006324269620385042,0.5837953510544153
1774257653.5675092,0.009024858474731445,-0.13347067429995624,-0.13347067429995618,-0.0023117070149859253,-0.25614883839546476
1774257653.577774,0.010264873504638672,-0.14612409596907855,-0.1461240959690785,-0.012653421669122311,-1.2326914368115944
1774257653.592883,0.015109062194824219,-0.1468910993261743,-0.14689109932617425,-0.000767003357095758,-0.05076445825727712
1774257653.597348,0.004464864730834961,-0.16805320340583338,-0.16805320340583332,-0.021162104079659072,-4.739696576586232
1774257653.6073248,0.009976863861083984,-0.1943883440574144,-0.19438834405741434,-0.026335140651581018,-2.639621129271349
1774257653.6174872,0.010162353515625,-0.2590124662888735,-0.2590124662888734,-0.06462412223145908,-6.359168880722075
1774257653.6271782,0.009690999984741211,-0.2703633986847907,-0.27036339868479065,-0.011350932395917224,-1.1712859781023248
1774257653.6373684,0.010190248489379883,-0.27582048799697334,-0.2758204879969733,-0.005457089312182639,-0.5355207302226175
1774257653.647948,0.010579586029052734,-0.2895828327994788,-0.2895828327994787,-0.013762344802505433,-1.3008396325444573
1774257653.6575527,0.009604692459106445,-0.28146540196698916,-0.2814654019669891,0.008117430832489614,0.8451526029647392
1774257653.6673777,0.009824991226196289,-0.26803657067730613,-0.2680365706773061,0.01342883128968303,1.3668033874552328
1774257653.677628,0.010250329971313477,-0.2474537441751662,-0.24745374417516613,0.02058282650213994,2.0080159916551894
1774257653.6872027,0.009574651718139648,-0.2869263291387872,-0.28692632913878713,-0.039472584963620994,-4.122613137858398
1774257653.6978078,0.010605096817016602,-0.297987472387256,-0.2979874723872559,-0.011061143248468797,-1.043002571246727
1774257653.709614,0.011806249618530273,-0.29894039550982804,-0.298940395509828,-0.000952923122572058,-0.08071344867013618
1774257653.7173822,0.007768154144287109,-0.2751551069493175,-0.27515510694931744,0.023785288560510542,3.0618970888988892
1774257653.7273982,0.01001596450805664,-0.2580301579416036,-0.25803015794160356,0.017124949007713886,1.7097653445096497
1774257653.7373788,0.00998067855834961,-0.20940898468168725,-0.2094089846816872,0.048621173259916356,4.871529823915728
1774257653.7471433,0.009764432907104492,-0.24751910359408139,-0.24751910359408133,-0.03811011891239413,-3.90295261127409
1774257653.7572706,0.01012730598449707,-0.2701693703134289,-0.27016937031342886,-0.022650266719347528,-2.2365540010364717
1774257653.7674475,0.010176897048950195,-0.2779613643809044,-0.27796136438090435,-0.007791994067475494,-0.7656551923436508
1774257653.7777503,0.01030278205871582,-0.28245243319084923,-0.2824524331908492,-0.00449106880994482,-0.43590835799011407
1774257653.7873423,0.009592056274414062,-0.26635645257383067,-0.2663564525738306,0.016095980617018557,1.6780531886528982
1774257653.7972639,0.009921550750732422,-0.2205555765017948,-0.22055557650179475,0.04580087607203587,4.61630215101755
1774257653.8075016,0.010237693786621094,-0.19057971691958825,-0.1905797169195882,0.029975859582206554,2.9279894678408773
1774257653.8188488,0.011347293853759766,-0.23126934467438956,-0.2312693446743895,-0.04068962775480131,-3.585844191504689
1774257653.8272493,0.008400440216064453,-0.25520778905918196,-0.2552077890591819,-0.023938444384792396,-2.849665466223315
1774257653.8373444,0.01009511947631836,-0.2932881872925878,-0.29328818729258777,-0.038080398233405865,-3.7721592421701184
1774257653.8522038,0.014859437942504883,-0.3063966825578977,-0.30639668255789765,-0.013108495265309883,-0.8821662916208632
1774257653.8580964,0.005892515182495117,-0.3182485106745376,-0.3182485106745375,-0.011851828116639873,-2.0113360338634467
1774257653.8673375,0.009241104125976562,-0.28217054473728115,-0.2821705447372811,0.03607796593725643,3.904075253934427
1774257653.8845432,0.01720571517944336,-0.2572446260250355,-0.25724462602503545,0.024925918712245643,1.4486999495392117
1774257653.8902247,0.005681514739990234,-0.31993565601585044,-0.3199356560158504,-0.06269102999081494,-11.034210568803822
1774257653.8973649,0.007140159606933594,-0.3605097992568802,-0.36050979925688015,-0.04057414324102976,-5.6825260883005235
1774257653.9116166,0.014251708984375,-0.3533247530475339,-0.35332475304753386,0.007185046209346291,0.5041533066121183
1774257653.918879,0.007262468338012695,-0.3589669592232043,-0.35896695922320426,-0.005642206175670406,-0.7768992459682573
1774257653.9273565,0.008477449417114258,-0.3490677758338525,-0.34906777583385246,0.009899183389351807,1.1677077505608415
1774257653.9373324,0.009975910186767578,-0.32583369131697165,-0.3258336913169716,0.02323408451688086,2.329019014996689
1774257653.9474254,0.010092973709106445,-0.3204469143724015,-0.32044691437240147,0.005386776944570126,0.5337155430921092
1774257653.9572523,0.009826898574829102,-0.36566909719647145,-0.3656690971964714,-0.04522218282406992,-4.60187743668214
1774257653.967403,0.010150671005249023,-0.3545125828609954,-0.35451258286099535,0.011156514335476042,1.099091314230053
1774257653.9773552,0.009952306747436523,-0.31436699171797694,-0.3143669917179769,0.040145591143018466,4.033797607108424
1774257653.9886818,0.01132655143737793,-0.2676606847236449,-0.26766068472364485,0.046706306994332036,4.1236123150599875
1774257653.9973557,0.008673906326293945,-0.21601001392559607,-0.21601001392559602,0.05165067079804883,5.954718537998939
1774257654.0076125,0.010256767272949219,-0.219615469828712,-0.21961546982871194,-0.003605455903115923,-0.35151971446449853
1774257654.0195239,0.011911392211914062,-0.22651001972032742,-0.22651001972032736,-0.00689454989161542,-0.5788198196277446
1774257654.0273108,0.007786989212036133,-0.1688880940183919,-0.16888809401839183,0.05762192570193553,7.399769555718778
1774257654.0373342,0.010023355484008789,-0.09718388821226123,-0.09718388821226118,0.07170420580613066,7.15371273826686
1774257654.047566,0.010231733322143555,-0.05665769056497413,-0.05665769056497407,0.040526197647287106,3.960834041635952
1774257654.0574522,0.00988626480102539,-0.01820982867740856,-0.01820982867740851,0.03844786188756556,3.889018012503347
1774257654.0674703,0.010018110275268555,0.0066847193307142064,0.00668471933071426,0.02489454800812277,2.4849544798462926
1774257654.077798,0.010327577590942383,0.021946927399968248,0.0219469273999683,0.01526220806925404,1.4778110292426645
1774257654.0876794,0.00988149642944336,0.03447268676241062,0.03447268676241068,0.012525759362442379,1.2675974182533785
1774257654.0976279,0.009948492050170898,0.05432271005398876,0.05432271005398882,0.019850023291578138,1.9952796053384942
1774257654.1078875,0.010259628295898438,0.05605264730313625,0.056052647303136305,0.0017299372491474882,0.16861597703681694
1774257654.1184642,0.010576725006103516,0.014822464059300662,0.014822464059300718,-0.04123018324383559,-3.8981994161749376
1774257654.1277025,0.009238243103027344,0.005714946708573242,0.0057149467085732975,-0.00910751735072742,-0.9858495007284356
1774257654.1375659,0.00986337661743164,-0.002635341854147633,-0.002635341854147575,-0.008350288562720872,-0.846595328010017
1774257654.1477344,0.01016855239868164,-0.011598217380476882,-0.011598217380476825,-0.00896287552632925,-0.8814308246561519
1774257654.1582105,0.010476112365722656,-0.045331489244692845,-0.045331489244692796,-0.03373327186421597,-3.2200181409460287
1774257654.1675255,0.009315013885498047,-0.07518684014946164,-0.07518684014946159,-0.02985535090476879,-3.20507851858908
1774257654.1777017,0.01017618179321289,-0.09207592042412772,-0.09207592042412767,-0.016889080274666082,-1.6596677042395636
1774257654.188248,0.010546207427978516,-0.06690773543585128,-0.06690773543585123,0.025168184988276443,2.3864678520836424
1774257654.19788,0.009632110595703125,-0.022447732194921206,-0.022447732194921147,0.04446000324093008,4.615811124590247
1774257654.2080038,0.010123729705810547,-0.10672075218608959,-0.10672075218608955,-0.0842730199911684,-8.324305610688087
1774257654.2176375,0.009633779525756836,-0.11418390116613618,-0.11418390116613614,-0.007463148980046588,-0.7746854658748564
1774257654.2284784,0.010840892791748047,-0.12949765232015215,-0.1294976523201521,-0.015313751154015953,-1.4125913287946719
1774257654.2374306,0.008952140808105469,-0.12006351522218377,-0.12006351522218371,0.009434137097968379,1.0538414553786397
1774257654.247642,0.010211467742919922,-0.12068296857624462,-0.12068296857624457,-0.000619453354060856,-0.06066251881276826
1774257654.2579005,0.01025843620300293,-0.10594454156478526,-0.10594454156478521,0.01473842701145936,1.4367128400277045
1774257654.2676768,0.00977635383605957,-0.09479054232580802,-0.09479054232580797,0.011153999238977239,1.140916074235805
1774257654.277771,0.010094165802001953,-0.13803374523981013,-0.13803374523981007,-0.043243202914002105,-4.28397985155205
1774257654.2879803,0.010209321975708008,-0.14597316630391477,-0.14597316630391471,-0.00793942106410464,-0.777663892175763
1774257654.297739,0.009758710861206055,-0.17178738679377772,-0.17178738679377767,-0.025814220489862955,-2.645249035144857
1774257654.307721,0.009981870651245117,-0.1772303877586345,-0.17723038775863445,-0.005443000964856781,-0.5452886693315179
1774257654.3180184,0.010297536849975586,-0.1788179685424361,-0.17881796854243603,-0.0015875807838015843,-0.15417092523493597
1774257654.3302596,0.012241125106811523,-0.1594416026120369,-0.15944160261203685,0.01937636593039918,1.5828909321102587
1774257654.3378055,0.007545948028564453,-0.16125256490198486,-0.1612525649019848,-0.0018109622899479538,-0.23999135471020103
1774257654.3480346,0.010229110717773438,-0.21859406278545676,-0.2185940627854567,-0.0573414978834719,-5.605716808191257
1774257654.3584185,0.010383844375610352,-0.23282356149085856,-0.2328235614908585,-0.0142294987054018,-1.370349765528473
1774257654.3676007,0.009182214736938477,-0.2965337405848116,-0.2965337405848115,-0.06371017909395302,-6.938432711408707
1774257654.3778973,0.01029658317565918,-0.32139584611052424,-0.3213958461105242,-0.024862105525712663,-2.4145976487118515
1774257654.3879259,0.010028600692749023,-0.3115378276215049,-0.31153782762150484,0.009858018489019349,0.982990428180772
1774257654.397863,0.009937047958374023,-0.26150081223060895,-0.2615008122306089,0.050037015390895945,5.035400412728147
1774257654.408079,0.010215997695922852,-0.23868064657381646,-0.2386806465738164,0.022820165656792485,2.233767698078073
1774257654.4204667,0.012387752532958984,-0.3162665645634597,-0.31626656456345964,-0.07758591798964323,-6.263114942215493
1774257654.4277873,0.0073206424713134766,-0.3537697631137739,-0.35376976311377384,-0.0375031985503142,-5.122938143376553
1774257654.4385693,0.010782003402709961,-0.34553467827069073,-0.3455346782706907,0.008235084843083162,0.7637805828380045
1774257654.4501464,0.011577129364013672,-0.36441404492521323,-0.3644140449252132,-0.0188793666545225,-1.630746799220115
1774257654.457867,0.007720470428466797,-0.34861411462847464,-0.3486141146284746,0.015799930296738596,2.0464983893314765
1774257654.4675977,0.009730815887451172,-0.3176445191602855,-0.31764451916028547,0.030969595468189115,3.182630914652018
1774257654.4777925,0.010194778442382812,-0.3271397790397014,-0.3271397790397013,-0.009495259879415852,-0.9313846233225778
1774257654.4877772,0.009984731674194336,-0.3617845054189352,-0.36178450541893514,-0.034644726379233826,-3.469770396411709
1774257654.4979758,0.010198593139648438,-0.36945238224460175,-0.3694523822446017,-0.007667876825666553,-0.7518563316205472
1774257654.5081923,0.010216474533081055,-0.3369188208001509,-0.33691882080015084,0.032533561444450854,3.1844215281021677
1774257654.5179205,0.009728193283081055,-0.28616386995611987,-0.2861638699561198,0.05075495084403103,5.217304937012542
1774257654.5278325,0.00991201400756836,-0.22475682085902454,-0.2247568208590245,0.06140704909709532,6.195214115941293
1774257654.537761,0.009928464889526367,-0.22519134807257932,-0.22519134807257926,-0.0004345272135547751,-0.04376580049279945
1774257654.5477536,0.009992599487304688,-0.2557712872334491,-0.25577128723344905,-0.03057993916086979,-3.0602586643966596
1774257654.557836,0.010082483291625977,-0.2510835041876694,-0.25108350418766934,0.004687783045779714,0.46494329920419114
1774257654.567818,0.009981870651245117,-0.2194651962556071,-0.21946519625560704,0.0316183079320623,3.1675733974892073
1774257654.577889,0.010071039199829102,-0.1720186931813713,-0.17201869318137125,0.047446503074235785,4.711182444314279
1774257654.5908508,0.012961864471435547,-0.07256497796410434,-0.07256497796410429,0.09945371521726697,7.672793943837025
1774257654.5977583,0.006907463073730469,-0.11797418635171354,-0.11797418635171349,-0.0454092083876092,-6.573934294387092
1774257654.6077752,0.010016918182373047,-0.12115294193191183,-0.12115294193191177,-0.0031787555801982836,-0.31733867865587617
1774257654.6182587,0.010483503341674805,-0.11093057013395699,-0.11093057013395693,0.010222371797954835,0.9750911946885256
1774257654.6278543,0.009595632553100586,-0.08455149239702311,-0.08455149239702306,0.026379077736933876,2.749071266636835
1774257654.6379242,0.010069847106933594,-0.04519448832502482,-0.04519448832502476,0.0393570040719983,3.9084013544653553
1774257654.6484842,0.010560035705566406,0.004691325992601016,0.004691325992601074,0.049885814317625836,4.724019473847993
1774257654.65785,0.00936579704284668,0.009995261207123782,0.00999526120712384,0.005303935214522767,0.5663090060844055
1774257654.6678405,0.009990453720092773,-0.019609210127296217,-0.019609210127296158,-0.02960447133442,-2.963275959617286
1774257654.6781678,0.010327339172363281,0.003912763243000117,0.003912763243000175,0.023521973370296333,2.277641217908565
1774257654.6880069,0.009839057922363281,-0.013072766907588594,-0.013072766907588535,-0.01698553015058871,-1.7263370420842985
1774257654.6980615,0.010054588317871094,-0.023914728517662905,-0.023914728517662846,-0.010841961610074311,-1.0783098489277512
1774257654.7081366,0.010075092315673828,-0.007906712587112338,-0.007906712587112279,0.016008015930550568,1.5888703973110883
1774257654.7180133,0.009876728057861328,0.048674368301464446,0.04867436830146451,0.05658108088857679,5.728727221920561
1774257654.7279115,0.009898185729980469,-0.01166282307146586,-0.011662823071465801,-0.06033719137293031,-6.095782905969918
1774257654.7382584,0.01034688949584961,-0.05034057780195205,-0.050340577801951995,-0.038677754730486194,-3.7381045526774774
1774257654.7479134,0.009654998779296875,-0.08870489949429743,-0.08870489949429738,-0.03836432169234539,-3.9735190619194745
1774257654.7582986,0.010385274887084961,-0.10004917288810564,-0.1000491728881056,-0.01134427339380821,-1.092342139919267
1774257654.7681003,0.009801626205444336,-0.11196514395113569,-0.11196514395113565,-0.01191597106303005,-1.2157136798801098
1774257654.777879,0.009778738021850586,-0.0957129037622248,-0.09571290376222476,0.016252240188910888,1.6619977089676872
1774257654.787834,0.00995492935180664,-0.07494895151161686,-0.07494895151161682,0.02076395225060794,2.0857960430266296
1774257654.799576,0.011742115020751953,-0.0933685637451264,-0.09336856374512637,-0.018419612233509547,-1.5686792542021935
1774257654.808735,0.009158849716186523,-0.14441618521185393,-0.1444161852118539,-0.05104762146672753,-5.573584352684659
1774257654.8178747,0.009139776229858398,-0.1851625470254094,-0.18516254702540938,-0.04074636181355548,-4.458135602974906
1774257654.827889,0.01001429557800293,-0.22215209874373998,-0.22215209874373995,-0.03698955171833057,-3.6936748501392946
1774257654.8404222,0.012533187866210938,-0.1902676312418207,-0.19026763124182067,0.031884467501919284,2.5440029976634086
1774257654.8481522,0.007730007171630859,-0.1707301973541631,-0.17073019735416306,0.019537433887657607,2.5274793999363965
1774257654.8578534,0.009701251983642578,-0.22063319356649266,-0.22063319356649264,-0.049902996212329576,-5.143974849480432
1774257654.8681912,0.01033782958984375,-0.22904829193525872,-0.2290482919352587,-0.008415098368766055,-0.8140101648641361
1774257654.878414,0.010222673416137695,-0.2968864897356644,-0.29688648973566434,-0.06783819780040565,-6.636052531357898
1774257654.8879313,0.009517431259155273,-0.3230139340924791,-0.323013934092479,-0.02612744435681469,-2.7452201802541465
1774257654.8978326,0.009901285171508789,-0.35076525642470346,-0.3507652564247034,-0.027751322332224382,-2.802800025604711
1774257654.9080565,0.010223865509033203,-0.3333291499742628,-0.3333291499742627,0.01743610645044069,1.705431906849242
1774257654.9184258,0.010369300842285156,-0.37534879129187326,-0.3753487912918732,-0.04201964131761049,-4.0523119115473865
1774257654.929135,0.010709285736083984,-0.3813246054714048,-0.38132460547140473,-0.0059758141795315245,-0.5580030570476378
1774257654.9381025,0.008967399597167969,-0.3668559023131338,-0.36685590231313375,0.014468703158270979,1.6134781328179464
1774257654.948132,0.01002955436706543,-0.35046226948359743,-0.3504622694835974,0.016393632829536375,1.6345325255296488
1774257654.9600196,0.011887550354003906,-0.3887364550494071,-0.38873645504940707,-0.03827418556580969,-3.2196865145490947
1774257654.9681246,0.008105039596557617,-0.4047818429070109,-0.40478184290701086,-0.016045387857603788,-1.97968037866448
1774257654.978011,0.00988626480102539,-0.4221545413920349,-0.42215454139203484,-0.017372698485023985,-1.7572560349811903
1774257654.9898257,0.01181483268737793,-0.3959295644559771,-0.39592956445597705,0.026224976936057798,2.219665536531429
1774257654.9980268,0.008201122283935547,-0.3761796146019267,-0.37617961460192667,0.019749949854050375,2.4082008742555643
1774257655.0080895,0.010062694549560547,-0.36133508831968597,-0.3613350883196859,0.014844526282240755,1.4752039037982165
1774257655.020283,0.012193441390991211,-0.37447166164940154,-0.3744716616494015,-0.013136573329715573,-1.0773474779171996
1774257655.028011,0.007728099822998047,-0.4021666375969437,-0.40216663759694365,-0.027694975947542166,-3.5836721292244063
1774257655.0381267,0.010115623474121094,-0.36873308123451126,-0.3687330812345112,0.03343355636243245,3.3051404540674993
1774257655.048168,0.010041236877441406,-0.36619597775578094,-0.3661959777557809,0.002537103478730318,0.25266842219708635
1774257655.0580277,0.009859800338745117,-0.32220335848936055,-0.3222033584893605,0.043992619266420396,4.461816442017269
1774257655.0688725,0.010844707489013672,-0.2912762968148338,-0.29127629681483375,0.030927061674526746,2.8518115132065742
1774257655.0780914,0.009218931198120117,-0.24338941413440984,-0.2433894141344098,0.04788688268042396,5.194407209611113
1774257655.0882344,0.010143041610717773,-0.29537355216381256,-0.2953735521638125,-0.051984138029402716,-5.125103497009518
1774257655.0989296,0.010695219039916992,-0.28974317190667903,-0.289743171906679,0.005630380257133527,0.5264389851315495
1774257655.1081078,0.00917816162109375,-0.2576546141710341,-0.257654614171034,0.03208855773564495,3.496185735267211
1774257655.1182652,0.010157346725463867,-0.2058247748025889,-0.20582477480258884,0.05182983936844518,5.10269470653304
1774257655.1296637,0.011398553848266602,-0.1913390064118985,-0.19133900641189844,0.014485768390690407,1.2708426510520265
1774257655.1380808,0.008417129516601562,-0.1674784487510086,-0.16747844875100854,0.023860557660889903,2.8347618524615106
1774257655.148125,0.010044097900390625,-0.17826210193262218,-0.17826210193262212,-0.01078365318161359,-1.0736308316144751
1774257655.1580465,0.009921550750732422,-0.16521489725400673,-0.16521489725400668,0.013047204678615448,1.3150368330930815
1774257655.1681356,0.01008915901184082,-0.18520068233874917,-0.18520068233874912,-0.01998578508474244,-1.9809168495894218
1774257655.1784003,0.01026463508605957,-0.16517659925963346,-0.1651765992596334,0.020024083079115712,1.9507837259904617
1774257655.1882977,0.009897470474243164,-0.14526469920716634,-0.14526469920716628,0.019911900052467124,2.011817070259029
1774257655.1980162,0.00971841812133789,-0.12556636306984256,-0.1255663630698425,0.019698336137323774,2.0269076604220024
1774257655.209551,0.011534929275512695,-0.11960867134870384,-0.11960867134870379,0.005957691721138719,0.5164913957284681
1774257655.2181833,0.008632183074951172,-0.17945688390995315,-0.1794568839099531,-0.05984821256124931,-6.933149128279794
1774257655.2281919,0.010008573532104492,-0.1780420976843751,-0.17804209768437504,0.0014147862255780574,0.1413574293119643
1774257655.238044,0.009852170944213867,-0.1809249638972074,-0.18092496389720736,-0.002882866212832319,-0.29261228100446357
1774257655.248317,0.010272979736328125,-0.15267336402273643,-0.15267336402273637,0.028251599874470984,2.750088153543751
1774257655.2581885,0.009871482849121094,-0.13501869748440726,-0.1350186974844072,0.017654666538329172,1.788451320654531
1774257655.268527,0.010338544845581055,-0.1414479249442054,-0.14144792494420536,-0.006429227459798154,-0.6218696688776431
1774257655.2789145,0.010387420654296875,-0.17654123700024893,-0.17654123700024887,-0.03509331205604352,-3.3784433329487595
1774257655.288309,0.009394645690917969,-0.2478256413700017,-0.24782564137000168,-0.07128440436975281,-7.587769322547754
1774257655.2996082,0.01129913330078125,-0.28418534867367395,-0.28418534867367395,-0.03635970730367227,-3.2179200241100148
1774257655.308222,0.008613824844360352,-0.2564173475632294,-0.2564173475632294,0.02776800111044453,3.223655183634807
1774257655.318204,0.009981870651245117,-0.16957726585134342,-0.16957726585134342,0.08684008171188601,8.699780306315006
1774257655.330963,0.012758970260620117,-0.21311606165190655,-0.21311606165190655,-0.043538795800563135,-3.4124067155280793
1774257655.3381186,0.007155656814575195,-0.23669204281828238,-0.23669204281828238,-0.023575981166375826,-3.294733352549055
1774257655.348232,0.01011347770690918,-0.2635857375384561,-0.2635857375384561,-0.026893694720173722,-2.6591935533511757
1774257655.361133,0.012901067733764648,-0.30117650554640885,-0.30117650554640885,-0.037590768007952746,-2.9137718508035007
1774257655.368424,0.007290840148925781,-0.2997216634289856,-0.2997216634289856,0.0014548421174232495,0.19954382316797925
1774257655.3785193,0.010095357894897461,-0.26231618799126977,-0.26231618799126977,0.03740547543771583,3.70521538980028
1774257655.3898065,0.011287212371826172,-0.2485393330624446,-0.2485393330624446,0.01377685492882516,1.220571960107116
1774257655.398647,0.008840560913085938,-0.24759267225644888,-0.24759267225644888,0.0009466608059957304,0.1070815319641617
1774257655.408863,0.010215997695922852,-0.2619270162208595,-0.2619270162208595,-0.014334343964410634,-1.4031271727999108
1774257655.4194095,0.010546445846557617,-0.299888690557208,-0.299888690557208,-0.037961674336348505,-3.5994755852977027
1774257655.4284153,0.00900578498840332,-0.33555660388021824,-0.33555660388021824,-0.035667913323010225,-3.9605557282279693
1774257655.4385507,0.010135412216186523,-0.3414622464770998,-0.3414622464770998,-0.005905642596881533,-0.5826741400265955
1774257655.4491134,0.010562658309936523,-0.2795825989275761,-0.2795825989275761,0.061879647549523686,5.858340366014883
1774257655.4583812,0.009267807006835938,-0.28035708864180875,-0.28035708864180875,-0.0007744897142326623,-0.08356774301206299
1774257655.468546,0.010164737701416016,-0.28130325725072464,-0.28130325725072464,-0.0009461686089158872,-0.09308342592884414
1774257655.478327,0.009781122207641602,-0.28290143621078234,-0.28290143621078234,-0.0015981789600577057,-0.16339423290398233
1774257655.4884052,0.010078191757202148,-0.31551678308650344,-0.31551678308650344,-0.032615346875721096,-3.236230036247652
1774257655.4988244,0.010419130325317383,-0.31960763720181623,-0.31960763720181623,-0.004090854115312792,-0.39262913387045845
1774257655.5082078,0.009383440017700195,-0.2836825381837449,-0.2836825381837449,0.03592509901807134,3.8285638263051727
1774257655.5185316,0.010323762893676758,-0.22192799282716047,-0.22192799282716047,0.06175454535658442,5.981786485469238
1774257655.5285249,0.009993314743041992,-0.22895100235232266,-0.22895100235232266,-0.007023009525162188,-0.7027707728361176
1774257655.5383837,0.009858846664428711,-0.17781618048979625,-0.17781618048979625,0.05113482186252641,5.186694103583516
1774257655.548376,0.009992361068725586,-0.15547692046652892,-0.15547692046652892,0.022339260023267332,2.2356337876125663
1774257655.5584214,0.010045289993286133,-0.14912363838330053,-0.14912363838330053,0.006353282083228384,0.6324637802865485
1774257655.568668,0.010246515274047852,-0.15147168350293963,-0.15147168350293963,-0.0023480451196390972,-0.22915547938392034
1774257655.5784097,0.009741783142089844,-0.10539735235146325,-0.10539735235146325,0.04607433115147638,4.7295582830631915
1774257655.5883992,0.009989500045776367,-0.052311577626266106,-0.052311577626266106,0.05308577472519714,5.3141573133724735
1774257655.598504,0.010104894638061523,-0.05616669784757559,-0.05616669784757559,-0.0038551202213094812,-0.3815101848552307
1774257655.6087167,0.01021265983581543,-0.056469580245893256,-0.056469580245893256,-0.0003028823983176679,-0.029657543009067065
1774257655.6193907,0.010673999786376953,-0.04916835741089433,-0.04916835741089433,0.007301222834998927,0.6840193911487009
1774257655.628686,0.009295225143432617,-0.04734617732568751,-0.04734617732568751,0.0018221800852068204,0.19603399133309327
1774257655.6384664,0.009780406951904297,-0.03854048776855329,-0.03854048776855329,0.00880568955713422,0.9003397916300103
1774257655.648535,0.010068655014038086,-0.016482767183476594,-0.016482767183476594,0.022057720585076695,2.1907315877168316
1774257655.6585732,0.010038137435913086,-0.009905647701363568,-0.009905647701363568,0.006577119482113026,0.6552131333231502
1774257655.668727,0.010153770446777344,-0.02008717924676653,-0.02008717924676653,-0.010181531545402963,-1.0027340679771257
1774257655.6788785,0.01015162467956543,-0.07583283139157415,-0.07583283139157415,-0.05574565214480762,-5.4913035011055955
1774257655.688785,0.009906530380249023,-0.08037123792065942,-0.08037123792065942,-0.00453840652908527,-0.45812270844428454
1774257655.701448,0.012662887573242188,-0.03929447082524133,-0.039294470825241325,0.0410767670954181,3.2438704724992564
1774257655.7086394,0.00719141960144043,-0.03289702150339838,-0.03289702150339837,0.0063974493218429546,0.8895947777211548
1774257655.7185557,0.009916305541992188,-0.05470354068553609,-0.05470354068553608,-0.02180651918213771,-2.199056804955687
1774257655.7288158,0.01026010513305664,-0.05542704982501194,-0.05542704982501193,-0.0007235091394758517,-0.07051673741088726
1774257655.7386198,0.009804010391235352,-0.12265138512124836,-0.12265138512124835,-0.06722433529623642,-6.856820078070708
1774257655.7490366,0.010416746139526367,-0.17339455660497424,-0.17339455660497421,-0.05074317148372587,-4.87130729731243
1774257655.7596908,0.010654211044311523,-0.18759921102968677,-0.18759921102968674,-0.014204654424712526,-1.333243199861021
1774257655.7686977,0.009006977081298828,-0.202432034903945,-0.20243203490394499,-0.014832823874258244,-1.64681487921798
1774257655.7788165,0.010118722915649414,-0.20922924429149037,-0.20922924429149034,-0.006797209387545355,-0.6717457770320924
1774257655.7891147,0.01029825210571289,-0.20397077701781932,-0.2039707770178193,0.005258467273671047,0.5106174542720648
1774257655.7984526,0.009337902069091797,-0.18510932765140517,-0.18510932765140514,0.01886144936641415,2.0198808283549083
1774257655.8095012,0.011048555374145508,-0.2089832983591211,-0.20898329835912108,-0.023873970707715936,-2.1608228315154134
1774257655.8185275,0.009026288986206055,-0.3105481798128873,-0.3105481798128873,-0.10156488145376621,-11.252119404660911
1774257655.828637,0.010109424591064453,-0.3026810245607179,-0.3026810245607179,0.007867155252169411,0.7782001024195833
1774257655.8386004,0.009963512420654297,-0.2991590111842671,-0.2991590111842671,0.0035220133764508055,0.35349114125152237
1774257655.8485231,0.00992274284362793,-0.31839489709177216,-0.31839489709177216,-0.01923588590750508,-1.9385653957421414
1774257655.8586385,0.010115385055541992,-0.3231718561951075,-0.3231718561951075,-0.004776959103335365,-0.47224688700487744
1774257655.8684988,0.00986027717590332,-0.3171632173461086,-0.3171632173461086,0.006008638848998937,0.6093782904686422
1774257655.8784816,0.009982824325561523,-0.3222639150698308,-0.3222639150698308,-0.005100697723722236,-0.510947358921427
1774257655.88856,0.01007843017578125,-0.3670813616560431,-0.3670813616560431,-0.044817446586212284,-4.446867796327037
1774257655.9009054,0.012345314025878906,-0.3910464839377308,-0.3910464839377308,-0.02396512228168768,-1.941232295221548
1774257655.9085877,0.007682323455810547,-0.39281089248656986,-0.39281089248656986,-0.0017644085488390804,-0.22967121327136583
1774257655.9189904,0.010402679443359375,-0.3894434497984319,-0.3894434497984319,0.0033674426881379893,0.323709166131003
1774257655.9285936,0.009603261947631836,-0.34404071136941644,-0.34404071136941644,0.04540273842901543,4.727845462989974
1774257655.9388692,0.010275602340698242,-0.32381810990764676,-0.32381810990764676,0.020222601461769685,1.9680210260448372
1774257655.9485462,0.009676933288574219,-0.35016135606433296,-0.35016135606433296,-0.026343246156686206,-2.7222721673394497
1774257655.9584923,0.009946107864379883,-0.38414630212681317,-0.38414630212681317,-0.033984946062480204,-3.416909058888342
1774257655.9686062,0.010113954544067383,-0.3824941923996072,-0.3824941923996072,0.0016521097272059748,0.16334953059237003
1774257655.9786744,0.010068178176879883,-0.35071263794796775,-0.35071263794796775,0.03178155445163944,3.1566340894344904
1774257655.9888499,0.010175466537475586,-0.28929284241240527,-0.28929284241240527,0.06141979553556248,6.036066779774406
1774257655.9989178,0.010067939758300781,-0.2938033653313071,-0.2938033653313071,-0.004510522918901805,-0.4480085327470284
1774257656.0088124,0.009894609451293945,-0.3030002360770046,-0.3030002360770046,-0.009196870745697527,-0.9294829463425489
1774257656.0186553,0.009842872619628906,-0.3217250386606055,-0.3217250386606055,-0.018724802583600875,-1.9023717269549336
1774257656.0289803,0.010324954986572266,-0.3088224247649581,-0.3088224247649581,0.012902613895647397,1.249653282985486
1774257656.0389228,0.00994253158569336,-0.2300841368225551,-0.2300841368225551,0.07873828794240298,7.919339985371747
1774257656.0485022,0.00957942008972168,-0.16811345472121417,-0.16811345472121417,0.061970682101340935,6.469147560177771
1774257656.0586717,0.010169506072998047,-0.1624942560286208,-0.1624942560286208,0.0056191986925933635,0.5525537476705377
1774257656.0691664,0.010494709014892578,-0.14324935443722553,-0.14324935443722553,0.019244901591395275,1.833771814357662
1774257656.0786798,0.009513378143310547,-0.17811053927337195,-0.17811053927337195,-0.03486118483614642,-3.6644380482930248
1774257656.088688,0.010008096694946289,-0.19307182080673987,-0.19307182080673987,-0.014961281533367926,-1.4949177640262816
1774257656.1003976,0.01170969009399414,-0.2131788002192122,-0.2131788002192122,-0.02010697941247233,-1.7171231049731308
1774257656.1086733,0.008275747299194336,-0.17437844197340802,-0.17437844197340802,0.03880035824580419,4.688441640742401
1774257656.1188588,0.010185480117797852,-0.08777388209101879,-0.08777388209101879,0.08660455988238923,8.502746937874692
1774257656.1322088,0.01335000991821289,-0.08576876148687988,-0.08576876148687988,0.0020051206041389047,0.15019618834914855
1774257656.138664,0.006455183029174805,-0.11991530255705322,-0.11991530255705322,-0.03414654107017334,-5.2897866591613045
1774257656.1487002,0.010036230087280273,-0.13080282418010133,-0.13080282418010133,-0.01088752162304811,-1.084821843298187
1774257656.158694,0.009993791580200195,-0.13400615748934763,-0.13400615748934763,-0.003203333309246298,-0.3205323308515634
1774257656.1687696,0.010075569152832031,-0.11662869241718124,-0.11662869241718124,0.017377465072166393,1.7247129972088924
1774257656.1788085,0.01003885269165039,-0.057358414750919906,-0.057358414750919906,0.059270277666261334,5.904088792493008
1774257656.1886528,0.009844303131103516,-0.02840110355727474,-0.02840110355727474,0.028957311193645165,2.941529817601131
1774257656.198782,0.010129213333129883,-0.07761728462241149,-0.07761728462241149,-0.049216181065136755,-4.858835473843176
1774257656.2094443,0.010662317276000977,-0.0626803312940059,-0.0626803312940059,0.014936953328405597,1.4009106033663137
1774257656.2189238,0.009479522705078125,-0.06640235047865246,-0.06640235047865246,-0.003722019184646569,-0.3926378258108612
1774257656.2288606,0.009936809539794922,-0.07016610618060672,-0.07016610618060672,-0.0037637557019542522,-0.3787690291215876
1774257656.2392268,0.010366201400756836,-0.07086789194016323,-0.07086789194016323,-0.0007017857595565113,-0.06769941393433414
1774257656.2487717,0.009544849395751953,-0.045842032721505686,-0.045842032721505686,0.02502585921865754,2.6219229011403358
1774257656.2586036,0.009831905364990234,-0.04969229058369264,-0.04969229058369264,-0.0038502578621869565,-0.3916085152626752
1774257656.2702398,0.01163625717163086,-0.06603514352486649,-0.06603514352486649,-0.016342852941173845,-1.4044767746297018
1774257656.2787385,0.008498668670654297,-0.07007139341136949,-0.07007139341136949,-0.004036249886503002,-0.47492731425571133
1774257656.2888038,0.010065317153930664,-0.1119953832090979,-0.1119953832090979,-0.041923989797728406,-4.165193123731469
1774257656.2998295,0.011025667190551758,-0.15484004857569889,-0.15484004857569889,-0.04284466536660099,-3.8859022883727103
1774257656.3088121,0.008982658386230469,-0.12023809012004379,-0.12023809012004379,0.0346019584556551,3.852084423993736
1774257656.3187668,0.009954690933227539,-0.0890646799030025,-0.0890646799030025,0.031173410217041286,3.1315296904887586
1774257656.3308964,0.012129545211791992,-0.10361788951571818,-0.10361788951571818,-0.014553209612715681,-1.1998149443037216
1774257656.3388445,0.007948160171508789,-0.14372066219936552,-0.14372066219936552,-0.04010277268364734,-5.045541586768839
1774257656.348968,0.010123491287231445,-0.1781613748280331,-0.1781613748280331,-0.034440712628667575,-3.4020588008118255
1774257656.3589404,0.009972333908081055,-0.24544218761796693,-0.24544218761796693,-0.06728081278993384,-6.746746890957292
1774257656.3690069,0.010066509246826172,-0.2216767396182158,-0.2216767396182158,0.023765447999751138,2.3608430109219887
1774257656.3789911,0.009984254837036133,-0.2260512645170378,-0.2260512645170378,-0.004374524898822008,-0.43814235215580727
1774257656.3893645,0.010373353958129883,-0.2315682205834069,-0.2315682205834069,-0.005516956066369094,-0.531839180330418
1774257656.3988276,0.009463071823120117,-0.21888639183643527,-0.21888639183643527,0.01268182874697163,1.3401386974563023
1774257656.4090502,0.010222673416137695,-0.2746284355822424,-0.2746284355822424,-0.05574204374580716,-5.452785340653822
1774257656.4188352,0.009784936904907227,-0.2756609179575424,-0.2756609179575424,-0.001032482375299959,-0.10551753019298066
1774257656.4290369,0.010201692581176758,-0.3050415032453502,-0.3050415032453502,-0.029380585287807792,-2.879971637453396
1774257656.4401772,0.01114034652709961,-0.28697143838612815,-0.28697143838612815,0.018070064859222024,1.6220379514466114
1774257656.4489882,0.008810997009277344,-0.2922919998691224,-0.2922919998691224,-0.005320561482994257,-0.6038546463461615
1774257656.4591758,0.010187625885009766,-0.2863780653485238,-0.2863780653485238,0.005913934520598629,0.580501736847295
1774257656.4691045,0.009928703308105469,-0.26808305393589577,-0.26808305393589577,0.018295011412628015,1.8426385445209714
1774257656.4794514,0.01034688949584961,-0.2544862554254899,-0.2544862554254899,0.01359679851040585,1.3140952665880754
1774257656.4889646,0.009513139724731445,-0.2928701777474085,-0.2928701777474085,-0.03838392232191856,-4.034832182915523
1774257656.4999325,0.01096796989440918,-0.2839593570404588,-0.2839593570404588,0.008910820706949651,0.8124402959468241
1774257656.509475,0.009542465209960938,-0.2854246818451979,-0.2854246818451979,-0.0014653248047390988,-0.15355830726105388
1774257656.5214987,0.012023687362670898,-0.281599784318519,-0.281599784318519,0.0038248975266789165,0.31811352136066084
1774257656.529051,0.007552385330200195,-0.2878732358465773,-0.2878732358465773,-0.006273451528058305,-0.8306582958594898
1774257656.538974,0.009922981262207031,-0.2536676579524562,-0.2536676579524562,0.0342055778941211,3.4471069722158503
1774257656.5493782,0.010404109954833984,-0.24013261018455304,-0.24013261018455304,0.01353504776790318,1.300932787779169
1774257656.558958,0.009579896926879883,-0.30274506169928045,-0.30274506169928045,-0.06261245151472741,-6.535816824818378
1774257656.5689235,0.00996541976928711,-0.27701878494070187,-0.27701878494070187,0.02572627675857858,2.5815547517492026
1774257656.5792818,0.010358333587646484,-0.27125742512447426,-0.27125742512447426,0.005761359816227607,0.5562052783373088
1774257656.5890942,0.009812355041503906,-0.25570950104709483,-0.25570950104709483,0.015547924077379427,1.5845252247412003
1774257656.5989108,0.009816646575927734,-0.23800254505324966,-0.23800254505324966,0.01770695599384517,1.8037683089524643
1774257656.6109426,0.012031793594360352,-0.2200295369323835,-0.2200295369323835,0.017973008120866163,1.4937929228848
1774257656.61906,0.008117437362670898,-0.27564530286291117,-0.27564530286291117,-0.055615765930527666,-6.851394528313094
1774257656.62913,0.010069847106933594,-0.2742651552474293,-0.2742651552474293,0.001380147615481886,0.1370574548775011
1774257656.639084,0.009954214096069336,-0.27344784284051543,-0.27344784284051543,0.0008173124069138504,0.08210717581778618
1774257656.6491313,0.010047197341918945,-0.25792656666352903,-0.25792656666352903,0.015521276176986398,1.5448364005182307
1774257656.659106,0.00997471809387207,-0.2105831600860599,-0.2105831600860599,0.04734340657746913,4.746340310765712
1774257656.669599,0.010493040084838867,-0.14717116233567096,-0.14717116233567096,0.06341199775038894,6.043243639373051
1774257656.6798503,0.010251283645629883,-0.19236795580417826,-0.19236795580417826,-0.0451967934685073,-4.408891123383818
1774257656.6893137,0.009463310241699219,-0.2075457246997201,-0.2075457246997201,-0.015177768895541843,-1.603854096282544
1774257656.6990988,0.009785175323486328,-0.22172080059816837,-0.22172080059816837,-0.01417507589844827,-1.4486276872755999
1774257656.709221,0.010122060775756836,-0.19360308616086655,-0.19360308616086655,0.028117714437301822,2.7778646127719417
1774257656.7192457,0.010024785995483398,-0.16392103115572554,-0.16392103115572554,0.02968205500514101,2.9608666976546
1774257656.7291918,0.009946107864379883,-0.11319401604930658,-0.11319401604930658,0.05072701510641896,5.1001875103414305
1774257656.739518,0.010326147079467773,-0.12668549952568298,-0.12668549952568298,-0.013491483476376395,-1.3065360557571846
1774257656.7493877,0.009869813919067383,-0.14566354957357533,-0.14566354957357533,-0.018978050047892353,-1.9228376749057925
1774257656.7601445,0.010756731033325195,-0.1396484002077902,-0.1396484002077902,0.006015149365785122,0.5591986401026221
1774257656.7690833,0.008938789367675781,-0.13150781623793015,-0.13150781623793015,0.00814058396986006,0.9107031875365392
1774257656.7793062,0.010222911834716797,-0.07223773663792611,-0.07223773663792611,0.059270079600004036,5.797768831256479
1774257656.7892396,0.0099334716796875,-0.027016571449864808,-0.027016571449864815,0.045221165188061296,4.552402890575706
1774257656.7991006,0.009860992431640625,-0.059120592327435696,-0.0591205923274357,-0.03210402087757089,-3.255658200746593
1774257656.80902,0.009919404983520508,-0.05212092329863848,-0.05212092329863849,0.006999669028797215,0.7056541234505533
1774257656.8190937,0.010073661804199219,-0.08503993882391093,-0.08503993882391095,-0.03291901552527246,-3.2678301262357374
1774257656.8290257,0.00993204116821289,-0.13578684627375437,-0.13578684627375437,-0.05074690744984342,-5.109413723762736
1774257656.8392518,0.010226011276245117,-0.13464953113428219,-0.13464953113428219,0.0011373151394721837,0.11121786479095236
1774257656.8491511,0.009899377822875977,-0.09366239171188227,-0.09366239171188227,0.04098713942239991,4.140375299918827
1774257656.8590088,0.009857654571533203,-0.13454391102109775,-0.13454391102109775,-0.04088151930921548,-4.147185216580073
1774257656.8696737,0.010664939880371094,-0.13787930303149748,-0.13787930303149748,-0.003335392010399729,-0.3127436298575433
1774257656.8797166,0.010042905807495117,-0.1906888881514209,-0.1906888881514209,-0.052809585119923425,-5.2583969353283315
1774257656.8892097,0.009493112564086914,-0.2723779192484489,-0.2723779192484489,-0.08168903109702799,-8.605084006489411
1774257656.8991094,0.009899616241455078,-0.30924142650257247,-0.30924142650257247,-0.03686350725412357,-3.7237309361302326
1774257656.9091825,0.010073184967041016,-0.27945146897991757,-0.27945146897991757,0.029789957522654897,2.957352378629622
1774257656.9206276,0.011445045471191406,-0.2039191013493135,-0.2039191013493135,0.07553236763060409,6.599569029299918
1774257656.9293864,0.008758783340454102,-0.24304463559448314,-0.24304463559448314,-0.03912553424516965,-4.4670056016183155
1774257656.939745,0.010358572006225586,-0.24815608072332862,-0.24815608072332862,-0.005111445128845482,-0.49345075033252284
1774257656.9534948,0.013749837875366211,-0.2524884663198669,-0.2524884663198669,-0.004332385596538257,-0.3150863039847202
1774257656.959161,0.005666255950927734,-0.3117185818108824,-0.3117185818108824,-0.059230115491015534,-10.453130957015418
1774257656.9703004,0.011139392852783203,-0.34186989245448307,-0.34186989245448307,-0.03015131064360066,-2.706728368599307
1774257656.9820614,0.011760950088500977,-0.3170237079507315,-0.3170237079507315,0.02484618450375159,2.1126001145132336
1774257656.9892535,0.007192134857177734,-0.24120627351277024,-0.24120627351277024,0.07581743443796124,10.541714795892016
1774257656.9997907,0.010537147521972656,-0.293558046392503,-0.293558046392503,-0.05235177287973275,-4.968305964262707
1774257657.010189,0.010398387908935547,-0.3109092739875041,-0.3109092739875041,-0.01735122759500113,-1.668645923479241
1774257657.0191112,0.008922100067138672,-0.31776598274663237,-0.31776598274663237,-0.006856708759128249,-0.7685083901247035
1774257657.0297983,0.010687112808227539,-0.34774097240759666,-0.34774097240759666,-0.02997498966096429,-2.80477900802992
1774257657.0399415,0.010143280029296875,-0.33468633414309673,-0.33468633414309673,0.01305463826449993,1.2870233520906618
1774257657.0493767,0.009435176849365234,-0.27642700702797246,-0.27642700702797246,0.05825932711512427,6.174693706885182
1774257657.0596218,0.010245084762573242,-0.24584777857260076,-0.24584777857260076,0.0305792284553717,2.9847706645709744
1774257657.0695865,0.009964704513549805,-0.2528257361662913,-0.2528257361662913,-0.00697795759369052,-0.7002673871766126
1774257657.079788,0.010201454162597656,-0.252670002376671,-0.252670002376671,0.00015573378962030482,0.015265842216032601
1774257657.0893185,0.00953054428100586,-0.28075933311451723,-0.28075933311451723,-0.028089330737846252,-2.9472955488835613
1774257657.0992632,0.009944677352905273,-0.29665990084378663,-0.29665990084378663,-0.0159005677292694,-1.5989023238269415
1774257657.1092935,0.010030269622802734,-0.27736007667615936,-0.27736007667615936,0.019299824167627266,1.9241580628850894
1774257657.1192007,0.009907245635986328,-0.14211860342155241,-0.14211860342155241,0.13524147325460695,13.650764119884752
1774257657.1292722,0.010071516036987305,-0.14894810697149355,-0.14894810697149355,-0.006829503549941135,-0.6781008464723695
1774257657.1392307,0.009958505630493164,-0.1520835082226804,-0.1520835082226804,-0.003135401251186859,-0.31484656107299785
1774257657.1507683,0.011537551879882812,-0.10384858811803677,-0.10384858811803677,0.04823492010464364,4.180689335728783
1774257657.159234,0.008465766906738281,-0.09797810910611651,-0.09797810910611651,0.005870479011920254,0.6934373550076932
1774257657.1694028,0.010168790817260742,-0.07298357144810308,-0.07298357144810308,0.024994537658013433,2.4579655641639437
1774257657.180682,0.011279106140136719,-0.042288123874306034,-0.042288123874306034,0.030695447573797045,2.7214432768362062
1774257657.1891887,0.00850677490234375,-0.024004904824044895,-0.0240049048240449,0.018283219050261135,2.1492538900052267
1774257657.1993053,0.0101165771484375,-0.029375824959316454,-0.029375824959316458,-0.005370920135271559,-0.5309028989218053
1774257657.2117841,0.012478828430175781,-0.015978193618209797,-0.0159781936182098,0.013397631341106657,1.073628940094173
1774257657.2192407,0.007456541061401367,-0.024994848885852017,-0.02499484888585202,-0.00901665526764222,-1.2092276021004902
1774257657.2293973,0.010156631469726562,-0.03580914048518677,-0.03580914048518677,-0.010814291599334749,-1.0647517960623505
1774257657.2396665,0.0102691650390625,-0.04208022404489956,-0.04208022404489956,-0.006271083559712794,-0.6106712216483472
1774257657.249334,0.009667634963989258,-0.025919926096682623,-0.025919926096682623,0.01616029794821694,1.6715875194307652
1774257657.2593791,0.010045051574707031,0.009781162194155231,0.00978116219415523,0.03570108829083785,3.5540970621526244
1774257657.2694464,0.010067224502563477,-0.03637224786295261,-0.03637224786295261,-0.04615341005710784,-4.5845217860548875
1774257657.2794929,0.01004648208618164,-0.03752591400456151,-0.03752591400456151,-0.0011536661416089028,-0.11483284713120669
1774257657.2903295,0.010836601257324219,-0.09151149106201535,-0.09151149106201535,-0.05398557705745384,-4.981781259227028
1774257657.2996693,0.00933980941772461,-0.0741238583698473,-0.0741238583698473,0.017387632692168045,1.8616688964948997
1774257657.3098226,0.01015329360961914,-0.12255790662547428,-0.12255790662547428,-0.04843404825562697,-4.770279489380765
1774257657.3193564,0.009533882141113281,-0.06741767060883497,-0.06741767060883497,0.05514023601663931,5.78360789450671
1774257657.3297858,0.01042938232421875,-0.12584923563880368,-0.12584923563880368,-0.05843156502996871,-5.602591142361418
1774257657.3399572,0.01017141342163086,-0.16015885575285566,-0.16015885575285566,-0.034309620114051975,-3.3731418330797585
1774257657.3540528,0.014095544815063477,-0.23781691610195266,-0.23781691610195266,-0.077658060349097,-5.509404664238747
1774257657.3595068,0.005454063415527344,-0.33465023069494404,-0.33465023069494404,-0.09683331459299138,-17.75434336119261
1774257657.3695323,0.010025501251220703,-0.3653344855792451,-0.3653344855792451,-0.030684254884301043,-3.0606205231449084
1774257657.38031,0.010777711868286133,-0.3237170523273322,-0.3237170523273322,0.04161743325191286,3.861434946537576
1774257657.3892732,0.00896310806274414,-0.3261578766611447,-0.3261578766611447,-0.0024408243338124858,-0.27231896756416035
1774257657.3999748,0.010701656341552734,-0.3897234233501346,-0.3897234233501346,-0.0635655466889899,-5.939785829430492
1774257657.4118516,0.011876821517944336,-0.38300023164037195,-0.38300023164037195,0.006723191709762655,0.5660766813414502
1774257657.4192882,0.007436513900756836,-0.415114046005723,-0.415114046005723,-0.032113814365351045,-4.318396333809411
1774257657.429568,0.01027989387512207,-0.4363483529363802,-0.4363483529363802,-0.0212343069306572,-2.0656153836417936
1774257657.4421556,0.012587547302246094,-0.3947006063633375,-0.3947006063633375,0.04164774657304271,3.308646678579804
1774257657.4495933,0.007437705993652344,-0.30383670329274387,-0.30383670329274387,0.09086390307059361,12.216657010661722
1774257657.4594314,0.009838104248046875,-0.34904804654537275,-0.34904804654537275,-0.04521134325262888,-4.5955340696460425
1774257657.471787,0.012355566024780273,-0.3725324848709502,-0.3725324848709502,-0.02348443832557745,-1.900717318694842
1774257657.4793954,0.0076084136962890625,-0.34962297618111726,-0.34962297618111726,0.022909508689832936,3.0110755808410956
1774257657.4894626,0.010067224502563477,-0.37871173501937794,-0.37871173501937794,-0.029088758838260675,-2.8894516885814587
1774257657.499671,0.010208368301391602,-0.3732874799006889,-0.3732874799006889,0.0054242551186890475,0.5313537833416154
1774257657.5102978,0.010626792907714844,-0.3019262462536311,-0.3019262462536311,0.07136123364705776,6.71521824757222
1774257657.5197847,0.009486913681030273,-0.2829707348375459,-0.2829707348375459,0.018955511416085202,1.998069346197176
1774257657.5294442,0.009659528732299805,-0.29652856137803385,-0.29652856137803385,-0.013557826540487927,-1.4035701861057552
1774257657.5395048,0.010060548782348633,-0.27325634266862164,-0.27325634266862164,0.023272218709412207,2.3132156319587285
1774257657.5513344,0.011829614639282227,-0.2822066208282223,-0.2822066208282223,-0.008950278159600644,-0.7565993003592644
1774257657.5595634,0.00822901725769043,-0.295128041379839,-0.295128041379839,-0.012921420551616714,-1.5702264495242124
1774257657.5696168,0.010053396224975586,-0.27307583594281337,-0.27307583594281337,0.02205220543702563,2.1935080388298513
1774257657.5813835,0.011766672134399414,-0.2121137075943545,-0.2121137075943545,0.06096212834845888,5.18091501591503
1774257657.5894744,0.008090972900390625,-0.21318011999904624,-0.21318011999904624,-0.0010664124046917411,-0.13180274088425828
1774257657.5994883,0.010013818740844727,-0.19174017245941577,-0.19174017245941577,0.021439947539630466,2.1410361116464425
1774257657.6100364,0.010548114776611328,-0.1611678211243313,-0.1611678211243313,0.030572351335084458,2.8983711291114798
1774257657.6201077,0.010071277618408203,-0.13300112394721156,-0.13300112394721156,0.028166697177119754,2.796735254883341
1774257657.6323888,0.012281179428100586,-0.13502944919982218,-0.13502944919982218,-0.0020283252526106244,-0.16515720371038714
1774257657.639658,0.007269144058227539,-0.12654594206930106,-0.12654594206930106,0.008483507130521123,1.1670572302001794
1774257657.6495688,0.009910821914672852,-0.09030795135893982,-0.09030795135893982,0.03623799071036124,3.6564062014585628
1774257657.6599252,0.010356426239013672,-0.03768001263013276,-0.03768001263013276,0.05262793872880706,5.0816698264650855
1774257657.6705773,0.01065206527709961,-0.036064498536498846,-0.036064498536498846,0.0016155140936339116,0.1516620534711735
1774257657.6798863,0.009309053421020508,-0.03309669907000888,-0.03309669907000888,0.002967799466489965,0.31880786716600656
1774257657.6896226,0.009736299514770508,-0.029230936871082826,-0.029230936871082826,0.0038657621989260545,0.397046351446099
1774257657.6998498,0.010227203369140625,-0.025925364826162332,-0.025925364826162332,0.003305572044920494,0.32321368076972695
1774257657.7096634,0.009813547134399414,-0.0046480948037275266,-0.004648094803727527,0.021277270022434805,2.168152833123063
1774257657.7195978,0.009934425354003906,0.008482382466986089,0.008482382466986089,0.013130477270713616,1.321714825248709
1774257657.729745,0.0101470947265625,-0.006360517202245424,-0.006360517202245425,-0.014842899669231514,-1.4627733424402354
1774257657.739506,0.00976109504699707,-0.030940238278345248,-0.030940238278345248,-0.024579721076099823,-2.5181315167770646
1774257657.7495685,0.010062456130981445,-0.06286411717427849,-0.06286411717427849,-0.03192387889593325,-3.1725732247062766
1774257657.7595441,0.009975671768188477,-0.09278685970897439,-0.09278685970897439,-0.0299227425346959,-2.9995716809886273
1774257657.7709486,0.01140451431274414,-0.1184849708592912,-0.1184849708592912,-0.02569811115031681,-2.2533279757122213
1774257657.779697,0.008748292922973633,-0.10770426439147263,-0.10770426439147263,0.010780706467818577,1.2323211582807982
1774257657.7899878,0.010290861129760742,-0.11036402412232424,-0.11036402412232424,-0.002659759730851613,-0.25845842221694143
1774257657.8000088,0.010020971298217773,-0.08371409519787573,-0.08371409519787573,0.026649928924448507,2.659415752362068
1774257657.8098443,0.009835481643676758,-0.12881174801927633,-0.12881174801927633,-0.0450976528214006,-4.5852002428771685
1774257657.8196774,0.009833097457885742,-0.1500462873892506,-0.1500462873892506,-0.02123453936997427,-2.1594964822549416
1774257657.8303027,0.010625362396240234,-0.20693343491920707,-0.20693343491920707,-0.05688714752995647,-5.35390186315771
1774257657.8396738,0.009371042251586914,-0.2333741673292317,-0.2333741673292317,-0.02644073241002462,-2.821535929533034
1774257657.8496985,0.010024785995483398,-0.28769324795821266,-0.28769324795821266,-0.05431908062898097,-5.4184778262053745
1774257657.8619425,0.012243986129760742,-0.2919892291461347,-0.2919892291461347,-0.0042959811879220156,-0.3508645911873442
1774257657.869766,0.007823467254638672,-0.3352931481901625,-0.3352931481901625,-0.043303919044027805,-5.535131372647101
1774257657.8804348,0.010668754577636719,-0.37868738716787287,-0.37868738716787287,-0.043394238977710387,-4.067413741869281
1774257657.8926928,0.012258052825927734,-0.43331973342913455,-0.43331973342913455,-0.05463234626126168,-4.456853550647584
1774257657.89974,0.007047176361083984,-0.45963363158103393,-0.45963363158103393,-0.026313898151899384,-3.7339633356148654
1774257657.9100204,0.010280370712280273,-0.46892425771701396,-0.46892425771701396,-0.009290626135980029,-0.9037248165459677
1774257657.9226859,0.012665510177612305,-0.40750729414533554,-0.40750729414533554,0.06141696357167842,4.8491503863965715
1774257657.9296763,0.0069904327392578125,-0.3628152659671737,-0.3628152659671737,0.04469202817816187,6.393313525094715
1774257657.940161,0.010484695434570312,-0.3763805850722593,-0.3763805850722593,-0.013565319105085627,-1.2938209974471773
1774257657.9506521,0.010491132736206055,-0.4018639845188,-0.4018639845188,-0.02548339944654071,-2.42904175243105
1774257657.9602313,0.009579181671142578,-0.3942161081801021,-0.3942161081801021,0.007647876338697901,0.7983851440814864
1774257657.9699316,0.009700298309326172,-0.3660847288610775,-0.3660847288610775,0.028131379319024596,2.9000530109448492
1774257657.9803438,0.010412216186523438,-0.34147447389500657,-0.34147447389500657,0.024610254966070944,2.3635943131803265
1774257657.9898164,0.00947260856628418,-0.2768873597414601,-0.2768873597414601,0.06458711415354645,6.818302867853226
1774257658.0002894,0.010473012924194336,-0.277740696423199,-0.277740696423199,-0.0008533366817388699,-0.0814795787912689
1774257658.0112414,0.010951995849609375,-0.32705242019505804,-0.32705242019505804,-0.04931172377185905,-4.502533095245635
1774257658.020258,0.00901651382446289,-0.32429843327445285,-0.32429843327445285,0.0027539869206051892,0.3054381077011483
1774257658.0299976,0.00973963737487793,-0.26103103562083957,-0.26103103562083957,0.06326739765361328,6.49586788690952
1774257658.0410082,0.01101064682006836,-0.22718783253888591,-0.22718783253888591,0.033843203081953654,3.073679833256475
1774257658.0497923,0.008784055709838867,-0.184777829133857,-0.184777829133857,0.0424100034050289,4.828066306265134
1774257658.0600653,0.010272979736328125,-0.1693582489473659,-0.1693582489473659,0.015419580186491116,1.5009841917592006
1774257658.0700521,0.00998687744140625,-0.17497741434263134,-0.17497741434263134,-0.005619165395265441,-0.56265488669842
1774257658.0798407,0.00978851318359375,-0.20787869111877938,-0.20787869111877938,-0.03290127677614804,-3.3612128991451877
1774257658.0899363,0.010095596313476562,-0.1985693145100839,-0.1985693145100839,0.009309376608695491,0.9221225096202044
1774257658.0999866,0.010050296783447266,-0.16502777327406248,-0.16502777327406248,0.033541541236021405,3.3373682348628724
1774257658.1099463,0.009959697723388672,-0.12757353376252004,-0.12757353376252004,0.03745423951154245,3.7605799444683425
1774257658.1201286,0.010182380676269531,-0.08959089830292216,-0.08959089830292216,0.037982635459597874,3.7302313346149014
1774257658.1298466,0.009717941284179688,-0.06719369415551052,-0.06719369415551052,0.022397204147411642,2.304727255748411
1774257658.1399226,0.010076045989990234,-0.0974628133570519,-0.0974628133570519,-0.030269119201541378,-3.004067193779324
1774257658.1503196,0.010396957397460938,-0.06093910877528186,-0.06093910877528186,0.03652370458177004,3.5129224046536507
1774257658.16007,0.0097503662109375,-0.04001563965974735,-0.04001563965974735,0.020923469115534506,2.1459162315425186
1774257658.1699512,0.009881258010864258,-0.0028267565405652676,-0.002826756540565266,0.03718888311918209,3.763577783141945
1774257658.1806645,0.010713338851928711,0.01642420053104414,0.01642420053104414,0.019250957071609405,1.7969147935747105
1774257658.1899855,0.009320974349975586,0.043785479032851085,0.043785479032851085,0.027361278501806946,2.9354526119770528
1774257658.199899,0.009913444519042969,0.012904257426413046,0.01290425742641305,-0.030881221606438036,-3.115084928060834
1774257658.2099614,0.010062456130981445,-0.004389001883071207,-0.004389001883071203,-0.017293259309484253,-1.7185922685655026
1774257658.2198212,0.009859800338745117,0.023641989978587064,0.023641989978587068,0.02803099186165827,2.8429573519361804
1774257658.2298589,0.010037660598754883,0.04028294971376243,0.040282949713762436,0.01664095973517537,1.6578524021064818
1774257658.239918,0.010059118270874023,0.034865721498813805,0.03486572149881381,-0.0054172282149486245,-0.5385390716236135
1774257658.2497828,0.00986480712890625,0.04529197302447321,0.045291973024473214,0.010426251525659402,1.0569138746877256
1774257658.259935,0.010152101516723633,-0.002765394410000317,-0.002765394410000309,-0.04805736743447352,-4.733735902395012
1774257658.2698972,0.009962320327758789,-0.03317186948466581,-0.0331718694846658,-0.03040647507466549,-3.0521479007196306
1774257658.2799067,0.010009527206420898,-0.06944014323625937,-0.06944014323625936,-0.036268273751593555,-3.6233753107068063
1774257658.2917616,0.011854887008666992,-0.12912860375063465,-0.12912860375063462,-0.05968846051437526,-5.034924455267909
1774257658.2999177,0.008156061172485352,-0.15104251434729346,-0.15104251434729343,-0.021913910596658814,-2.686825188436039
1774257658.3099136,0.00999593734741211,-0.16880866856009968,-0.16880866856009966,-0.017766154212806223,-1.7773374917566664
1774257658.3222177,0.012304067611694336,-0.17619298104213837,-0.17619298104213835,-0.007384312482038691,-0.6001521379011531
1774257658.3298562,0.007638454437255859,-0.1774407414193177,-0.17744074141931768,-0.00124776037717933,-0.16335246710296436
1774257658.3401113,0.010255098342895508,-0.31637899095066285,-0.3163789909506628,-0.13893824953134512,-13.548212302381117
1774257658.349956,0.009844779968261719,-0.35100689417655995,-0.3510068941765599,-0.034627903225897094,-3.51738721815347
1774257658.360338,0.010381937026977539,-0.3382178475953104,-0.3382178475953103,0.012789046581249575,1.2318555340893653
1774257658.3699832,0.009645223617553711,-0.3444733475160653,-0.34447334751606523,-0.0062554999207549145,-0.6485593459305901
1774257658.380349,0.010365724563598633,-0.37400256884151006,-0.37400256884151,-0.029529221325444777,-2.8487368291786077
1774257658.390014,0.00966501235961914,-0.3585035103390931,-0.35850351033909306,0.015499058502416951,1.6036253163185512
1774257658.399868,0.00985407829284668,-0.37192416990742,-0.37192416990741994,-0.013420659568326887,-1.3619396121572604
1774257658.4099624,0.010094404220581055,-0.4160388507561998,-0.41603885075619973,-0.044114680848779786,-4.370211444360057
1774257658.4199233,0.00996088981628418,-0.41972144876894857,-0.4197214487689485,-0.0036825980127487834,-0.3697057271659033
1774257658.4302592,0.010335922241210938,-0.3963822221649648,-0.39638222216496477,0.023339226603983743,2.2580690972041757
1774257658.4402273,0.009968042373657227,-0.3665679924552725,-0.36656799245527244,0.02981422970969233,2.990981437687612
1774257658.4502752,0.01004791259765625,-0.30718676149394386,-0.3071867614939438,0.059381230961328635,5.909807672409466
1774257658.4624484,0.012173175811767578,-0.27493590655854355,-0.2749359065585435,0.03225085493540031,2.6493378091380246
1774257658.4702933,0.007844924926757812,-0.30291431754262615,-0.3029143175426261,-0.027978410984082602,-3.5664345096092145
1774257658.480017,0.009723663330078125,-0.3304066678807952,-0.33040666788079515,-0.027492350338169047,-2.8273655108077627
1774257658.491224,0.011207103729248047,-0.3047702856406242,-0.30477028564062414,0.025636382240171007,2.2875118192460158
1774257658.5000327,0.008808612823486328,-0.24216959798083407,-0.242169597980834,0.06260068765979013,7.1067589090621
1774257658.5102487,0.010215997695922852,-0.19703112972765296,-0.1970311297276529,0.0451384682531811,4.4184101833926235
1774257658.5220373,0.011788606643676758,-0.19963430619273295,-0.1996343061927329,-0.002603176465079987,-0.22082138659502173
1774257658.5301573,0.008120059967041016,-0.21242533957671514,-0.21242533957671508,-0.012791033383982187,-1.5752387834450061
1774257658.5401707,0.010013341903686523,-0.24135510679834207,-0.24135510679834202,-0.028929767221626934,-2.8891220833052866
1774257658.550381,0.010210275650024414,-0.22008668628780667,-0.22008668628780662,0.021268420510535402,2.0830407757389535
1774257658.5602546,0.009873628616333008,-0.19409294848605044,-0.19409294848605038,0.025993737801756234,2.6326428521685794
1774257658.571281,0.011026382446289062,-0.14076326529992836,-0.1407632652999283,0.05332968318612208,4.836553007833519
1774257658.5802655,0.008984565734863281,-0.08202393366772633,-0.08202393366772626,0.058739331632202046,6.537804203966447
1774257658.5908086,0.010543107986450195,-0.09641776873460448,-0.0964177687346044,-0.01439383506687815,-1.3652364260497794
1774257658.6001556,0.009346961975097656,-0.11173062907959291,-0.11173062907959284,-0.015312860344988438,-1.6382713854817463
1774257658.6100092,0.009853601455688477,-0.11531293382554045,-0.11531293382554038,-0.0035823047459475343,-0.3635528351798187
1774257658.6203175,0.010308265686035156,-0.09289167756599132,-0.09289167756599125,0.022421256259549133,2.175075511482375
1774257658.6304505,0.010133028030395508,-0.06289022641261446,-0.0628902264126144,0.03000145115337685,2.960758725169129
1774257658.6404898,0.010039329528808594,-0.018732030297771658,-0.01873203029777159,0.044158196114842806,4.3985204378566936
1774257658.6505244,0.010034561157226562,-0.005694966613779631,-0.005694966613779563,0.013037063683992026,1.2992161271151514
1774257658.6624684,0.011944055557250977,-0.03356215612561582,-0.03356215612561575,-0.027867189511836185,-2.333142991361809
1774257658.6703868,0.007918357849121094,-0.01076277119133564,-0.01076277119133557,0.02279938493428018,2.879307221106561
1774257658.6808293,0.010442495346069336,-0.004383044457665894,-0.004383044457665824,0.006379726733669746,0.6109389108869597
1774257658.6902647,0.009435415267944336,-0.006910752862171419,-0.006910752862171349,-0.0025277084045055255,-0.2678958299899215
1774257658.7002194,0.009954690933227539,-0.0025777575146525614,-0.0025777575146524907,0.004332995347518858,0.4352717102502751
1774257658.710287,0.01006770133972168,0.03627042902522195,0.036270429025222026,0.03884818653987451,3.858694773413736
1774257658.720114,0.009826898574829102,0.04228522722950783,0.04228522722950791,0.006014798204285882,0.6120749246046313
1774257658.7303336,0.010219573974609375,0.009114678846796028,0.009114678846796107,-0.0331705483827118,-3.245785828756104
1774257658.740252,0.009918451309204102,-0.001082654176962108,-0.0010826541769620324,-0.010197333023758139,-1.028117465707095
1774257658.7509289,0.010676860809326172,-0.018434150291963883,-0.01843415029196381,-0.01735149611500178,-1.62514960388407
1774257658.7603445,0.009415626525878906,-0.04264078918027176,-0.04264078918027169,-0.02420663888830788,-2.570900494170599
1774257658.7720084,0.01166391372680664,-0.0473799729062785,-0.047379972906278434,-0.004739183726006742,-0.40631162378326685
1774257658.7810836,0.009075164794921875,-0.014595116497013966,-0.014595116497013894,0.03278485640926454,3.6125907518075846
1774257658.7902744,0.009190797805786133,-0.14483465009365767,-0.1448346500936576,-0.1302395335966437,-14.170645067901555
1774257658.8003736,0.010099172592163086,-0.15166491834664,-0.15166491834663992,-0.00683026825298233,-0.6763195886247739
1774257658.8102381,0.009864568710327148,-0.18243165094476968,-0.1824316509447696,-0.030766732598129676,-3.1189131021937326
1774257658.820447,0.010208845138549805,-0.2290029471827493,-0.22900294718274922,-0.04657129623797962,-4.561857448706015
1774257658.831328,0.01088094711303711,-0.2179775090257179,-0.21797750902571783,0.011025438157031386,1.0132792708661504
1774257658.8406012,0.009273290634155273,-0.20366949570189388,-0.2036694957018938,0.014308013323824031,1.5429273046964502
1774257658.8504412,0.009840011596679688,-0.19773969250129864,-0.19773969250129855,0.005929803200595246,0.6026215662790619
1774257658.8622298,0.011788606643676758,-0.26592135598103644,-0.2659213559810364,-0.06818166347973784,-5.783691452315064
1774257658.8701074,0.007877588272094727,-0.29253455461093425,-0.2925345546109342,-0.026613198629897805,-3.3783434359182496
1774257658.8802896,0.01018214225769043,-0.3197202978165422,-0.31972029781654215,-0.02718574320560796,-2.6699433692428474
1774257658.8955007,0.015211105346679688,-0.33774142951695296,-0.3377414295169529,-0.018021131700410753,-1.1847351845699001
1774257658.9003408,0.00484013557434082,-0.33887548606649603,-0.338875486066496,-0.0011340565495430721,-0.23430264134647089
1774257658.910162,0.009821176528930664,-0.33126511287488886,-0.3312651128748888,0.007610373191607178,0.7748942470577709
1774257658.9204915,0.010329484939575195,-0.3105374102684902,-0.31053741026849013,0.020727702606398668,2.006654032379189
1774257658.9304726,0.009981155395507812,-0.3700679323754918,-0.37006793237549174,-0.059530522107001604,-5.964291682483405
1774257658.9403164,0.009843826293945312,-0.39768335213992523,-0.3976833521399252,-0.027615419764433435,-2.8053542331825763
1774257658.9504297,0.010113239288330078,-0.3862145957321482,-0.38621459573214817,0.011468756407777003,1.1340339213580253
1774257658.9602523,0.009822607040405273,-0.35078542870857754,-0.3507854287085775,0.035429167023570685,3.606900579228394
1774257658.9703643,0.01011204719543457,-0.303343428553489,-0.30334342855348895,0.04744200015508854,4.691631599238169
1774257658.9814568,0.011092424392700195,-0.30186304987911433,-0.3018630498791143,0.0014803786743746716,0.13345853187414042
1774257658.9904742,0.009017467498779297,-0.3195465595489015,-0.31954655954890143,-0.017683509669787156,-1.961028378774971
1774257659.001195,0.01072072982788086,-0.328343804627826,-0.3283438046278259,-0.008797245078924487,-0.8205826674267956
1774257659.0107355,0.009540557861328125,-0.30902754793274545,-0.3090275479327454,0.019316256695080525,2.024646459446297
1774257659.0203707,0.009635210037231445,-0.2520052255064007,-0.25200522550640064,0.05702232242634475,5.918119294338641
1774257659.0301986,0.009827852249145508,-0.1912292274355998,-0.19122922743559975,0.06077599807080089,6.18405695670538
1774257659.0405514,0.010352849960327148,-0.14108125962722523,-0.14108125962722518,0.05014796780837458,4.843880477409131
1774257659.0506756,0.01012420654296875,-0.14516336533991386,-0.1451633653399138,-0.004082105712688633,-0.4032025320071775
1774257659.0604262,0.009750604629516602,-0.1527062732277655,-0.15270627322776545,-0.007542907887851641,-0.7735836057815412
1774257659.0705636,0.010137319564819336,-0.12148814975358374,-0.12148814975358369,0.031218123474181764,3.0795244516628912
1774257659.0814152,0.010851621627807617,-0.09605814247776163,-0.09605814247776158,0.025430007275822106,2.3434292263431784
1774257659.090794,0.009378910064697266,-0.0662618041629366,-0.06626180416293655,0.029796338314825033,3.1769510645997228
1774257659.1029706,0.012176513671875,-0.03253394991553222,-0.032533949915532163,0.03372785424740438,2.7699105964384634
1774257659.1122212,0.009250640869140625,0.01556529566551052,0.015565295665510577,0.04809924558104274,5.199558199421389
1774257659.1207879,0.008566617965698242,0.0004715925407030644,0.000471592540703121,-0.015093703124807456,-1.7619208870110048
1774257659.1305735,0.009785652160644531,0.04229455632616944,0.0422945563261695,0.04182296378546638,4.273906644021946
1774257659.1426082,0.01203465461730957,0.05431749294003244,0.0543174929400325,0.012022936613863,0.999026311612656
1774257659.1506627,0.008054494857788086,0.08767327572939544,0.0876732757293955,0.033355782789363,4.141263155331273
1774257659.1607578,0.01009511947631836,0.08818776014315315,0.0881877601431532,0.0005144844137577043,0.05096367754384758
1774257659.1732378,0.012480020523071289,0.08930782695688338,0.08930782695688344,0.0011200668137302389,0.08974879581805321
1774257659.1804106,0.007172822952270508,0.0864420583089944,0.08644205830899446,-0.0028657686478889832,-0.3995314908730382
1774257659.1905446,0.010133981704711914,0.06234856087332765,0.062348560873327706,-0.02409349743566675,-2.3774956515329206
1774257659.2031884,0.012643814086914062,0.03286637667680359,0.032866376676803644,-0.029482184196524062,-2.3317476826108323
1774257659.210912,0.007723569869995117,0.0028069209985342788,0.0028069209985343326,-0.03005945567826931,-3.891912183645244
1774257659.2206004,0.009688377380371094,0.015053838355149647,0.015053838355149703,0.01224691735661537,1.2640834347997163
1774257659.2304559,0.009855508804321289,0.005798086946821816,0.00579808694682187,-0.009255751408327833,-0.9391449586316148
1774257659.2407434,0.01028752326965332,-0.0006367080192615563,-0.0006367080192615027,-0.006434794966083373,-0.6254950581803369
1774257659.2503884,0.00964498519897461,-0.02913444889196412,-0.029134448891964065,-0.028497740872702564,-2.95466921771246
1774257659.2604377,0.01004934310913086,-0.03765996238783196,-0.037659962387831904,-0.008525513495867838,-0.8483652516671994
1774257659.270528,0.010090351104736328,-0.09398521990216101,-0.09398521990216097,-0.05632525751432906,-5.582090943088239
1774257659.2804263,0.009898185729980469,-0.09284460620120012,-0.09284460620120008,0.0011406137009608852,0.11523462299824272
1774257659.290667,0.010240793228149414,-0.09799241888439968,-0.09799241888439963,-0.005147812683199554,-0.5026771431190982
1774257659.3007421,0.010075092315673828,-0.08569153692331469,-0.08569153692331465,0.012300881961084989,1.2209200249161487
1774257659.3111725,0.010430335998535156,-0.09725773794593985,-0.09725773794593981,-0.011566201022625164,-1.10890013746916
1774257659.320609,0.009436607360839844,-0.11967001591524719,-0.11967001591524715,-0.022412277969307337,-2.375035551687156
1774257659.33045,0.009840965270996094,-0.13963016887989652,-0.1396301688798965,-0.01996015296464934,-2.0282718630739556
1774257659.3416913,0.01124119758605957,-0.20843744973378972,-0.2084374497337897,-0.0688072808538932,-6.120992031954181
1774257659.3504014,0.008710145950317383,-0.19038914235224275,-0.19038914235224272,0.018048307381546974,2.0721016024868475
1774257659.3605123,0.010110855102539062,-0.15343777002658415,-0.15343777002658412,0.036951372325658594,3.6546238622665332
1774257659.37246,0.0119476318359375,-0.1629934963160277,-0.16299349631602766,-0.009555726289443539,-0.7998008660344467
1774257659.380457,0.00799703598022461,-0.17196958377664265,-0.17196958377664262,-0.008976087460614957,-1.1224267944787776
1774257659.3905864,0.010129451751708984,-0.20001946085070135,-0.20001946085070132,-0.028049877074058704,-2.769140696022989
1774257659.4008095,0.010223150253295898,-0.2341607516531886,-0.23416075165318856,-0.034141290802487234,-3.3396056945832555
1774257659.4105513,0.009741783142089844,-0.24188191784540058,-0.24188191784540056,-0.007721166192211998,-0.7925824337900037
1774257659.4208307,0.010279417037963867,-0.2597220287283974,-0.25972202872839734,-0.01784011088299678,-1.7355177649773146
1774257659.431131,0.010300159454345703,-0.2531384800195678,-0.25313848001956774,0.006583548708829601,0.6391695913068568
1774257659.4405532,0.00942230224609375,-0.26493641379765764,-0.2649364137976576,-0.011797933778089853,-1.2521285636937596
1774257659.450771,0.010217905044555664,-0.2667119920923873,-0.2667119920923872,-0.0017755782947296295,-0.1737712659284986
1774257659.4610357,0.01026463508605957,-0.3098439586614663,-0.30984395866146625,-0.04313196656907903,-4.201997071250655
1774257659.4705667,0.009531021118164062,-0.34993275054385065,-0.3499327505438506,-0.040088791882384345,-4.206138186598263
1774257659.4808962,0.010329484939575195,-0.30067915393836225,-0.3006791539383622,0.04925359660548839,4.7682529084082255
1774257659.4917078,0.010811567306518555,-0.3098875058284761,-0.309887505828476,-0.00920835189011382,-0.8517129504953349
1774257659.5008633,0.009155511856079102,-0.3211956709729302,-0.32119567097293017,-0.011308165144454152,-1.2351210202350102
1774257659.5105603,0.00969696044921875,-0.3165898537228689,-0.31658985372286885,0.004605817250061317,0.4749753568843721
1774257659.5213778,0.010817527770996094,-0.28289708307611783,-0.2828970830761178,0.03369277064675108,3.114646096595932
1774257659.5307853,0.009407520294189453,-0.28329656268943376,-0.2832965626894337,-0.00039947961331593396,-0.042463858787811726
1774257659.5424383,0.011652946472167969,-0.29133871721339155,-0.2913387172133915,-0.00804215452395779,-0.6901391457659025
1774257659.5507333,0.008295059204101562,-0.28173000542062543,-0.2817300054206254,0.009608711792766123,1.1583656676030731
1774257659.5608268,0.010093450546264648,-0.2604862614292481,-0.260486261429248,0.02124374399137735,2.1047058083857326
1774257659.5724328,0.011605978012084961,-0.2530354085321966,-0.2530354085321965,0.0074508528970514964,0.6419840610841365
1774257659.580925,0.008492231369018555,-0.23693148112398957,-0.2369314811239895,0.016103927408207014,1.896312842694975
1774257659.5906758,0.009750843048095703,-0.22398878454819526,-0.2239887845481952,0.012942696575794305,1.3273412885383236
1774257659.60401,0.013334274291992188,-0.23470272840095405,-0.234702728400954,-0.010713943852758784,-0.8034890852060074
1774257659.6108983,0.006888151168823242,-0.22329929143004656,-0.2232992914300465,0.011403436970907482,1.6555149112465868
1774257659.6208951,0.009996891021728516,-0.2281792174249989,-0.22817921742499883,-0.004879925994952322,-0.4881443625168735
1774257659.6312664,0.010371208190917969,-0.15386038383794168,-0.15386038383794162,0.07431883358705721,7.165880022747779
1774257659.6410658,0.009799480438232422,-0.11300377837634511,-0.11300377837634507,0.04085660546159656,4.16926241336179
1774257659.6510482,0.00998234748840332,-0.09987234015036262,-0.09987234015036257,0.013131438225982492,1.3154659503926835
1774257659.6609173,0.009869098663330078,-0.15262452485090833,-0.15262452485090827,-0.0527521847005457,-5.345187691410292
1774257659.6709836,0.01006627082824707,-0.13785414711269772,-0.13785414711269767,0.014770377738210605,1.46731376397735
1774257659.6808572,0.009873628616333008,-0.13389190365163792,-0.13389190365163786,0.003962243461059806,0.40129557379800995
1774257659.690689,0.009831905364990234,-0.10672687056843011,-0.10672687056843005,0.027165033083207807,2.762946964475262
1774257659.7008505,0.010161399841308594,-0.059529950809055675,-0.059529950809055626,0.04719691975937443,4.644726169273186
1774257659.712233,0.011382579803466797,-0.0431184446343071,-0.04311844463430705,0.016411506174748576,1.4418090150134608
1774257659.7208138,0.008580684661865234,-0.061705908209594,-0.06170590820959395,-0.0185874635752869,-2.1661981890436275
1774257659.7307425,0.009928703308105469,-0.06468549972520642,-0.06468549972520637,-0.0029795915156124245,-0.30009875641867384
1774257659.7419736,0.011231184005737305,-0.0650104400494256,-0.06501044004942556,-0.00032494032421918895,-0.028931974051284122
1774257659.7506745,0.008700847625732422,-0.05577228735881927,-0.05577228735881923,0.009238152690606335,1.0617531863544942
1774257659.7610595,0.01038503646850586,-0.027175329122297955,-0.027175329122297913,0.028596958236521315,2.7536695054702762
1774257659.772939,0.011879444122314453,-0.011409993409103725,-0.011409993409103682,0.01576533571319423,1.3271105576043314
1774257659.7807753,0.007836341857910156,-0.0274953747191506,-0.027495374719150555,-0.016085381310046873,-2.0526645725403077
1774257659.7909842,0.010208845138549805,-0.02728817096449797,-0.027288170964497926,0.00020720375465262814,0.02029649307444211
1774257659.803447,0.012462854385375977,-0.055227180279907175,-0.055227180279907126,-0.0279390093154092,-2.241782536446312
1774257659.8109446,0.007497549057006836,-0.09757635469431411,-0.09757635469431405,-0.04234917441440693,-5.6484024435731435
1774257659.821286,0.010341405868530273,-0.09504628206018907,-0.09504628206018902,0.0025300726341250385,0.24465461140290917
1774257659.830907,0.009621143341064453,-0.06513470468068691,-0.06513470468068686,0.02991157737950216,3.1089420788312294
1774257659.8415134,0.01060628890991211,-0.07328823200618616,-0.0732882320061861,-0.008153527325499246,-0.7687445999966459
1774257659.8507645,0.009251117706298828,-0.08819319913945776,-0.08819319913945771,-0.014904967133271607,-1.6111531175441893
1774257659.860856,0.010091543197631836,-0.13395084746423888,-0.13395084746423883,-0.04575764832478112,-4.534256795880236
1774257659.8708277,0.00997161865234375,-0.23324625769443919,-0.23324625769443913,-0.0992954102302003,-9.957802608793278
1774257659.8808699,0.010042190551757812,-0.28565585049439124,-0.2856558504943912,-0.052409592799952054,-5.218940282982196
1774257659.8907988,0.00992894172668457,-0.2806345043712894,-0.28063450437128934,0.005021346123101844,0.505728229787743
1774257659.900814,0.010015249252319336,-0.27533650838940077,-0.2753365083894007,0.005297995981888626,0.5289929235322539
1774257659.9118953,0.011081218719482422,-0.3571721503203921,-0.35717215032039207,-0.08183564193099135,-7.385075956231438
1774257659.9209118,0.00901651382446289,-0.3805842742105646,-0.38058427421056457,-0.023412123890172498,-2.5965827087906836
1774257659.930837,0.009925127029418945,-0.38357126248175083,-0.3835712624817508,-0.0029869882711862084,-0.30095214523023367
1774257659.9424336,0.0115966796875,-0.4196056807236719,-0.4196056807236718,-0.03603441824192105,-3.1073047814507078
1774257659.9510179,0.008584260940551758,-0.42354575857679316,-0.4235457585767931,-0.003940077853121282,-0.45898859324143887
1774257659.9609659,0.009948015213012695,-0.3847568576482079,-0.38475685764820783,0.03878890092858528,3.899159791980083
1774257659.9734092,0.012443304061889648,-0.41309441923705387,-0.4130944192370538,-0.028337561588845983,-2.277334174902628
1774257659.9809713,0.007562160491943359,-0.4078594008508995,-0.40785940085089945,0.005235018386154366,0.6922649144687812
1774257659.990787,0.009815692901611328,-0.40012402928748275,-0.4001240292874827,0.007735371563416749,0.7880616927356114
1774257660.0033798,0.012592792510986328,-0.41695134791048705,-0.416951347910487,-0.016827318623004295,-1.3362658527347004
1774257660.0112984,0.007918596267700195,-0.4150109834941516,-0.41501098349415155,0.0019403644163354383,0.24503893755136225
1774257660.0210848,0.009786367416381836,-0.3777268727464886,-0.37772687274648853,0.037284110747663024,3.809800834296441
1774257660.0323277,0.011242866516113281,-0.3706403402231564,-0.37064034022315634,0.00708653252333219,0.6303136760696899
1774257660.0408106,0.008482933044433594,-0.36199284279850125,-0.3619928427985012,0.008647497424655148,1.0193994670663515
1774257660.0515995,0.010788917541503906,-0.3204661587924367,-0.3204661587924366,0.041526684006064574,3.8490130123170836
1774257660.0618367,0.01023721694946289,-0.3185883468303271,-0.31858834683032705,0.0018778119621095657,0.18342992742847827
1774257660.070986,0.009149312973022461,-0.3111483795777805,-0.31114837957778047,0.0074399672525465865,0.8131722321101018
1774257660.0809503,0.009964227676391602,-0.28687895075749814,-0.2868789507574981,0.02426942882028238,2.43565578873557
1774257660.0912015,0.010251283645629883,-0.1880804347569519,-0.18808043475695185,0.09879851600054623,9.637672648211622
1774257660.1010933,0.009891748428344727,-0.20106386862540945,-0.2010638686254094,-0.012983433868457545,-1.312551968189326
1774257660.1116176,0.010524272918701172,-0.165963222499181,-0.16596322249918094,0.03510064612622846,3.3352086550184525
1774257660.1212845,0.009666919708251953,-0.13108657530499057,-0.13108657530499052,0.034876647194190424,3.607834578828532
1774257660.1309931,0.009708642959594727,-0.13421875571636138,-0.13421875571636133,-0.0031321804113708107,-0.3226177360117442
1774257660.1410196,0.01002645492553711,-0.14335344689974103,-0.14335344689974097,-0.009134691183379645,-0.9110589187524131
1774257660.1519768,0.01095724105834961,-0.13545107579314514,-0.13545107579314508,0.00790237110659589,0.7212008081700589
1774257660.161255,0.009278059005737305,-0.10610019582049432,-0.10610019582049426,0.029350879972650817,3.163472010094031
1774257660.1711636,0.009908676147460938,-0.06082794080721657,-0.06082794080721651,0.04527225501327775,4.568950921347712
1774257660.1816614,0.010497808456420898,-0.062170393387264634,-0.06217039338726458,-0.001342452580048066,-0.12787931744239112
1774257660.1910884,0.009427070617675781,-0.03353138379148125,-0.03353138379148119,0.028639009595783388,3.0379542868900518
1774257660.2008545,0.009766101837158203,-0.07362003991821015,-0.07362003991821009,-0.0400886561267289,-4.104877953883197
1774257660.2114499,0.010595321655273438,-0.06902901403034144,-0.06902901403034138,0.004591025887868708,0.4333068912149251
1774257660.222946,0.01149606704711914,-0.026933152695310283,-0.026933152695310228,0.042095861335031154,3.661761988903864
1774257660.2310903,0.008144378662109375,-0.017715736481495964,-0.01771573648149591,0.00921741621381432,1.131751923163532
1774257660.241129,0.010038614273071289,-0.005172533247253611,-0.005172533247253554,0.012543203234242354,1.249495487428943
1774257660.251243,0.010114192962646484,-0.05670899915647198,-0.056708999156471915,-0.05153646590921836,-5.0954600233109755
1774257660.261685,0.010441780090332031,-0.10204333534005403,-0.10204333534005397,-0.045334336183582055,-4.341629089235157
1774257660.2710245,0.009339570999145508,-0.11060671367708426,-0.1106067136770842,-0.008563378337030234,-0.9168920433083823
1774257660.2817822,0.010757684707641602,-0.12047430989993951,-0.12047430989993946,-0.009867596222855254,-0.917260218255506
1774257660.2909448,0.009162664413452148,-0.11786997493683796,-0.1178699749368379,0.0026043349631015567,0.2842333676739276
1774257660.3009448,0.009999990463256836,-0.16112216442631516,-0.1611221644263151,-0.043252189489477205,-4.325223073801879
1774257660.3133652,0.012420415878295898,-0.2000391251618782,-0.20003912516187813,-0.03891696073556303,-3.1333057698630378
1774257660.3211331,0.007767915725708008,-0.22091209748189744,-0.22091209748189738,-0.02087297232001925,-2.6870750220602813
1774257660.3325665,0.01143336296081543,-0.2281567422628204,-0.22815674226282034,-0.00724464478092296,-0.633640758694699
1774257660.3415034,0.008936882019042969,-0.288754833930424,-0.28875483393042395,-0.060598091667603604,-6.780674908595573
1774257660.3513732,0.009869813919067383,-0.3016492588472102,-0.30164925884721017,-0.012894424916786218,-1.3064506608250863
1774257660.3611672,0.009793996810913086,-0.3354079059292549,-0.33540790592925485,-0.03375864708204468,-3.446871357404229
1774257660.3713176,0.010150432586669922,-0.33483124778184675,-0.3348312477818467,0.0005766581474081489,0.05681118932462509
1774257660.3809571,0.009639501571655273,-0.3585953729514081,-0.35859537295140803,-0.023764125169561334,-2.4652856781972194
1774257660.3911407,0.010183572769165039,-0.35533683275470596,-0.3553368327547059,0.003258540196702131,0.31998005715329136
1774257660.4011543,0.010013580322265625,-0.35371620495726114,-0.3537162049572611,0.001620627797444818,0.16184299174604738
1774257660.4109929,0.009838581085205078,-0.3508214037790292,-0.35082140377902915,0.0028948011782319316,0.2942295391136263
1774257660.4211717,0.010178804397583008,-0.3411299430957214,-0.34112994309572137,0.009691460683307784,0.9521217133919043
1774257660.4313903,0.010218620300292969,-0.3562812132196123,-0.35628121321961226,-0.015151270123890892,-1.48271191987205
1774257660.4412947,0.00990438461303711,-0.3617334875956307,-0.3617334875956306,-0.005452274376018362,-0.5504909783937056
1774257660.4512148,0.009920120239257812,-0.31478339362568025,-0.3147833936256802,0.046950093969950424,4.732815010059098
1774257660.4618452,0.010630369186401367,-0.32246750110435013,-0.3224675011043501,-0.007684107478669877,-0.7228448367061022
1774257660.4717772,0.00993204116821289,-0.3354492003105572,-0.33544920031055714,-0.012981699206207065,-1.3070524966966997
1774257660.481347,0.009569883346557617,-0.34649193263417305,-0.346491932634173,-0.011042732323615856,-1.1539045904449856
1774257660.4920053,0.01065826416015625,-0.3229697544713289,-0.32296975447132886,0.023522178162844132,2.206942688733218
1774257660.5021021,0.01009678840637207,-0.25979442823939525,-0.2597944282393952,0.06317532623193367,6.256972384611309
1774257660.5113418,0.009239673614501953,-0.23006576837727366,-0.2300657683772736,0.029728659862121587,3.217501083096868
1774257660.5215116,0.010169744491577148,-0.2653893978081844,-0.2653893978081843,-0.03532362943091072,-3.473403826435038
1774257660.5342877,0.01277613639831543,-0.28559093696258536,-0.2855909369625853,-0.020201539154400983,-1.5811931341829297
1774257660.5417569,0.00746917724609375,-0.3093447401003898,-0.30934474010038976,-0.023753803137804452,-3.180243600488565
1774257660.5529473,0.011190414428710938,-0.29237371752530916,-0.2923737175253091,0.016971022575080652,1.516567834300986
1774257660.5634487,0.010501384735107422,-0.2210236629265683,-0.22102366292656825,0.07135005459874086,6.794347259767452
1774257660.5712192,0.007770538330078125,-0.21819908409939234,-0.2181990840993923,0.002824578827175961,0.3634984742617649
1774257660.582689,0.011469841003417969,-0.2577781986400729,-0.25777819864007284,-0.039579114540680554,-3.450711699393752
1774257660.5938811,0.011192083358764648,-0.2768984407238121,-0.27689844072381203,-0.019120242083739192,-1.7083720225123156
1774257660.6016572,0.007776021957397461,-0.28564391152435736,-0.2856439115243573,-0.008745470800545274,-1.124671567089077
1774257660.6117125,0.010055303573608398,-0.2846466561471907,-0.28464665614719065,0.0009972553771666615,0.0991770531706375
1774257660.6220877,0.010375261306762695,-0.20737378025427824,-0.2073737802542782,0.07727287589291246,7.447800456123958
1774257660.6315317,0.009443998336791992,-0.1964288294649496,-0.19642882946494955,0.010944950789328639,1.1589318844635144
1774257660.6414573,0.009925603866577148,-0.1998651062782426,-0.19986510627824255,-0.0034362768132930044,-0.3462033000192669
1774257660.6514618,0.010004520416259766,-0.19837633798846477,-0.1983763379884647,0.001488768289777842,0.1488095608619313
1774257660.6698062,0.018344402313232422,-0.21277345763426736,-0.2127734576342673,-0.014397119645802592,-0.784823588142606
1774257660.6716936,0.0018873214721679688,-0.21324127015641806,-0.213241270156418,-0.0004678125221506957,-0.2478711385683112
1774257660.681366,0.009672403335571289,-0.15297662101656306,-0.152976621016563,0.06026464913985499,6.230576522613088
1774257660.6918874,0.010521411895751953,-0.11864748069983279,-0.11864748069983273,0.034329140316730275,3.2627883649903255
1774257660.7013884,0.009500980377197266,-0.1357288470636762,-0.13572884706367613,-0.0170813663638434,-1.7978530304977123
1774257660.7114534,0.010065078735351562,-0.1389370499201661,-0.13893704992016603,-0.0032082028564899,-0.31874592746321334
1774257660.7216048,0.010151386260986328,-0.13429507214506112,-0.13429507214506106,0.004641977775104972,0.4572752583501781
1774257660.7316504,0.010045528411865234,-0.14578766213488073,-0.14578766213488067,-0.011492589989819613,-1.1440503195675786
1774257660.7422566,0.01060628890991211,-0.1253922365202196,-0.12539223652021955,0.020395425614661122,1.9229558790917503
1774257660.751227,0.008970260620117188,-0.07826955538957232,-0.07826955538957227,0.047122681130647284,5.253212044359941
1774257660.7638001,0.0125732421875,-0.08036515611302306,-0.080365156113023,-0.002095600723450733,-0.16667146724765441
1774257660.771653,0.007852792739868164,-0.1001981729050784,-0.10019817290507835,-0.019833016792055347,-2.525600439110572
1774257660.781814,0.010161161422729492,-0.11922861671923284,-0.11922861671923278,-0.019030443814154432,-1.8728610857008188
1774257660.7937982,0.011984109878540039,-0.128918210572696,-0.12891821057269595,-0.009689593853463171,-0.8085368001184918
1774257660.8038287,0.010030508041381836,-0.16320567829010355,-0.1632056782901035,-0.03428746771740754,-3.418318152575249
1774257660.8140988,0.010270118713378906,-0.139488046568706,-0.13948804656870595,0.023717631721397542,2.3093824310424504
1774257660.8221257,0.008026838302612305,-0.09685272145785719,-0.09685272145785714,0.042635325110848804,5.311596360047928
1774257660.831269,0.009143352508544922,-0.1181034765013209,-0.11810347650132086,-0.021250755043463715,-2.324175407609388
1774257660.845782,0.014513015747070312,-0.14613567135396643,-0.14613567135396638,-0.02803219485264552,-1.931521011289764
1774257660.8516192,0.005837202072143555,-0.1703502216857349,-0.17035022168573485,-0.024214550331768475,-4.148314557641541
1774257660.861406,0.009786844253540039,-0.20204577266616636,-0.2020457726661663,-0.03169555098043145,-3.2385874505938643
1774257660.8740761,0.012670040130615234,-0.19047650125491483,-0.19047650125491478,0.011569271411251525,0.9131203446858965
1774257660.8818862,0.007810115814208984,-0.14095164809845107,-0.140951648098451,0.049524853156463766,6.341116359166268
1774257660.891451,0.009564638137817383,-0.11209969115023932,-0.11209969115023927,0.028851956948211743,3.016523629277172
1774257660.9019215,0.01047062873840332,-0.15451115841951044,-0.15451115841951038,-0.042411467269271114,-4.05051772237113
1774257660.91141,0.009488582611083984,-0.21087350788024325,-0.2108735078802432,-0.05636234946073282,-5.940017784626099
1774257660.9216478,0.010237693786621094,-0.2588034671203489,-0.25880346712034885,-0.04792995924010565,-4.681714479753426
1774257660.9319272,0.010279417037963867,-0.3138549299481743,-0.31385492994817427,-0.055051462827825415,-5.355504366104591
1774257660.942921,0.010993719100952148,-0.27040114014374966,-0.2704011401437496,0.04345378980442466,3.952601426814807
1774257660.9521627,0.009241819381713867,-0.22150906384915897,-0.22150906384915892,0.04889207629459069,5.2903085718522025
1774257660.9634576,0.011294841766357422,-0.24420475899730804,-0.24420475899730798,-0.022695695148149064,-2.009385843345764
1774257660.9723136,0.008856058120727539,-0.2946995504875576,-0.2946995504875575,-0.050494791490249546,-5.7017231370768515
1774257660.98244,0.010126352310180664,-0.31877415165270484,-0.3187741516527048,-0.024074601165147258,-2.377420854787319
1774257660.995479,0.013039112091064453,-0.33991962767581785,-0.3399196276758178,-0.021145476023113008,-1.6216960077829032
1774257661.001464,0.005984783172607422,-0.3227689789937253,-0.32276897899372525,0.01715064868209254,2.8657092809296256
1774257661.0121062,0.010642290115356445,-0.2675480664262123,-0.26754806642621226,0.05522091256751299,5.188818569025024
1774257661.021685,0.009578704833984375,-0.23261047877635607,-0.23261047877635602,0.034937587649856244,3.6474229298621728
1774257661.0313118,0.00962686538696289,-0.2340858993002378,-0.23408589930023774,-0.0014754205238817208,-0.15326074112138285
1774257661.0413706,0.010058879852294922,-0.28504940674329765,-0.2850494067432976,-0.05096350744305986,-5.066519154360174
1774257661.05172,0.010349273681640625,-0.29005190162670247,-0.2900519016267024,-0.005002494883404818,-0.48336675957068653
1774257661.0614908,0.009770870208740234,-0.2981188476084138,-0.29811884760841373,-0.008066945981711315,-0.8256118246760943
1774257661.072751,0.011260271072387695,-0.26837867239411684,-0.2683786723941168,0.02974017521429695,2.6411597929667483
1774257661.0814986,0.008747577667236328,-0.20414522796141543,-0.20414522796141538,0.0642334444327014,7.342997899096681
1774257661.0915911,0.010092496871948242,-0.1858856107235419,-0.18588561072354184,0.018259617237873532,1.809226940523066
1774257661.1035607,0.011969566345214844,-0.22517109420570358,-0.22517109420570353,-0.03928548348216168,-3.2821141843511406
1774257661.111463,0.007902383804321289,-0.26098802068058935,-0.2609880206805893,-0.03581692647488577,-4.532420515351313
1774257661.1215665,0.010103464126586914,-0.2703393236277442,-0.27033932362774415,-0.00935130294715486,-0.9255541297511248
1774257661.1347933,0.013226747512817383,-0.29670803183592465,-0.2967080318359246,-0.026368708208180436,-1.9935897455234428
1774257661.1418347,0.007041454315185547,-0.2608478603877126,-0.26084786038771257,0.03586017144821202,5.09272230466315
1774257661.1521506,0.010315895080566406,-0.21740332631677411,-0.21740332631677406,0.04344453407093851,4.21141682148178
1774257661.1639154,0.011764764785766602,-0.21737140741117555,-0.2173714074111755,3.1918905598560254e-05,0.0027130933919883205
1774257661.1715393,0.007623910903930664,-0.24529338161897513,-0.24529338161897507,-0.02792197420779957,-3.6624213687234755
1774257661.1814916,0.009952306747436523,-0.26335154403353866,-0.2633515440335386,-0.01805816241456354,-1.814470039241394
1774257661.1915734,0.010081768035888672,-0.27714449531774477,-0.2771444953177447,-0.0137929512842061,-1.3681083749503566
1774257661.2015085,0.009935140609741211,-0.254879206195267,-0.25487920619526694,0.02226528912247777,2.2410643187724077
1774257661.2120295,0.01052093505859375,-0.17797829640599488,-0.17797829640599483,0.07690090978927211,7.3093227323418954
1774257661.2219136,0.009884119033813477,-0.1441835692860499,-0.14418356928604983,0.033794727119944995,3.419093497795156
1774257661.231453,0.009539365768432617,-0.19666450437139318,-0.19666450437139313,-0.052480935085343294,-5.501511983009565
1774257661.241497,0.010044097900390625,-0.18537258259629358,-0.18537258259629352,0.011291921775099606,1.1242345392372621
1774257661.2518034,0.010306358337402344,-0.17867475090745785,-0.1786747509074578,0.006697831688835726,0.6498737448831877
1774257661.2616024,0.009799003601074219,-0.19335608882326769,-0.19335608882326763,-0.014681337915809833,-1.4982480376066387
1774257661.271501,0.009898662567138672,-0.18277799508972967,-0.1827779950897296,0.010578093733538019,1.0686386834373873
1774257661.2817864,0.010285377502441406,-0.14838905173059708,-0.14838905173059702,0.03438894335913259,3.343478968173001
1774257661.2917352,0.00994873046875,-0.12667542597355178,-0.12667542597355172,0.0217136257570453,2.182552419652946
1774257661.3038082,0.012073040008544922,-0.14092245597497638,-0.14092245597497632,-0.014247030001424604,-1.1800698077154552
1774257661.3122845,0.00847625732421875,-0.16377422943485032,-0.16377422943485026,-0.022851773459873936,-2.6959744832876655
1774257661.3215752,0.009290695190429688,-0.21087714561812107,-0.21087714561812101,-0.047102916183270754,-5.069902221288166
1774257661.3328645,0.011289358139038086,-0.23413196771654501,-0.23413196771654496,-0.023254822098423944,-2.0598887741907865
1774257661.3418686,0.00900411605834961,-0.22199009677563078,-0.22199009677563072,0.012141870940914234,1.348480057590434
1774257661.3517666,0.009897947311401367,-0.19536687236964745,-0.1953668723696474,0.02662322440598333,2.689772289989486
1774257661.363728,0.01196146011352539,-0.2636030051012817,-0.26360300510128165,-0.06823613273163426,-5.704665825410095
1774257661.3717906,0.008062601089477539,-0.28848526436588506,-0.288485264365885,-0.024882259264603357,-3.0861329970891243
1774257661.381693,0.009902238845825195,-0.33239296143069674,-0.3323929614306967,-0.04390769706481168,-4.434118157362287
1774257661.3916385,0.00994563102722168,-0.3939907452062308,-0.39399074520623073,-0.06159778377553404,-6.193451537357246
1774257661.4015915,0.009953022003173828,-0.3792338530066226,-0.37923385300662255,0.014756892199608185,1.4826544334878888
1774257661.411587,0.009995460510253906,-0.27912962160164,-0.27912962160163995,0.10010423140498259,10.014969425599755
1774257661.42162,0.010032892227172852,-0.3603264109533447,-0.36032641095334467,-0.08119678935170471,-8.093059061453209
1774257661.4316707,0.010050773620605469,-0.4001754087983282,-0.40017540879832814,-0.03984899784498347,-3.9647692157037087
1774257661.4420226,0.010351896286010742,-0.42948844143947584,-0.4294884414394758,-0.02931303264114765,-2.831658261565125
1774257661.4515703,0.009547710418701172,-0.48616390084618294,-0.4861639008461829,-0.056675459406707096,-5.936026222129281
1774257661.4617686,0.010198354721069336,-0.4392401110971821,-0.43924011109718203,0.046923789749000855,4.601113712200895
1774257661.4719794,0.010210752487182617,-0.3737735332392234,-0.37377353323922335,0.06546657785795867,6.411533130407161
1774257661.4817235,0.00974416732788086,-0.42452954115880326,-0.4245295411588032,-0.05075600791957985,-5.208860461001357
1774257661.4917016,0.009978055953979492,-0.42717314230592385,-0.4271731423059238,-0.002643601147120589,-0.26494150356676005
1774257661.5044763,0.01277470588684082,-0.42203535865036895,-0.4220353586503689,0.005137783655554895,0.40218410514228026
1774257661.5120308,0.007554531097412109,-0.47800830147310003,-0.4780083014731,-0.055972942822731075,-7.409188221080359
1774257661.523175,0.011144161224365234,-0.5055086450762629,-0.5055086450762629,-0.027500343603162947,-2.4676907529870515
1774257661.5327778,0.009602785110473633,-0.4152288748916467,-0.4152288748916467,0.09027977018461619,9.401415229645119
1774257661.541701,0.00892329216003418,-0.4108577547169782,-0.4108577547169782,0.004371120174668508,0.48985510014408906
1774257661.5519788,0.010277748107910156,-0.39556156847133583,-0.39556156847133583,0.015296186245642385,1.48828187702614
1774257661.562346,0.010367155075073242,-0.3718270790058734,-0.3718270790058734,0.023734489465462416,2.289392730560147
1774257661.571694,0.009347915649414062,-0.33927172706699016,-0.33927172706699016,0.03255535193888326,3.482632188804984
1774257661.5819528,0.010258913040161133,-0.3470596955848596,-0.3470596955848596,-0.007787968517869448,-0.7591416836638987
1774257661.5923212,0.01036834716796875,-0.3569947973029224,-0.3569947973029224,-0.009935101718062778,-0.958214608086773
1774257661.6019032,0.009582042694091797,-0.31975525402496546,-0.31975525402496546,0.03723954327795692,3.886388786486883
1774257661.6119611,0.010057926177978516,-0.26242853525473914,-0.26242853525473914,0.057326718770226326,5.699655948533527
1774257661.622429,0.010467767715454102,-0.19144054480855735,-0.19144054480855732,0.07098799044618181,6.781578687629704
1774257661.63327,0.010841131210327148,-0.19907672293844825,-0.19907672293844822,-0.007636178129890897,-0.7043709721561855
1774257661.641828,0.008558034896850586,-0.20317413080213945,-0.20317413080213942,-0.004097407863691199,-0.4787790553645759
1774257661.6518865,0.010058403015136719,-0.1841865086389553,-0.18418650863895528,0.018987622163184142,1.8877372615324715
1774257661.6618874,0.010000944137573242,-0.1842490989315676,-0.18424909893156757,-6.259029261229676e-05,-0.006258438378547376
1774257661.6721382,0.01025080680847168,-0.19247569642842616,-0.19247569642842613,-0.008226597496858556,-0.8025317080466061
1774257661.6819003,0.009762048721313477,-0.1659278878352659,-0.16592788783526588,0.02654780859316025,2.719491507474085
1774257661.6920733,0.01017308235168457,-0.1578422809678828,-0.15784228096788278,0.008085606867383105,0.7948040316457481
1774257661.7041297,0.012056350708007812,-0.19623592269825085,-0.19623592269825083,-0.03839364173036805,-3.1845159999258352
1774257661.711773,0.007643222808837891,-0.19326874029665572,-0.1932687402966557,0.002967182401595131,0.3882108994865576
1774257661.7220888,0.010315895080566406,-0.20130131183833075,-0.20130131183833072,-0.008032571541675027,-0.7786596779960647
1774257661.7324088,0.010319948196411133,-0.2129498356121378,-0.21294983561213776,-0.01164852377380704,-1.1287385897787678
1774257661.742341,0.009932279586791992,-0.19519693999868726,-0.19519693999868723,0.01775289561345053,1.787393866465302
1774257661.752132,0.009790897369384766,-0.19586089747437516,-0.19586089747437513,-0.0006639574756878985,-0.06781375094013674
1774257661.7626555,0.010523557662963867,-0.2118635633193169,-0.21186356331931688,-0.016002665844941755,-1.520651699497102
1774257661.771839,0.009183406829833984,-0.25935121006439565,-0.25935121006439565,-0.04748764674507877,-5.171027226062383
1774257661.7820385,0.010199546813964844,-0.2634520999230834,-0.2634520999230834,-0.0041008898586877285,-0.40206588915038277
1774257661.7927961,0.010757684707641602,-0.3097333651541754,-0.3097333651541754,-0.046281265231091995,-4.302158548875913
1774257661.8020663,0.009270191192626953,-0.3384107394153005,-0.3384107394153005,-0.0286773742611251,-3.0935040783121766
1774257661.8120754,0.010009050369262695,-0.3385785797819515,-0.3385785797819515,-0.00016784036665101754,-0.016768860227384517
1774257661.8219395,0.009864091873168945,-0.3097684667764089,-0.3097684667764089,0.028810113005542592,2.9207060696492717
1774257661.832147,0.010207414627075195,-0.32815285697233093,-0.32815285697233093,-0.01838439019592203,-1.8010819455846716
1774257661.8420448,0.009897947311401367,-0.3982585466712964,-0.3982585466712964,-0.07010568969896547,-7.082851372446818
1774257661.852122,0.010077238082885742,-0.47852518873711314,-0.47852518873711314,-0.08026664206581674,-7.965142969295749
1774257661.862169,0.010046958923339844,-0.5397798927228047,-0.5397798927228047,-0.06125470398569155,-6.096840292975843
1774257661.8734243,0.011255264282226562,-0.48426024436481796,-0.48426024436481796,0.05551964835798673,4.9327716316407635
1774257661.8819857,0.008561372756958008,-0.4870600470539178,-0.4870600470539178,-0.0027998026890998506,-0.3270273084213501
1774257661.8919106,0.009924888610839844,-0.5043701787717374,-0.5043701787717374,-0.017310131717819588,-1.7441134501916395
1774257661.904517,0.012606382369995117,-0.5337895899743634,-0.5337895899743634,-0.029419411202626033,-2.333691803022585
1774257661.91182,0.007302999496459961,-0.5568088629027365,-0.5568088629027365,-0.023019272928373025,-3.152029921340038
1774257661.9219952,0.010175228118896484,-0.5019345606719096,-0.5019345606719096,0.0548743022308269,5.392930909226444
1774257661.9318564,0.009861230850219727,-0.4260756062436316,-0.4260756062436316,0.07585895442827795,7.692645632222236
1774257661.941895,0.010038614273071289,-0.4521896782082799,-0.4521896782082799,-0.026114071964648267,-2.6013622253321955
1774257661.9527216,0.010826587677001953,-0.41746557149074875,-0.41746557149074875,0.03472410671753112,3.207299266720274
1774257661.962229,0.009507417678833008,-0.36619232511873456,-0.36619232511873456,0.05127324637201419,5.392972950601214
1774257661.972155,0.009926080703735352,-0.3549384699304737,-0.3549384699304737,0.011253855188260886,1.1337662390782166
1774257661.9821374,0.00998234748840332,-0.39890951786040835,-0.39890951786040835,-0.04397104792993467,-4.404880513427995
1774257661.992062,0.009924650192260742,-0.37082803570278094,-0.37082803570278094,0.028081482157627402,2.829468204282443
1774257662.001991,0.00992894172668457,-0.29271063856557045,-0.29271063856557045,0.0781173971372105,7.867645846612811
1774257662.011893,0.009902000427246094,-0.23025322757256667,-0.23025322757256667,0.06245741099300378,6.3075548675142
1774257662.0218627,0.009969711303710938,-0.17805444167413065,-0.17805444167413065,0.05219878589843602,5.235736954489998
1774257662.031884,0.010021209716796875,-0.1433560639151189,-0.1433560639151189,0.034698377759011745,3.4624939243465453
1774257662.0431714,0.011287450790405273,-0.12830528012322973,-0.12830528012322973,0.015050783791889177,1.3334085854604893
1774257662.0519857,0.008814334869384766,-0.0790563039868725,-0.0790563039868725,0.04924897613635723,5.587372940346976
1774257662.0620024,0.010016679763793945,-0.03905809111214878,-0.039058091112148786,0.03999821287472371,3.9931607895962
1774257662.0741267,0.012124300003051758,-0.025628467183395457,-0.025628467183395464,0.013429623928753322,1.1076617970004872
1774257662.0820358,0.007909059524536133,0.0055490300400321164,0.005549030040032113,0.031177497223427577,3.941998050047062
1774257662.0920231,0.009987354278564453,0.03915915462700956,0.03915915462700956,0.033610124586977444,3.3652680829710633
1774257662.1041183,0.012095212936401367,0.008369509891732189,0.008369509891732185,-0.03078964473527737,-2.5456058439958373
1774257662.1121082,0.007989883422851562,0.037797889400094084,0.037797889400094084,0.0294283795083619,3.683205117135365
1774257662.1220443,0.009936094284057617,0.04952119213530453,0.04952119213530453,0.011723302735210446,1.1798703192682451
1774257662.1319554,0.009911060333251953,0.04143823600292122,0.04143823600292122,-0.008082956132383308,-0.8155490795737271
1774257662.1421506,0.010195255279541016,0.008846896372376992,0.00884689637237699,-0.03259133963054423,-3.1967163878618914
1774257662.152381,0.010230302810668945,-0.04816060777533212,-0.04816060777533212,-0.05700750414770911,-5.572416105636415
1774257662.1627765,0.010395526885986328,-0.12779224196500763,-0.1277922419650076,-0.07963163418967548,-7.660182601905706
1774257662.172236,0.009459495544433594,-0.13721508901140655,-0.13721508901140653,-0.009422847046398924,-0.9961257449868736
1774257662.1831052,0.010869264602661133,-0.13264484789542827,-0.13264484789542824,0.004570241115978285,0.4204738115271707
1774257662.1921175,0.009012222290039062,-0.15861820277821764,-0.15861820277821762,-0.025973354882789373,-2.8820144518069575
1774257662.202088,0.009970664978027344,-0.15170367704602952,-0.1517036770460295,0.00691452573218812,0.693486918618354
1774257662.2137723,0.011684179306030273,-0.12372453159081158,-0.12372453159081155,0.027979145455217944,2.394617946403625
1774257662.2222762,0.008503913879394531,-0.1751272089857686,-0.17512720898576858,-0.05140267739495703,-6.044590540775425
1774257662.232077,0.00980067253112793,-0.1875626115717746,-0.18756261157177456,-0.012435402586005978,-1.2688315568661108
1774257662.2436943,0.011617422103881836,-0.19358151461238235,-0.19358151461238232,-0.006018903040607759,-0.5180928253090338
1774257662.2520492,0.008354902267456055,-0.21390989282506961,-0.2139098928250696,-0.020328378212687265,-2.433107840395715
1774257662.2621799,0.010130643844604492,-0.2110574153776336,-0.21105741537763356,0.002852477447436025,0.2815692162502814
1774257662.2728944,0.010714530944824219,-0.1832308239777541,-0.18323082397775406,0.027826591399879502,2.597089088003565
1774257662.282209,0.009314537048339844,-0.22447896977628762,-0.2244789697762876,-0.04124814579853353,-4.42836241720519
1774257662.2922473,0.010038375854492188,-0.2878339915464254,-0.2878339915464254,-0.06335502177013783,-6.311282092688964
1774257662.3025043,0.01025700569152832,-0.32988868947540984,-0.32988868947540984,-0.04205469792898442,-4.100095017371308
1774257662.3121495,0.009645223617553711,-0.3858143947624022,-0.3858143947624022,-0.05592570528699237,-5.798279801954103
1774257662.3224342,0.010284662246704102,-0.42218818705591066,-0.42218818705591066,-0.036373792293508456,-3.5367026569263436
1774257662.3322577,0.00982356071472168,-0.38802964285338853,-0.38802964285338853,0.03415854420252212,3.4772059942920506
1774257662.34226,0.01000213623046875,-0.37542548651858115,-0.37542548651858115,0.012604156334807382,1.2601464371593234
1774257662.3526542,0.01039433479309082,-0.4354328517946513,-0.4354328517946513,-0.060007365276070146,-5.773083749039661
1774257662.3624454,0.009791135787963867,-0.5025951538228735,-0.5025951538228735,-0.06716230202822215,-6.859500622061029
1774257662.3728328,0.010387420654296875,-0.5631069068692147,-0.5631069068692147,-0.060511753046341266,-5.825484021513068
1774257662.382747,0.009914159774780273,-0.5178501255111574,-0.5178501255111574,0.04525678135805733,4.564863022803196
1774257662.3921254,0.009378433227539062,-0.47385194144161213,-0.47385194144161213,0.043998184069545254,4.691421584188274
1774257662.4022214,0.010096073150634766,-0.514438936893506,-0.514438936893506,-0.040586995451893815,-4.020077395075333
1774257662.4134295,0.011208057403564453,-0.5267388671812063,-0.5267388671812063,-0.012299930287700378,-1.0974185663778524
1774257662.4222069,0.008777379989624023,-0.5065653053490585,-0.5065653053490585,0.0201735618321478,2.2983580357687043
1774257662.432139,0.00993204116821289,-0.5220075979652696,-0.5220075979652696,-0.015442292616211106,-1.5547954700020334
1774257662.444212,0.012073040008544922,-0.5263797195602762,-0.5263797195602762,-0.004372121595006551,-0.3621392451207069
1774257662.4521196,0.007907629013061523,-0.45361245743909195,-0.45361245743909195,0.07276726212118423,9.202159332587557
1774257662.4621973,0.010077714920043945,-0.4352632100549995,-0.4352632100549995,0.018349247384092437,1.8207746031391432
1774257662.4754999,0.01330256462097168,-0.4417415459655233,-0.4417415459655233,-0.006478335910523769,-0.48699901824273656
1774257662.4822402,0.0067403316497802734,-0.40760182080135005,-0.40760182080135005,0.03413972516417324,5.0649918932826035
1774257662.4921186,0.009878396987915039,-0.40650116275060105,-0.40650116275060105,0.0011006580507489927,0.11142071452438161
1774257662.5022185,0.01009988784790039,-0.40534342373034143,-0.40534342373034143,0.0011577390202596183,0.11462889862685893
1774257662.512251,0.010032415390014648,-0.3649290733094438,-0.3649290733094438,0.04041435042089764,4.0283769012517565
1774257662.5221605,0.009909629821777344,-0.311416110811071,-0.311416110811071,0.053512962498372785,5.400097022874963
1774257662.5322323,0.010071754455566406,-0.2675497428366871,-0.2675497428366871,0.043866367974383924,4.355384969710027
1774257662.542266,0.010033607482910156,-0.23704366003683075,-0.23704366003683075,0.030506082799856338,3.040390293502724
1774257662.5521922,0.009926319122314453,-0.2364495132544098,-0.2364495132544098,0.0005941467824209512,0.059855700295319336
1774257662.5625405,0.010348320007324219,-0.23540252347628196,-0.23540252347628196,0.0010469897781278381,0.10117485518294866
1774257662.5723658,0.00982522964477539,-0.21232254410112195,-0.21232254410112195,0.023079979375160015,2.3490524099284436
1774257662.584913,0.01254725456237793,-0.17242492502329004,-0.17242492502329004,0.0398976190778319,3.179788764106384
1774257662.592237,0.0073239803314208984,-0.1279739937272598,-0.1279739937272598,0.044450931296030255,6.069231385743835
1774257662.6025026,0.010265588760375977,-0.09020668371661412,-0.09020668371661412,0.03776731001064566,3.679020355502965
1774257662.6126113,0.010108709335327148,-0.08344471671802223,-0.08344471671802223,0.006761966998591898,0.6689248621444371
1774257662.6227922,0.010180950164794922,-0.09646159809781285,-0.09646159809781285,-0.013016881379790624,-1.27855270569953
1774257662.6324863,0.009694099426269531,-0.09518968758513575,-0.09518968758513575,0.0012719105126770963,0.13120460774627635
1774257662.6427598,0.010273456573486328,-0.0573253615738881,-0.0573253615738881,0.03786432601124765,3.6856461834829446
1774257662.652597,0.009837150573730469,-0.05194969970747271,-0.05194969970747271,0.005375661866415395,0.5464653434065331
1774257662.6627645,0.010167598724365234,-0.08056154228811646,-0.08056154228811646,-0.028611842580643754,-2.8140216147672565
1774257662.6724176,0.009653091430664062,-0.12444375926064173,-0.12444375926064172,-0.043882216972525256,-4.545923685455705
1774257662.6824057,0.009988069534301758,-0.07048640559494407,-0.07048640559494405,0.05395735366569766,5.4021804193886895
1774257662.6929386,0.010532855987548828,-0.03196578842392656,-0.03196578842392655,0.038520617171017506,3.657186352548042
1774257662.7027557,0.009817123413085938,-0.07323139134859614,-0.07323139134859613,-0.04126560292466958,-4.203431207726669
1774257662.7124126,0.009656906127929688,-0.11478884407082773,-0.11478884407082772,-0.04155745272223159,-4.3033920151754605
1774257662.722718,0.010305404663085938,-0.21299954064385396,-0.21299954064385396,-0.09821069657302624,-9.530018449912786
1774257662.7330785,0.010360479354858398,-0.2362625090494002,-0.2362625090494002,-0.02326296840554623,-2.2453563786734825
1774257662.7426012,0.009522676467895508,-0.23797119293685054,-0.23797119293685054,-0.0017086838874503518,-0.1794331555010781
1774257662.752498,0.00989675521850586,-0.3152836836261004,-0.3152836836261004,-0.07731249068924984,-7.811902889614149
1774257662.7629201,0.010422229766845703,-0.3027911950918867,-0.3027911950918867,0.012492488534213697,1.1986387571260155
1774257662.7724447,0.00952458381652832,-0.34457320654287094,-0.34457320654287094,-0.04178201145098426,-4.386754555981604
1774257662.7826374,0.010192632675170898,-0.3654878205029908,-0.3654878205029908,-0.020914613960119843,-2.051934434080758
1774257662.7934885,0.010851144790649414,-0.3700157104682552,-0.3700157104682552,-0.004527889965264431,-0.4172730207384366
1774257662.80255,0.009061574935913086,-0.40736257732348297,-0.40736257732348297,-0.037346866855227756,-4.121454285746026
1774257662.8126798,0.010129690170288086,-0.40122429034287227,-0.40122429034287227,0.0061382869806106966,0.6059698645685355
1774257662.8224554,0.009775638580322266,-0.39972047489461665,-0.39972047489461665,0.0015038154482556187,0.15383296302327532
1774257662.832482,0.010026693344116211,-0.43167591842855946,-0.43167591842855946,-0.03195544353394281,-3.1870370856304944
1774257662.8426094,0.01012730598449707,-0.41519564356078686,-0.41519564356078686,0.016480274867772593,1.6273108458459415
1774257662.8523226,0.009713172912597656,-0.43443928273575033,-0.43443928273575033,-0.019243639174963467,-1.981189807710014
1774257662.8627336,0.01041102409362793,-0.45601068131051814,-0.45601068131051814,-0.02157139857476781,-2.0719766260046013
1774257662.872284,0.009550333023071289,-0.4671693131160315,-0.4671693131160315,-0.011158631805513353,-1.1684023770225398
1774257662.8828263,0.01054239273071289,-0.46302006397221984,-0.46302006397221984,0.004149249143811651,0.3935775539573428
1774257662.8939435,0.011117219924926758,-0.4477936250756264,-0.4477936250756264,0.01522643889659342,1.3696264893035957
1774257662.9030807,0.009137153625488281,-0.42541621350712666,-0.42541621350712666,0.02237741156849976,2.4490571665641587
1774257662.9124835,0.009402751922607422,-0.42066216067412476,-0.42066216067412476,0.004754052833001898,0.5056022824096352
1774257662.9255033,0.013019800186157227,-0.3979295433834792,-0.3979295433834792,0.022732617290645574,1.7460035458005803
1774257662.9324763,0.0069730281829833984,-0.3885204012498135,-0.3885204012498135,0.009409142133665671,1.349362412821912
1774257662.942311,0.009834766387939453,-0.3915227825949978,-0.3915227825949978,-0.0030023813451842685,-0.3052824263183456
1774257662.9542007,0.01188969612121582,-0.42146848855823343,-0.42146848855823343,-0.029945705963235647,-2.5186266880110515
1774257662.9624012,0.008200407028198242,-0.4209704004283236,-0.4209704004283236,0.0004980881299098128,0.060739439907929856
1774257662.9725723,0.010171175003051758,-0.4201169897288797,-0.4201169897288797,0.0008534106994439461,0.08390482900824034
1774257662.98479,0.01221776008605957,-0.4903666214985169,-0.4903666214985169,-0.07024963176963722,-5.749796302662045
1774257662.9928648,0.008074760437011719,-0.5087565989845396,-0.5087565989845396,-0.018389977486022724,-2.2774641587792326
1774257663.0025806,0.009715795516967773,-0.5164827835319207,-0.5164827835319207,-0.007726184547381054,-0.7952189333223367
1774257663.012898,0.010317325592041016,-0.5701678051146031,-0.5701678051146031,-0.0536850215826824,-5.203385422293551
1774257663.022541,0.009643077850341797,-0.5845418923654826,-0.5845418923654826,-0.01437408725087952,-1.4906119678760068
1774257663.0334291,0.010888099670410156,-0.5051542193245345,-0.5051542193245345,0.07938767304094807,7.291233130120449
1774257663.0424004,0.008971214294433594,-0.5185275889863189,-0.5185275889863189,-0.013373369661784373,-1.4906978278383343
1774257663.0525715,0.010171175003051758,-0.5390330925464977,-0.5390330925464977,-0.020505503560178773,-2.016040777395562
1774257663.063125,0.010553359985351562,-0.5753252251196549,-0.5753252251196549,-0.03629213257315722,-3.438917332824047
1774257663.0726147,0.009489774703979492,-0.592287455751262,-0.592287455751262,-0.016962230631607067,-1.7874218472746288
1774257663.0830388,0.010424137115478516,-0.5485236529284206,-0.5485236529284206,0.04376380282284131,4.198314195028924
1774257663.0931368,0.010097980499267578,-0.4629579606178898,-0.4629579606178898,0.08556569231053085,8.473545013949776
1774257663.1028726,0.009735822677612305,-0.45528866747242813,-0.45528866747242813,0.007669293145461664,0.7877396086000352
1774257663.1125793,0.009706735610961914,-0.4631226028674537,-0.4631226028674537,-0.007833935395025582,-0.8070617877114774
1774257663.12527,0.012690544128417969,-0.45671650189348567,-0.45671650189348567,0.006406100973968043,0.5047932467783508
1774257663.1327481,0.007478237152099609,-0.44522266051991494,-0.44522266051991494,0.011493841373570735,1.5369720349592944
1774257663.1428757,0.010127544403076172,-0.3794506840561776,-0.3794506840561776,0.06577197646373734,6.49436564738828
1774257663.1527944,0.009918689727783203,-0.3586392333348897,-0.3586392333348897,0.020811450721287927,2.0982056392986115
1774257663.1629925,0.010198116302490234,-0.35619810863329077,-0.35619810863329077,0.002441124701598907,0.2393701571144878
1774257663.173034,0.010041475296020508,-0.3316005365837528,-0.3316005365837528,0.02459757204953794,2.449597427111741
1774257663.1828067,0.009772777557373047,-0.3419541029195119,-0.3419541029195119,-0.010353566335759068,-1.0594292436286803
1774257663.193238,0.010431289672851562,-0.3294464282255291,-0.3294464282255291,0.012507674693982784,1.1990535289740074
1774257663.2052188,0.011980772018432617,-0.2946720955257436,-0.2946720955257436,0.034774332699785526,2.902511845337232
1774257663.2127032,0.00748443603515625,-0.28065533115889346,-0.28065533115889346,0.01401676436685012,1.872788317117002
1774257663.2237358,0.011032581329345703,-0.300661888470781,-0.300661888470781,-0.02000655731188755,-1.8134067372494103
1774257663.2358005,0.012064695358276367,-0.32375056301171196,-0.32375056301171196,-0.023088674540930942,-1.91373871078246
1774257663.243044,0.00724339485168457,-0.3003645797700647,-0.3003645797700647,0.023385983241647257,3.228594287692112
1774257663.2532644,0.010220527648925781,-0.2723705362815653,-0.2723705362815653,0.027994043488499376,2.7390017864138025
1774257663.2633479,0.010083436965942383,-0.23878977778322363,-0.23878977778322363,0.03358075849834169,3.330288929435806
1774257663.2728233,0.009475469589233398,-0.280798892672786,-0.280798892672786,-0.04200911488956238,-4.433459945594219
1774257663.2827628,0.009939432144165039,-0.30208338250145367,-0.30208338250145367,-0.021284489828667652,-2.1414190991949926
1774257663.293151,0.01038813591003418,-0.3228061195583805,-0.3228061195583805,-0.020722737056926843,-1.994846547676585
1774257663.3035855,0.010434627532958984,-0.2657898377503964,-0.2657898377503964,0.057016281807984126,5.464141544860281
1774257663.312592,0.009006500244140625,-0.31936876611942966,-0.31936876611942966,-0.053578928369033274,-5.948917661318026
1774257663.322646,0.010053873062133789,-0.3851928485134589,-0.3851928485134589,-0.06582408239402926,-6.547136808594145
1774257663.3328476,0.010201692581176758,-0.4476027692237015,-0.4476027692237015,-0.062409920710242595,-6.117604526272017
1774257663.343026,0.010178327560424805,-0.43537730938980024,-0.43537730938980024,0.012225459833901275,1.2011265860057496
1774257663.3526711,0.009645223617553711,-0.4114118589493834,-0.4114118589493834,0.023965450440416813,2.484696196861748
1774257663.362902,0.010230779647827148,-0.43753531273430374,-0.43753531273430374,-0.026123453784920314,-2.5534176948546157
1774257663.3735828,0.010680913925170898,-0.4684347793827236,-0.4684347793827236,-0.03089946664841986,-2.89296092683618
1774257663.3826125,0.009029626846313477,-0.4818177263270528,-0.4818177263270528,-0.013382946944329177,-1.48211517176848
1774257663.3926623,0.010049819946289062,-0.4926345708800826,-0.4926345708800826,-0.010816844553029836,-1.0763222237652128
1774257663.4042683,0.011605978012084961,-0.5577422106472061,-0.5577422106472061,-0.06510763976712347,-5.60983656003215
1774257663.412872,0.008603811264038086,-0.5794651034888788,-0.5794651034888788,-0.021722892841672725,-2.524798856579912
1774257663.422886,0.010013818740844727,-0.6023241499315488,-0.6023241499315488,-0.022859046442670006,-2.282750170964419
1774257663.435723,0.01283717155456543,-0.6316855905191143,-0.6316855905191143,-0.029361440587565513,-2.287220394520892
1774257663.4427578,0.007034778594970703,-0.6072033629915233,-0.6072033629915233,0.024482227527590994,3.4801702991894876
1774257663.4527247,0.009966850280761719,-0.5698401833002332,-0.5698401833002332,0.037363179691290105,3.748744953399121
1774257663.464743,0.012018203735351562,-0.5891466285401762,-0.5891466285401762,-0.01930644523994296,-1.6064335124518672
1774257663.4727762,0.008033275604248047,-0.6398108321641208,-0.6398108321641208,-0.05066420362394464,-6.306792660910711
1774257663.4827619,0.009985685348510742,-0.6193931487215828,-0.6193931487215828,0.020417683442538026,2.044695254250436
1774257663.4926775,0.009915590286254883,-0.5525330337630959,-0.5525330337630959,0.06686011495848687,6.74292836112533
1774257663.5027735,0.010096073150634766,-0.4826649811322725,-0.4826649811322725,0.06986805263082341,6.920319572608349
1774257663.5126512,0.009877681732177734,-0.468119304032551,-0.468119304032551,0.014545677099721543,1.4725800541170762
1774257663.5229092,0.010257959365844727,-0.496923527727604,-0.496923527727604,-0.028804223695053033,-2.807987696944932
1774257663.5326498,0.009740591049194336,-0.4797170845765662,-0.4797170845765662,0.01720644315103781,1.7664680781830984
1774257663.5433512,0.010701417922973633,-0.4259355593388765,-0.4259355593388765,0.0537815252376897,5.025644790699406
1774257663.5528073,0.009456157684326172,-0.3522354941009433,-0.3522354941009433,0.07370006523793321,7.793870163575317
1774257663.562756,0.00994873046875,-0.312097702822376,-0.312097702822376,0.040137791278567314,4.034463633791699
1774257663.57287,0.010113954544067383,-0.2895253927852369,-0.2895253927852369,0.022572310037139054,2.2317986440209445
1774257663.5832047,0.01033473014831543,-0.2718371633270384,-0.2718371633270384,0.017688229458198534,1.7115327835707188
1774257663.5928993,0.009694576263427734,-0.23891682640915635,-0.23891682640915635,0.03292033691788204,3.3957478927750806
1774257663.604233,0.011333703994750977,-0.18997757273168417,-0.18997757273168417,0.04893925367747218,4.318028219206855
1774257663.612829,0.008595943450927734,-0.15332425439443906,-0.15332425439443906,0.03665331833724511,4.264025065601057
1774257663.623342,0.010513067245483398,-0.1255723742471681,-0.1255723742471681,0.027751880147270952,2.639751035473844
1774257663.6329532,0.009611129760742188,-0.10838266815720007,-0.10838266815720007,0.017189706089968032,1.788520862571375
1774257663.6428335,0.009880304336547852,-0.11408075447120625,-0.11408075447120625,-0.005698086314006173,-0.5767116193909739
1774257663.653062,0.010228633880615234,-0.08047535177258996,-0.08047535177258996,0.03360540269861628,3.28542433826901
1774257663.6630049,0.009942770004272461,-0.04796390342895903,-0.04796390342895903,0.032511448343630935,3.269858231625653
1774257663.6731033,0.010098457336425781,-0.05354971781048834,-0.05354971781048834,-0.00558581438152931,-0.5531354141964754
1774257663.6829581,0.009854793548583984,-0.05991898558917547,-0.05991898558917547,-0.0063692677786871335,-0.6463116398417419
1774257663.6929035,0.009945392608642578,-0.06701342682227283,-0.06701342682227283,-0.007094441233097361,-0.7133394841478926
1774257663.7028086,0.009905099868774414,-0.0647071673701707,-0.0647071673701707,0.0023062594521021385,0.2328355577082635
1774257663.7134974,0.01068878173828125,-0.05186076503173219,-0.05186076503173219,0.012846402338438506,1.2018584206308436
1774257663.7233834,0.009886026382446289,-0.0636245789163032,-0.0636245789163032,-0.011763813884571012,-1.1899436062055162
1774257663.7329779,0.009594440460205078,-0.10780938577752895,-0.10780938577752895,-0.04418480686122575,-4.605251035168894
1774257663.7429411,0.009963274002075195,-0.1424662466941035,-0.1424662466941035,-0.034656860916574536,-3.4784610871241775
1774257663.753471,0.010529756546020508,-0.12398368572320248,-0.12398368572320248,0.018482560970901007,1.7552695439939767
1774257663.762863,0.009392023086547852,-0.11523695165300943,-0.11523695165300943,0.008746734070193052,0.9312939277929327
1774257663.7729266,0.010063648223876953,-0.15924408408088306,-0.15924408408088306,-0.04400713242787363,-4.37288063422791
1774257663.7829404,0.010013818740844727,-0.18653034681464506,-0.18653034681464506,-0.027286262733762,-2.72486085877167
1774257663.7928693,0.00992894172668457,-0.21929551682431925,-0.21929551682431925,-0.03276517000967419,-3.29996598948869
1774257663.803582,0.010712623596191406,-0.29525634471560386,-0.29525634471560386,-0.07596082789128461,-7.090777269378764
1774257663.8128886,0.009306669235229492,-0.305381706490953,-0.305381706490953,-0.010125361775349118,-1.0879683718661177
1774257663.823034,0.010145425796508789,-0.3118278758736731,-0.3118278758736731,-0.006446169382720135,-0.6353769188217187
1774257663.834096,0.011061906814575195,-0.34169439738862223,-0.34169439738862223,-0.029866521514949118,-2.6999433294445145
1774257663.8429096,0.008813619613647461,-0.41344853021502537,-0.41344853021502537,-0.07175413282640314,-8.141278608767657
1774257663.8540838,0.011174201965332031,-0.4509340013945958,-0.4509340013945958,-0.037485471179570407,-3.354644143346353
1774257663.8649986,0.010914802551269531,-0.4365023544062179,-0.4365023544062179,0.0144316469883779,1.322208708823534
1774257663.873689,0.008690357208251953,-0.42787954354392754,-0.42787954354392754,0.008622810862290331,0.9922274373373878
1774257663.8830712,0.009382247924804688,-0.4226772999460809,-0.4226772999460809,0.005202243597846656,0.5544773107192169
1774257663.893059,0.009987831115722656,-0.42282276408480146,-0.42282276408480146,-0.00014546413872057462,-0.014564136801591259
1774257663.9032254,0.010166406631469727,-0.43825879631353143,-0.43825879631353143,-0.015436032228729968,-1.518337086866889
1774257663.9131427,0.009917259216308594,-0.4531184611111783,-0.4531184611111783,-0.014859664797646888,-1.4983640614345017
1774257663.9230962,0.009953498840332031,-0.4616698143214081,-0.4616698143214081,-0.008551353210229762,-0.8591303769061879
1774257663.9332476,0.010151386260986328,-0.4543385356600547,-0.4543385356600547,0.007331278661353358,0.722194828653977
1774257663.9435432,0.010295629501342773,-0.4385908223049811,-0.4385908223049811,0.015747713355073634,1.5295532296514545
1774257663.9537637,0.010220527648925781,-0.435907518531684,-0.435907518531684,0.0026833037732970633,0.26254063052988164
1774257663.9636297,0.009865999221801758,-0.4361295213065434,-0.4361295213065434,-0.0002220027748593978,-0.02250180340262129
1774257663.9733753,0.009745597839355469,-0.4215552834208222,-0.4215552834208222,0.014574237885721208,1.4954688389527353
1774257663.9830914,0.009716033935546875,-0.4231354675459015,-0.4231354675459015,-0.0015801841250792648,-0.1626367441243733
1774257663.993274,0.010182619094848633,-0.44250951419285633,-0.44250951419285633,-0.019374046646954857,-1.9026584876140706
1774257664.0042367,0.010962724685668945,-0.4389320579022137,-0.4389320579022137,0.0035774562906426555,0.32632911919418134
1774257664.0137026,0.009465932846069336,-0.42183391292825795,-0.42183391292825795,0.01709814497395573,1.806282090946337
1774257664.0230596,0.009356975555419922,-0.41148235631045604,-0.41148235631045604,0.010351556617801905,1.106293006377032
1774257664.0355778,0.012518167495727539,-0.38750600709695365,-0.38750600709695365,0.02397634921350239,1.9153242055345192
1774257664.0434093,0.007831573486328125,-0.3816876886896852,-0.3816876886896852,0.00581831840726843,0.7429309598416831
1774257664.0535057,0.010096311569213867,-0.4283173797958865,-0.4283173797958865,-0.0466296911062013,-4.618487730547725
1774257664.0631776,0.009671926498413086,-0.4343033560676999,-0.4343033560676999,-0.005985976271813354,-0.6189021672978489
1774257664.0731716,0.009994029998779297,-0.4163116311833114,-0.4163116311833114,0.017991724884388494,1.8002472362586526
1774257664.0833979,0.010226249694824219,-0.39517578967579003,-0.39517578967579003,0.021135841507521347,2.0668223579773106
1774257664.0931854,0.009787559509277344,-0.34884126675219934,-0.34884126675219934,0.04633452292359069,4.734022089947095
1774257664.1033359,0.010150432586669922,-0.3750595071042834,-0.3750595071042834,-0.026218240352084032,-2.5829677827243733
1774257664.113507,0.010171175003051758,-0.40694032824184534,-0.40694032824184534,-0.031880821137561965,-3.1344285323963503
1774257664.123243,0.009736061096191406,-0.40603668786954034,-0.40603668786954034,0.0009036403723050035,0.09281375325987769
1774257664.1331997,0.009956598281860352,-0.3579602016612114,-0.3579602016612114,0.04807648620832894,4.828605598753356
1774257664.1432292,0.01002955436706543,-0.2595755598215275,-0.2595755598215275,0.09838464183968387,9.809472907665235
1774257664.1538553,0.010626077651977539,-0.23816735324490468,-0.23816735324490468,0.021408206576622846,2.014685689092318
1774257664.1632364,0.00938105583190918,-0.2509809258935187,-0.2509809258935187,-0.012813572648614047,-1.3658987728256917
1774257664.1739094,0.010673046112060547,-0.29887413725111256,-0.29887413725111256,-0.047893211357593835,-4.487304828888023
1774257664.1837072,0.009797811508178711,-0.31202601918587575,-0.31202601918587575,-0.013151881934763188,-1.342328531609806
1774257664.1931698,0.009462594985961914,-0.2778681751491661,-0.2778681751491661,0.03415784403670963,3.6097755517787635
1774257664.2030914,0.009921550750732422,-0.19809499424626598,-0.19809499424626598,0.07977318090290014,8.040394380587246
1774257664.2137911,0.010699748992919922,-0.19670787768446538,-0.19670787768446538,0.0013871165618005998,0.1296401030265721
1774257664.2230937,0.009302616119384766,-0.2445688906493622,-0.2445688906493622,-0.04786101296489681,-5.144898203975564
1774257664.2331164,0.010022640228271484,-0.279553253842483,-0.279553253842483,-0.03498436319312079,-3.4905336714010966
1774257664.2435284,0.010411977767944336,-0.29242508960765157,-0.29242508960765157,-0.012871835765168593,-1.2362527131778456
1774257664.2551644,0.011636018753051758,-0.2639152791021677,-0.2639152791021677,0.028509810505483846,2.450134458403707
1774257664.263289,0.008124589920043945,-0.25319556551444133,-0.25319556551444133,0.010719713587726387,1.3194159573863644
1774257664.2734227,0.010133743286132812,-0.2801352528605736,-0.2801352528605736,-0.02693968734613228,-2.6584142291227177
1774257664.2857609,0.01233816146850586,-0.33924981739139615,-0.33924981739139615,-0.05911456453082253,-4.791197187823905
1774257664.2931838,0.007422924041748047,-0.34315522148037664,-0.34315522148037664,-0.003905404088980491,-0.5261274488349467
1774257664.3033433,0.010159492492675781,-0.4337255586604466,-0.4337255586604466,-0.09057033718006996,-8.914848575887452
1774257664.315579,0.012235641479492188,-0.4416282285941508,-0.4416282285941508,-0.007902669933704198,-0.6458729562278888
1774257664.3231122,0.00753331184387207,-0.4414571688034246,-0.4414571688034246,0.00017105979072618016,0.022707116640250036
1774257664.3338318,0.010719537734985352,-0.4586358171726916,-0.4586358171726916,-0.01717864836926697,-1.6025549602946982
1774257664.3457665,0.011934757232666016,-0.4364171187134843,-0.4364171187134843,0.022218698459207264,1.8616799676824256
1774257664.3531196,0.007353067398071289,-0.4776556255215137,-0.4776556255215137,-0.041238506808029374,-5.608340652344115
1774257664.3638535,0.010733842849731445,-0.4973189403910693,-0.4973189403910693,-0.01966331486955558,-1.831898896306978
1774257664.3763885,0.01253509521484375,-0.5028721720313851,-0.5028721720313851,-0.005553231640315848,-0.4430147154957266
1774257664.3831954,0.006806850433349609,-0.4691580810756863,-0.4691580810756863,0.03371409095569883,4.952964852954516
1774257664.3941562,0.010960817337036133,-0.45158034619931503,-0.45158034619931503,0.017577734876371265,1.6036883323451483
1774257664.4039211,0.009764909744262695,-0.4462196314326908,-0.4462196314326908,0.005360714766624253,0.5489774004080175
1774257664.4132116,0.009290456771850586,-0.4487237186375657,-0.4487237186375657,-0.0025040872048749385,-0.2695332712232344
1774257664.4234185,0.010206937789916992,-0.4566531979191265,-0.4566531979191265,-0.007929479281560792,-0.7768715206037596
1774257664.4341238,0.010705232620239258,-0.43258484137588465,-0.43258484137588465,0.024068356543241853,2.248279640158248
1774257664.4434443,0.009320497512817383,-0.42285500653006997,-0.42285500653006997,0.009729834845814689,1.043917970305168
1774257664.4537046,0.010260343551635742,-0.40916702032381386,-0.40916702032381386,0.013687986206256109,1.3340670453548233
1774257664.4639199,0.010215282440185547,-0.3973108189306184,-0.3973108189306184,0.011856201393195431,1.1606337330972594
1774257664.4737852,0.009865283966064453,-0.418228960371638,-0.418228960371638,-0.020918141441019555,-2.120379049703564
1774257664.483484,0.009698867797851562,-0.4265383633702768,-0.4265383633702768,-0.008309402998638804,-0.8567394846313355
1774257664.4933867,0.009902715682983398,-0.4233236504495282,-0.4233236504495282,0.003214712920748597,0.32462942728656613
1774257664.5039647,0.010577917098999023,-0.4731283640712691,-0.4731283640712691,-0.04980471362174094,-4.7083667942958165
1774257664.5137084,0.009743690490722656,-0.47411498445981537,-0.47411498445981537,-0.0009866203885462443,-0.10125736131352321
1774257664.523374,0.009665727615356445,-0.4650122142405682,-0.4650122142405682,0.009102770219247158,0.9417573701109798
1774257664.5337029,0.01032876968383789,-0.41854956641960794,-0.41854956641960794,0.04646264782096027,4.49837194972635
1774257664.5434556,0.009752750396728516,-0.448951935049246,-0.448951935049246,-0.030402368629638077,-3.1173122855513986
1774257664.5534337,0.009978055953979492,-0.48252312628333105,-0.48252312628333105,-0.03357119123408503,-3.3645022025253346
1774257664.5633774,0.009943723678588867,-0.5479732185613105,-0.5479732185613105,-0.06545009227797949,-6.582050587237118
1774257664.5756629,0.012285470962524414,-0.5618443253143817,-0.5618443253143817,-0.013871106753071127,-1.129065934499665
1774257664.5835671,0.007904291152954102,-0.516087267068462,-0.516087267068462,0.04575705824591969,5.788888258350495
1774257664.593337,0.009769916534423828,-0.452218325199588,-0.452218325199588,0.06386894186887399,6.537306807467071
1774257664.606154,0.012816905975341797,-0.5026065284667953,-0.5026065284667953,-0.05038820326720733,-3.931385887057941
1774257664.6136112,0.007457256317138672,-0.5081219269274023,-0.5081219269274023,-0.005515398460607002,-0.7396015673929851
1774257664.6235502,0.009938955307006836,-0.516257510904877,-0.516257510904877,-0.008135583977474714,-0.8185552430987623
1774257664.6334932,0.009943008422851562,-0.5279571102082748,-0.5279571102082748,-0.011699599303397812,-1.1766659350814948
1774257664.643594,0.010100841522216797,-0.5125876356832908,-0.5125876356832908,0.01536947452498405,1.5216033724694025
1774257664.6535969,0.010002851486206055,-0.4608251838152003,-0.4608251838152003,0.051762451868090475,5.174769608393263
1774257664.6637735,0.010176658630371094,-0.44346128643376287,-0.44346128643376287,0.017363897381437454,1.7062474051764747
1774257664.6740282,0.010254621505737305,-0.4185414534638762,-0.4185414534638762,0.024919832969886646,2.4301075330712476
1774257664.6840289,0.01000070571899414,-0.4214132336988849,-0.4214132336988849,-0.0028717802350086696,-0.287157758232437
1774257664.6935077,0.00947880744934082,-0.42445338613397043,-0.42445338613397043,-0.0030401524350855413,-0.32073153203433424
1774257664.7036262,0.010118484497070312,-0.42248586793089415,-0.42248586793089415,0.0019675182030762794,0.19444791397821987
1774257664.7140605,0.010434389114379883,-0.43331763836602033,-0.43331763836602033,-0.010831770435126176,-1.0380838127072194
1774257664.7236004,0.00953984260559082,-0.4183143317192156,-0.4183143317192156,0.015003306646804715,1.5726995996780948
1774257664.7336278,0.010027408599853516,-0.3834128496862563,-0.3834128496862563,0.03490148203295934,3.4806083431634764
1774257664.7441776,0.010549783706665039,-0.2921496049353644,-0.2921496049353644,0.09126324475089187,8.650721880983633
1774257664.7536356,0.009458065032958984,-0.32206796542052546,-0.32206796542052546,-0.029918360485161055,-3.163264407772951
1774257664.7635105,0.009874820709228516,-0.3302841374285544,-0.3302841374285544,-0.008216172008028932,-0.8320325249399726
1774257664.7745993,0.011088848114013672,-0.32738788358979604,-0.32738788358979604,0.002896253838758356,0.2611861763259412
1774257664.7836032,0.009003877639770508,-0.32359842544060874,-0.32359842544060874,0.003789458149187297,0.4208695742875381
1774257664.7934282,0.009824991226196289,-0.32300095999451756,-0.32300095999451756,0.0005974654460911832,0.06081078673110326
1774257664.8053424,0.011914253234863281,-0.25798379556797696,-0.25798379556797696,0.0650171644265406,5.457091027433301
1774257664.8143184,0.008975982666015625,-0.23957408920735251,-0.23957408920735251,0.018409706360624445,2.050996202379743
1774257664.8236783,0.00935983657836914,-0.2750911241469971,-0.2750911241469971,-0.03551703493964459,-3.7946212673975
1774257664.8363996,0.01272130012512207,-0.30553928786713375,-0.30553928786713375,-0.030448163720136645,-2.3934789228034563
1774257664.8435128,0.007113218307495117,-0.3079784684564822,-0.3079784684564822,-0.002439180589348444,-0.34290815829148774
1774257664.853464,0.009951114654541016,-0.3482179017463794,-0.3482179017463794,-0.04023943328989721,-4.043711150643275
1774257664.8633785,0.009914636611938477,-0.34163800307876036,-0.34163800307876036,0.006579898667619044,0.6636550511287538
1774257664.8735769,0.010198354721069336,-0.34109740553222295,-0.34109740553222295,0.0005405975465374024,0.05300830980320311
1774257664.8833466,0.009769678115844727,-0.3654159592614813,-0.3654159592614813,-0.02431855372925834,-2.489186792123464
1774257664.8937464,0.010399818420410156,-0.39644440472010545,-0.39644440472010545,-0.031028445458624154,-2.9835564626522038
1774257664.9033597,0.009613275527954102,-0.4273976489939146,-0.4273976489939146,-0.030953244273809133,-3.2198436613827717
1774257664.9164643,0.013104677200317383,-0.4648118578631807,-0.4648118578631807,-0.03741420886926611,-2.85502712484669
1774257664.9235766,0.007112264633178711,-0.47445217966770775,-0.47445217966770775,-0.009640321804527063,-1.3554503806783238
1774257664.933718,0.010141372680664062,-0.4711320187890116,-0.4711320187890116,0.0033201608786961323,0.3273877199115738
1774257664.9472268,0.013508796691894531,-0.4792572891045117,-0.4792572891045117,-0.008125270315500088,-0.601479946794622
1774257664.9536092,0.006382465362548828,-0.501410144461899,-0.501410144461899,-0.022152855357387313,-3.470893157897312
1774257664.9634392,0.009829998016357422,-0.5180255589643687,-0.5180255589643687,-0.016615414502469728,-1.6902764857959445
1774257664.9739966,0.010557413101196289,-0.5276956378353876,-0.5276956378353876,-0.009670078871018895,-0.9159515478202849
1774257664.9836144,0.009617805480957031,-0.5082790865687618,-0.5082790865687618,0.019416551266625892,2.0188130551267736
1774257664.9935014,0.009886980056762695,-0.5018524495286786,-0.5018524495286786,0.006426637040083172,0.6500101146342813
1774257665.0040681,0.01056671142578125,-0.4833614635456516,-0.4833614635456516,0.018490985983026953,1.749928169507082
1774257665.0134525,0.009384393692016602,-0.4685654856303792,-0.4685654856303792,0.014795977915272429,1.576657842888616
1774257665.024122,0.010669469833374023,-0.44721318095816087,-0.44721318095816087,0.021352304672218325,2.0012526400729373
1774257665.0340052,0.00988316535949707,-0.4776872324763704,-0.4776872324763704,-0.030474051518209533,-3.0834302988693776
1774257665.0437217,0.009716510772705078,-0.5231776199704963,-0.5231776199704963,-0.04549038749412587,-4.681761648627426
1774257665.053789,0.010067224502563477,-0.5056763187698458,-0.5056763187698458,0.01750130120065052,1.7384435199785264
1774257665.063942,0.010153055191040039,-0.4810054667123555,-0.4810054667123555,0.024670852057490256,2.4298944104294846
1774257665.073534,0.009592056274414062,-0.37585130259257266,-0.37585130259257266,0.10515416411978284,10.96263002545888
1774257665.083618,0.010083913803100586,-0.37873637092257195,-0.37873637092257195,-0.0028850683299992963,-0.28610600867216857
1774257665.0935712,0.00995326042175293,-0.42046776845829636,-0.42046776845829636,-0.04173139753572441,-4.1927364268014236
1774257665.1037445,0.010173320770263672,-0.44148099733854235,-0.44148099733854235,-0.021013228880245982,-2.0655230828528532
1774257665.1138256,0.010081052780151367,-0.4260103213166885,-0.4260103213166885,0.015470676021853869,1.5346290074300728
1774257665.1237524,0.009926795959472656,-0.33232521925709635,-0.33232521925709635,0.09368510205959213,9.437597230976932
1774257665.1336462,0.00989389419555664,-0.25557594915510673,-0.25557594915510673,0.07674927010198962,7.757235784516253
1774257665.1437714,0.010125160217285156,-0.24810082753529028,-0.24810082753529028,0.007475121619816449,0.7382719344090283
1774257665.1534357,0.009664297103881836,-0.25279706824437626,-0.25279706824437626,-0.004696240709085975,-0.4859371207865336
1774257665.1633768,0.00994110107421875,-0.27102748533872656,-0.27102748533872656,-0.018230417094350304,-1.8338428468078918
1774257665.1734328,0.010056018829345703,-0.23936104309609,-0.23936104309609,0.03166644224263657,3.149003873205451
1774257665.1836798,0.010246992111206055,-0.21281769212339421,-0.21281769212339421,0.02654335097269578,2.5903553632746643
1774257665.193372,0.009692192077636719,-0.19288777704792118,-0.19288777704792118,0.019929915075473037,2.0562856076138165
1774257665.2035096,0.010137557983398438,-0.1622863744592318,-0.1622863744592318,0.030601402588689375,3.0186167752434194
1774257665.2137997,0.010290145874023438,-0.19582401557331092,-0.19582401557331092,-0.033537641114079114,-3.2591997746836534
1774257665.22434,0.010540246963500977,-0.24664647911437992,-0.24664647911437992,-0.05082246354106901,-4.821752632273064
1774257665.2333665,0.009026527404785156,-0.24974857032813663,-0.24974857032813663,-0.003102091213756708,-0.3436638559488805
1774257665.2437856,0.010419130325317383,-0.20335604129276,-0.20335604129276,0.046392529035376634,4.452629690469243
1774257665.2563014,0.012515783309936523,-0.138477706255141,-0.138477706255141,0.064878335037619,5.183721500364331
1774257665.2632952,0.006993770599365234,-0.20322179701994295,-0.20322179701994295,-0.06474409076480195,-9.257394111651049
1774257665.2734997,0.010204553604125977,-0.23678470460829434,-0.23678470460829434,-0.0335629075883514,-3.28901281627655
1774257665.2861693,0.012669563293457031,-0.24249805998199345,-0.24249805998199345,-0.005713355373699103,-0.450951247597434
1774257665.2932286,0.007059335708618164,-0.28403622898194786,-0.28403622898194786,-0.04153816899995441,-5.88414699548059
1774257665.3035023,0.01027369499206543,-0.28860109659271727,-0.28860109659271727,-0.0045648676107694075,-0.4443257868074672
1774257665.3134325,0.009930133819580078,-0.25525128453377854,-0.25525128453377854,0.03334981205893872,3.3584453809857124
1774257665.3232179,0.00978541374206543,-0.25545082249808504,-0.25545082249808504,-0.0001995379643064954,-0.020391367147688785
1774257665.3336806,0.010462760925292969,-0.37105160930542036,-0.37105160930542036,-0.11560078680733532,-11.048784124262916
1774257665.343576,0.00989532470703125,-0.3963722114750204,-0.3963722114750204,-0.025320602169600026,-2.558845001984437
1774257665.3531787,0.009602785110473633,-0.41451919893574474,-0.41451919893574474,-0.01814698746072435,-1.8897629439746255
1774257665.3634126,0.010233879089355469,-0.4165270674346453,-0.4165270674346453,-0.0020078684989005557,-0.19619818461496125
1774257665.3741367,0.010724067687988281,-0.37582409719448,-0.37582409719448,0.04070297024016528,3.7954786769721256
1774257665.382976,0.00883936882019043,-0.3682730631572743,-0.3682730631572743,0.007551034037205695,0.8542503645687929
1774257665.393218,0.010241985321044922,-0.4348805108974656,-0.4348805108974656,-0.06660744774019128,-6.503372700928239
1774257665.403567,0.010349035263061523,-0.4603166339896049,-0.4603166339896049,-0.025436123092139273,-2.457825531132124
1774257665.4130204,0.009453296661376953,-0.47190620120492205,-0.47190620120492205,-0.011589567215317176,-1.225981541726953
1774257665.4232247,0.010204315185546875,-0.48406333431196724,-0.48406333431196724,-0.012157133107045193,-1.1913717761544877
1774257665.434012,0.010787248611450195,-0.47941257647046975,-0.47941257647046975,0.004650757841497488,0.43113476003147927
1774257665.4429846,0.008972644805908203,-0.46749427081532785,-0.46749427081532785,0.011918305655141903,1.3282934868093825
1774257665.4544487,0.011464118957519531,-0.5124995497845023,-0.5124995497845023,-0.045005278969174445,-3.925751218732307
1774257665.4632668,0.00881814956665039,-0.5029885915157901,-0.5029885915157901,0.009510958268712177,1.078566222632687
1774257665.472982,0.009715080261230469,-0.4824357626374516,-0.4824357626374516,0.020552828878338536,2.115559349556563
1774257665.4833047,0.010322809219360352,-0.47564307880661827,-0.47564307880661827,0.006792683830833313,0.6580266753447003
1774257665.493828,0.010523319244384766,-0.4639525287814626,-0.4639525287814626,0.011690550025155677,1.110918499540318
1774257665.5028195,0.008991479873657227,-0.43394643681252365,-0.43394643681252365,0.03000609196893894,3.337169452700355
1774257665.5130427,0.010223150253295898,-0.459452668101004,-0.459452668101004,-0.02550623128848034,-2.494948294461117
1774257665.523512,0.010469198226928711,-0.48752306886771857,-0.48752306886771857,-0.028070400766714576,-2.6812369159762706
1774257665.5335314,0.010019540786743164,-0.44725571531798075,-0.44725571531798075,0.04026735354973782,4.018882143083391
1774257665.5437217,0.010190248489379883,-0.4070691639437319,-0.4070691639437319,0.04018655137424887,3.9436282065281003
1774257665.553575,0.009853363037109375,-0.3743777121878885,-0.3743777121878885,0.03269145175584337,3.317796333365778
1774257665.5631926,0.00961756706237793,-0.40213361448881774,-0.40213361448881774,-0.027755902300929225,-2.885958800277564
1774257665.5733,0.010107278823852539,-0.4210537536351734,-0.4210537536351734,-0.018920139146355652,-1.8719320477936474
1774257665.583143,0.009843111038208008,-0.4178440953847795,-0.4178440953847795,0.0032096582503938764,0.32608168676904536
1774257665.593023,0.00988006591796875,-0.4194846373811824,-0.4194846373811824,-0.0016405419964029,-0.16604565293630957
1774257665.6030748,0.010051727294921875,-0.4082589534073862,-0.4082589534073862,0.011225683973796197,1.1167915368602772
1774257665.6130626,0.009987831115722656,-0.3497972738760097,-0.3497972738760097,0.05846167953137654,5.853290754921483
1774257665.6236312,0.010568618774414062,-0.397970682346802,-0.397970682346802,-0.04817340847079232,-4.558155564038038
1774257665.6329172,0.009285926818847656,-0.3622940543627054,-0.3622940543627054,0.0356766279840966,3.8420104616465105
1774257665.6435938,0.01067662239074707,-0.3664300024846773,-0.3664300024846773,-0.0041359481219718774,-0.38738357231368514
1774257665.6527317,0.009137868881225586,-0.3497853144079662,-0.3497853144079662,0.0166446880767111,1.8215065561849786
1774257665.6629796,0.010247945785522461,-0.33545542229083486,-0.33545542229083486,0.014329892117131315,1.3983184939732534
1774257665.6736946,0.010715007781982422,-0.29386125147280756,-0.29386125147280756,0.0415941708180273,3.8818609994823365
1774257665.6828969,0.009202241897583008,-0.34816000055860225,-0.34816000055860225,-0.054298749085794684,-5.900600059215613
1774257665.6926732,0.00977635383605957,-0.3720725974917681,-0.3720725974917681,-0.02391259693316583,-2.4459627110636553
1774257665.7027466,0.010073423385620117,-0.3920660273681476,-0.3920660273681476,-0.01999342987637953,-1.98477013335112
1774257665.7126756,0.00992894172668457,-0.42122992602648945,-0.42122992602648945,-0.029163898658341847,-2.937261539159031
1774257665.7226202,0.009944677352905273,-0.3732089815134805,-0.3732089815134805,0.04802094451300898,4.82880869925659
1774257665.7325294,0.00990915298461914,-0.34981599038058536,-0.34981599038058536,0.023392991132895113,2.36074578414577
1774257665.7427385,0.010209083557128906,-0.3321639403775956,-0.3321639403775956,0.01765205000298975,1.7290533380602504
1774257665.7532597,0.010521173477172852,-0.3640387192264314,-0.3640387192264314,-0.03187477884883577,-3.029584002011994
1774257665.7626176,0.009357929229736328,-0.42629144072124425,-0.42629144072124425,-0.06225272149481287,-6.652403535709034
1774257665.7729256,0.010308027267456055,-0.4686007258182374,-0.4686007258182374,-0.042309285096993166,-4.104498756087865
1774257665.7828317,0.00990605354309082,-0.47607207207569274,-0.47607207207569274,-0.007471346257455325,-0.7542202578408601
1774257665.792912,0.010080337524414062,-0.4759370759001634,-0.4759370759001634,0.00013499617552936716,0.013392029304813783
1774257665.802597,0.009685039520263672,-0.46311039062743486,-0.46311039062743486,0.01282668527272851,1.324381304370693
1774257665.8125274,0.00993037223815918,-0.4772936922945445,-0.4772936922945445,-0.014183301667109627,-1.4282749253454796
1774257665.8226106,0.010083198547363281,-0.45946678673777286,-0.45946678673777286,0.017826905556771633,1.7679812088430316
1774257665.8325322,0.009921550750732422,-0.4960677240977999,-0.4960677240977999,-0.036600937360027064,-3.689033930237683
1774257665.8425946,0.010062456130981445,-0.5160260978101886,-0.5160260978101886,-0.019958373712388677,-1.9834495129810847
1774257665.8528934,0.010298728942871094,-0.5485333538599912,-0.5485333538599912,-0.032507256049802646,-3.156433791987949
1774257665.863964,0.011070728302001953,-0.5478683091354389,-0.5478683091354389,0.0006650447245523106,0.0600723553510069
1774257665.8725924,0.008628368377685547,-0.47966377345298095,-0.47966377345298095,0.06820453568245799,7.9046851846111155
1774257665.884483,0.011890649795532227,-0.48628725481440943,-0.48628725481440943,-0.006623481361428485,-0.557032750549695
1774257665.8925643,0.008081197738647461,-0.5069840525806778,-0.5069840525806778,-0.02069679776626837,-2.5611052266779906
1774257665.902424,0.009859800338745117,-0.5532536515102009,-0.5532536515102009,-0.04626959892952309,-4.69275211869168
1774257665.9125278,0.010103702545166016,-0.5475298826578824,-0.5475298826578824,0.0057237688523185115,0.5665021141241904
1774257665.9225383,0.010010480880737305,-0.5323243022258425,-0.5323243022258425,0.0152055804320399,1.5189660330203796
1774257665.9324458,0.00990748405456543,-0.472250360511593,-0.472250360511593,0.06007394171424946,6.063491132904424
1774257665.9426887,0.010242938995361328,-0.5059358938363849,-0.5059358938363849,-0.033685533324791905,-3.288658981572273
1774257665.9524572,0.009768486022949219,-0.49600629064103413,-0.49600629064103413,0.0099296031953508,1.0164935663544041
1774257665.9625082,0.01005101203918457,-0.5001853176865266,-0.5001853176865266,-0.0041790270454925005,-0.41578171722412355
1774257665.9730284,0.010520219802856445,-0.48937873894638634,-0.48937873894638634,0.010806578740140294,1.0272198625741733
1774257665.9823828,0.009354352951049805,-0.4645115954481589,-0.4645115954481589,0.02486714349822744,2.658349928461561
1774257665.9922733,0.009890556335449219,-0.4368316494534335,-0.4368316494534335,0.027679945994725397,2.798623763510286
1774257666.0027769,0.010503530502319336,-0.44482454578147174,-0.44482454578147174,-0.007992896328038235,-0.7609723536551147
1774257666.0123923,0.009615421295166016,-0.41943530645593813,-0.41943530645593813,0.025389239325533608,2.640470817258689
1774257666.0245724,0.012180089950561523,-0.4358589228730104,-0.4358589228730104,-0.016423616417072295,-1.3483986147668094
1774257666.032373,0.007800579071044922,-0.46072388484606663,-0.46072388484606663,-0.02486496197305621,-3.1875789920972415
1774257666.042286,0.009912967681884766,-0.4383701774161033,-0.4383701774161033,0.022353707429963343,2.254996500272379
1774257666.0552468,0.01296091079711914,-0.3865824577931807,-0.3865824577931807,0.05178771962292261,3.9956852132979437
1774257666.06281,0.007563114166259766,-0.37347603185284334,-0.37347603185284334,0.01310642594033734,1.732940380406679
1774257666.0725152,0.009705305099487305,-0.3598477700165851,-0.3598477700165851,0.01362826183625826,1.4042074614406703
1774257666.0823185,0.009803295135498047,-0.39549138628739944,-0.39549138628739944,-0.03564361627081436,-3.6358811785383955
1774257666.0923564,0.010037899017333984,-0.3999000589230498,-0.3999000589230498,-0.004408672635650368,-0.43920272838342317
1774257666.1023712,0.010014772415161133,-0.3691470151932408,-0.3691470151932408,0.030753043729809026,3.0707681068471113
1774257666.1123528,0.009981632232666016,-0.3411571556538401,-0.3411571556538401,0.027989859539400697,2.804136526669529
1774257666.122285,0.00993204116821289,-0.29848904029147194,-0.29848904029147194,0.04266811536236814,4.296006695876954
1774257666.132338,0.010053157806396484,-0.28628992226295785,-0.28628992226295785,0.012199118028514089,1.213461308719555
1774257666.142584,0.010246038436889648,-0.3111456090991228,-0.3111456090991228,-0.02485568683616496,-2.42588264618206
1774257666.152574,0.00998997688293457,-0.33970085507172826,-0.33970085507172826,-0.028555245972605448,-2.858389594613086
1774257666.1626499,0.010075807571411133,-0.33316793367510183,-0.33316793367510183,0.006532921396626423,0.6483769514577458
1774257666.172266,0.00961613655090332,-0.3559405340585579,-0.3559405340585579,-0.022772600383456076,-2.3681652462928957
1774257666.1828263,0.010560274124145508,-0.28093670994938164,-0.28093670994938164,0.07500382410917628,7.102450488258065
1774257666.1922412,0.009414911270141602,-0.3366173791760663,-0.3366173791760663,-0.05568066922668469,-5.914093890961039
1774257666.2021537,0.009912490844726562,-0.3526355886615702,-0.3526355886615702,-0.016018209485503865,-1.615962096350943
1774257666.2122989,0.010145187377929688,-0.4337366705150802,-0.4337366705150802,-0.08110108185351,-7.994044745781736
1774257666.2243388,0.012039899826049805,-0.45695989260239417,-0.45695989260239417,-0.023223222087313977,-1.9288550920554737
1774257666.232134,0.0077953338623046875,-0.3978119042874528,-0.3978119042874528,0.05914798831494139,7.587614508848542
1774257666.242221,0.010087013244628906,-0.3905481998150987,-0.3905481998150987,0.007263704472354082,0.7201045836062356
1774257666.2546818,0.012460708618164062,-0.40257831268472916,-0.40257831268472916,-0.01203011286963046,-0.9654437189947673
1774257666.2625208,0.007838964462280273,-0.40117636939507834,-0.40117636939507834,0.00140194328965082,0.17884291941833974
1774257666.2727735,0.010252714157104492,-0.4172144702202277,-0.4172144702202277,-0.016038100825149337,-1.5642785490158166
1774257666.2820976,0.009324073791503906,-0.4197993095718204,-0.4197993095718204,-0.002584839351592705,-0.2772221037062158
1774257666.2924845,0.010386943817138672,-0.4460237069591079,-0.4460237069591079,-0.026224397387287546,-2.524746243838996
1774257666.3037963,0.011311769485473633,-0.48316573924718603,-0.48316573924718603,-0.03714203228807811,-3.2834856063655846
1774257666.312389,0.008592605590820312,-0.5047599854730123,-0.5047599854730123,-0.02159424622582623,-2.513119681519641
1774257666.3224356,0.010046720504760742,-0.45579301943373424,-0.45579301943373424,0.048966966039278026,4.873925378542633
1774257666.3351605,0.012724876403808594,-0.41186940087146623,-0.41186940087146623,0.04392361856226801,3.4517913705724905
1774257666.3420944,0.006933927536010742,-0.42545559489713347,-0.42545559489713347,-0.013586194025667242,-1.9593792919104707
1774257666.352071,0.009976625442504883,-0.4776975810313315,-0.4776975810313315,-0.052241986134198004,-5.2364385568314304
1774257666.3641489,0.012077808380126953,-0.5441256249447157,-0.5441256249447157,-0.06642804391338425,-5.500008099373904
1774257666.3719146,0.007765769958496094,-0.5495033162844088,-0.5495033162844088,-0.005377691339693125,-0.6924865619808496
1774257666.3821905,0.010275840759277344,-0.4469021663114986,-0.4469021663114986,0.10260114997291025,9.984696374384626
1774257666.3935971,0.011406660079956055,-0.4511421701408828,-0.4511421701408828,-0.00424000382938422,-0.3717129992183089
1774257666.4019904,0.008393287658691406,-0.47886455363594055,-0.47886455363594055,-0.027722383495057734,-3.302923076436048
1774257666.4123182,0.010327816009521484,-0.46535832909891284,-0.46535832909891284,0.013506224537027711,1.307752241575176
1774257666.4228473,0.010529041290283203,-0.48246892342195746,-0.48246892342195746,-0.017110594323044626,-1.6250856893148717
1774257666.4321258,0.009278535842895508,-0.47374548557437984,-0.47374548557437984,0.00872343784757762,0.9401739665916232
1774257666.442158,0.010032176971435547,-0.4444899102657596,-0.4444899102657596,0.02925557530862022,2.916174165579329
1774257666.4524057,0.01024770736694336,-0.40183675167671923,-0.40183675167671923,0.042653158589040396,4.16221473367099
1774257666.4622142,0.009808540344238281,-0.37635464046085976,-0.37635464046085976,0.02548211121585947,2.5979514098474534
1774257666.472999,0.01078486442565918,-0.3452213546211822,-0.3452213546211822,0.03113328583967756,2.8867572749088746
1774257666.4827073,0.009708166122436523,-0.359233078795458,-0.359233078795458,-0.01401172417427582,-1.4432925845689177
1774257666.4921439,0.009436607360839844,-0.33604100466762865,-0.33604100466762865,0.023192074127829365,2.457670775205943
1774257666.5026257,0.010481834411621094,-0.27602247251201917,-0.27602247251201917,0.06001853215560948,5.725956907797323
1774257666.5126266,0.010000944137573242,-0.22176481361037037,-0.22176481361037037,0.0542576589016488,5.4252536715813084
1774257666.5222266,0.009599924087524414,-0.1978520745120794,-0.1978520745120794,0.023912739098290975,2.490930019891177
1774257666.5321658,0.009939193725585938,-0.19160510799123015,-0.19160510799123015,0.006246966520849245,0.6285184385498003
1774257666.5425603,0.010394573211669922,-0.22658951515615625,-0.22658951515615625,-0.034984407164926096,-3.365641518176939
1774257666.5523229,0.00976252555847168,-0.20527565754117988,-0.20527565754117988,0.021313857614976367,2.183231940067058
1774257666.5624104,0.01008749008178711,-0.1437860727678374,-0.1437860727678374,0.06148958477334249,6.095627780032368
1774257666.5727377,0.010327339172363281,-0.10231189571689561,-0.10231189571689561,0.04147417705094178,4.015959615418629
1774257666.5820525,0.009314775466918945,-0.11192442070169616,-0.11192442070169616,-0.009612524984800544,-1.031965292017939
1774257666.5919542,0.009901762008666992,-0.12833805973907458,-0.12833805973907458,-0.016413639037378427,-1.6576483077468034
1774257666.6028383,0.01088404655456543,-0.13479822319926796,-0.13479822319926796,-0.006460163460193374,-0.5935442693860575
1774257666.6141627,0.011324405670166016,-0.10991685505721734,-0.10991685505721734,0.024881368142050622,2.197145604523885
1774257666.6219513,0.007788658142089844,-0.1419911373433929,-0.1419911373433929,-0.03207428228617555,-4.118075501715295
1774257666.632211,0.010259628295898438,-0.16190777372505824,-0.16190777372505824,-0.019916636381665354,-1.9412629587786885
1774257666.6420636,0.00985264778137207,-0.1736927539934399,-0.1736927539934399,-0.01178498026838165,-1.19612316708032
1774257666.6519756,0.00991201400756836,-0.2656612591567856,-0.2656612591567856,-0.09196850516334573,-9.278488215727178
1774257666.661939,0.009963274002075195,-0.3061838309966519,-0.3061838309966519,-0.040522571839866295,-4.067194361153379
1774257666.6726701,0.010731220245361328,-0.2659235753672919,-0.2659235753672919,0.04026025562936003,3.751694095250995
1774257666.6817687,0.009098529815673828,-0.29372335767901675,-0.29372335767901675,-0.027799782311724863,-3.0554147620459315
1774257666.6916294,0.009860754013061523,-0.3430499179921028,-0.3430499179921028,-0.049326560313086076,-5.0023112074135785
1774257666.7032492,0.011619806289672852,-0.34180174493817655,-0.34180174493817655,0.0012481730539262714,0.10741771616585297
1774257666.7116396,0.008390426635742188,-0.3633383405118475,-0.3633383405118475,-0.021536595573670936,-2.566805778615319
1774257666.7218604,0.010220766067504883,-0.3520918420189365,-0.3520918420189365,0.011246498492910983,1.1003576853859551
1774257666.7339888,0.012128353118896484,-0.36895542096281453,-0.36895542096281453,-0.01686357894387802,-1.3904261179206479
1774257666.7416332,0.0076444149017333984,-0.3642988238823372,-0.3642988238823372,0.0046565970804773316,0.6091502280209087
1774257666.7516663,0.010033130645751953,-0.4850082273838096,-0.4850082273838096,-0.12070940350147241,-12.031080603199461
1774257666.764551,0.01288461685180664,-0.519342927777149,-0.519342927777149,-0.03433470039333936,-2.664782413652064
1774257666.7718773,0.007326364517211914,-0.4594300906662728,-0.4594300906662728,0.059912837110876194,8.177703548618453
1774257666.7817664,0.00988912582397461,-0.5016363428858448,-0.5016363428858448,-0.04220625221957203,-4.267945718442544
1774257666.791595,0.009828567504882812,-0.49359952228578463,-0.49359952228578463,0.008036820600060168,0.8177000967910626
1774257666.8015387,0.009943723678588867,-0.5946294838256175,-0.5946294838256175,-0.1010299615398329,-10.160173875041774
1774257666.8121772,0.01063847541809082,-0.6843118539480564,-0.6843118539480564,-0.08968237012243885,-8.430002100670665
1774257666.8215325,0.009355306625366211,-0.6502536860711681,-0.6502536860711681,0.03405816787688831,3.640518610532994
1774257666.8316498,0.010117292404174805,-0.6230679306331812,-0.6230679306331812,0.027185755437986847,2.687058389927418
1774257666.8421402,0.01049041748046875,-0.5835951185007137,-0.5835951185007137,0.03947281213246756,3.7627494049649366
1774257666.8517954,0.009655237197875977,-0.6386574232179411,-0.6386574232179411,-0.055062304717227395,-5.702843295174599
1774257666.8618343,0.01003885269165039,-0.664893537113749,-0.664893537113749,-0.026236113895807933,-2.6134574041144445
1774257666.8763204,0.014486074447631836,-0.6646326073228833,-0.6646326073228833,0.0002609297908656716,0.01801245684667374
1774257666.8814342,0.005113840103149414,-0.6492886875704507,-0.6492886875704507,0.015343919752432655,3.0004692057115623
1774257666.8922215,0.010787248611450195,-0.587100997681885,-0.587100997681885,0.06218768988856571,5.7649259907254
1774257666.9025204,0.010298967361450195,-0.5509220768040128,-0.5509220768040128,0.03617892087787211,3.5128687768535434
1774257666.9115703,0.00904989242553711,-0.5408484958600637,-0.5408484958600637,0.010073580943949167,1.1131160979906678
1774257666.9217758,0.010205507278442383,-0.5081260746640123,-0.5081260746640123,0.0327224211960514,3.206349307610867
1774257666.9325385,0.010762691497802734,-0.4960229033234033,-0.4960229033234033,0.012103171340608954,1.1245487565150303
1774257666.942101,0.009562492370605469,-0.46818788880058476,-0.46818788880058476,0.027835014522818557,2.910853514339183
1774257666.951971,0.009870052337646484,-0.4360952201383335,-0.4360952201383335,0.032092668662251245,3.25151960338072
1774257666.961437,0.009465932846069336,-0.37962898586056115,-0.37962898586056115,0.056466234277772365,5.965205457930074
1774257666.9715505,0.01011347770690918,-0.30200876669668486,-0.30200876669668486,0.07762021916387629,7.6749285867164
1774257666.9817142,0.01016378402709961,-0.28640300834997834,-0.28640300834997834,0.015605758346706522,1.535427976932314
1774257666.9916644,0.00995016098022461,-0.260999737635384,-0.260999737635384,0.02540327071459436,2.5530512285260456
1774257667.0012846,0.009620189666748047,-0.23722890890822224,-0.23722890890822224,0.02377082872716174,2.4709314005861067
1774257667.0112975,0.01001286506652832,-0.15964242552374458,-0.15964242552374458,0.07758648338447766,7.748679610578093
1774257667.0220003,0.010702848434448242,-0.12026078945319692,-0.12026078945319692,0.03938163607054766,3.6795472076193967
1774257667.0313947,0.009394407272338867,-0.12456964434639987,-0.12456964434639987,-0.004308854893202957,-0.4586617088541668
1774257667.0414522,0.010057449340820312,-0.11026675039029331,-0.11026675039029331,0.014302893956106566,1.4221194133243313
1774257667.0514536,0.010001420974731445,-0.06399923148557292,-0.06399923148557292,0.04626751890472039,4.626094534128212
1774257667.0613856,0.00993204116821289,-0.03510829053997986,-0.03510829053997985,0.028890940945593066,2.908862383500523
1774257667.0737145,0.012328863143920898,-0.07658309245937599,-0.07658309245937597,-0.04147480191939612,-3.36404106649902
1774257667.0815837,0.007869243621826172,-0.130399382671359,-0.13039938267135898,-0.053816290211983,-6.838813588477282
1774257667.0916681,0.010084390640258789,-0.18286677154261718,-0.18286677154261716,-0.05246738887125818,-5.202831855977343
1774257667.1036253,0.011957168579101562,-0.18002090122037848,-0.18002090122037845,0.0028458703222387083,0.23800536919857837
1774257667.1113324,0.007707118988037109,-0.18950826054992356,-0.18950826054992354,-0.009487359329545086,-1.2309864872037455
1774257667.121523,0.010190486907958984,-0.2129046159343564,-0.21290461593435636,-0.023396355384432826,-2.295901618416268
1774257667.1314585,0.009935617446899414,-0.2505290743156484,-0.2505290743156484,-0.03762445838129205,-3.786826393263907
1774257667.1413782,0.00991964340209961,-0.34003891431626887,-0.34003891431626887,-0.08950984000062046,-9.023493725759803
1774257667.151305,0.009926795959472656,-0.41575405128001175,-0.41575405128001175,-0.07571513696374288,-7.627348972705702
1774257667.1616008,0.010295867919921875,-0.403251297942497,-0.403251297942497,0.012502753337514771,1.2143467102295191
1774257667.1714065,0.009805679321289062,-0.3824070575147839,-0.3824070575147839,0.0208442404277131,2.125731399604133
1774257667.1814787,0.01007223129272461,-0.37453355622391526,-0.37453355622391526,0.007873501290868612,0.7817037816194523
1774257667.1912096,0.009730815887451172,-0.4277148583530607,-0.4277148583530607,-0.05318130212914546,-5.46524595103355
1774257667.2013433,0.010133743286132812,-0.49441338987361455,-0.49441338987361455,-0.06669853152055383,-6.581825652898198
1774257667.2111845,0.009841203689575195,-0.5061902564909951,-0.5061902564909951,-0.011776866617380588,-1.1966896518823043
1774257667.2214077,0.010223150253295898,-0.4786451965875277,-0.4786451965875277,0.02754505990346745,2.6943808142296497
1774257667.2318656,0.010457992553710938,-0.4681830704981936,-0.4681830704981936,0.010462126089334112,1.0003952513450305
1774257667.2419436,0.010077953338623047,-0.4944020708039159,-0.4944020708039159,-0.02621900030572233,-2.6016195376932196
1774257667.251338,0.009394407272338867,-0.5023596530496273,-0.5023596530496273,-0.007957582245711359,-0.8470552760834489
1774257667.2610114,0.009673357009887695,-0.506929266343265,-0.506929266343265,-0.004569613293637698,-0.47239167219475436
1774257667.2725787,0.011567354202270508,-0.447634859971569,-0.447634859971569,0.059294406371695974,5.126012857811281
1774257667.2812026,0.008623838424682617,-0.45474579277426563,-0.45474579277426563,-0.007110932802696646,-0.8245670260175763
1774257667.2912722,0.010069608688354492,-0.47820735566045613,-0.47820735566045613,-0.0234615628861905,-2.329937896526586
1774257667.3011632,0.009891033172607422,-0.483601241965022,-0.483601241965022,-0.005393886304565887,-0.5453309285731552
1774257667.3111424,0.009979248046875,-0.4956070606398838,-0.4956070606398838,-0.012005818674861779,-1.2030784903298801
1774257667.3217015,0.01055908203125,-0.4520833246356655,-0.4520833246356655,0.04352373600421833,4.121924223659613
1774257667.3311605,0.00945901870727539,-0.4602070375244519,-0.4602070375244519,-0.008123712888786438,-0.8588325216587315
1774257667.341474,0.01031351089477539,-0.4784852237057531,-0.4784852237057531,-0.01827818618130117,-1.7722564476623104
1774257667.3510046,0.00953054428100586,-0.4673564775327252,-0.4673564775327252,0.011128746173027892,1.1676926149125828
1774257667.3611631,0.010158538818359375,-0.4327037477665435,-0.4327037477665435,0.03465272976618167,3.411192336397269
1774257667.371151,0.009987831115722656,-0.39359550859327697,-0.39359550859327697,0.03910823917326656,3.9155887519666908
1774257667.3809805,0.009829521179199219,-0.40973041005970084,-0.40973041005970084,-0.01613490146642388,-1.6414737983949632
1774257667.3909967,0.010016202926635742,-0.45590627312409276,-0.45590627312409276,-0.04617586306439192,-4.610116568385216
1774257667.4012883,0.010291576385498047,-0.4916790425830314,-0.4916790425830314,-0.03577276945893865,-3.4759271193231758
1774257667.4115086,0.01022028923034668,-0.5152796413162103,-0.5152796413162103,-0.02360059873317888,-2.3091908850390066
1774257667.4210858,0.009577274322509766,-0.40682429978985457,-0.40682429978985457,0.10845534152635572,11.324238804713962
1774257667.4310498,0.0099639892578125,-0.4062872313646528,-0.4062872313646528,0.0005370684252017921,0.0539009438193333
1774257667.4434285,0.012378692626953125,-0.4263648397077714,-0.4263648397077714,-0.020077608343118614,-1.6219490174109354
1774257667.4510818,0.007653236389160156,-0.4362570923070339,-0.4362570923070339,-0.009892252599262519,-1.2925580886634636
1774257667.46108,0.009998321533203125,-0.4436365687048549,-0.4436365687048549,-0.007379476397820994,-0.7380715226365459
1774257667.474026,0.012945890426635742,-0.4280840604575055,-0.4280840604575055,0.015552508247349384,1.201347125212076
1774257667.48108,0.00705409049987793,-0.29613781043580417,-0.29613781043580417,0.13194625002170135,18.704927307635856
1774257667.491079,0.00999903678894043,-0.3156358497871183,-0.3156358497871183,-0.01949803935131411,-1.949991760494389
1774257667.501099,0.010020017623901367,-0.32077101389817597,-0.32077101389817597,-0.0051351641110576884,-0.5124905268438316
1774257667.5109746,0.00987553596496582,-0.333469130342016,-0.333469130342016,-0.012698116443840002,-1.2858154219565896
1774257667.5212586,0.010283946990966797,-0.32148303362166125,-0.32148303362166125,0.011986096720354722,1.1655152181242336
1774257667.5310767,0.009818077087402344,-0.25570749565541306,-0.25570749565541306,0.06577553796624819,6.699431811412983
1774257667.5409298,0.009853124618530273,-0.18468140968345353,-0.18468140968345353,0.07102608597195953,7.208483473190257
1774257667.5532682,0.012338399887084961,-0.17414985551769963,-0.17414985551769963,0.010531554165753909,0.8535591537098468
1774257667.561018,0.007749795913696289,-0.21214977570247,-0.21214977570247,-0.037999920184770386,-4.903344631000252
1774257667.5706794,0.009661436080932617,-0.2231556535875488,-0.2231556535875488,-0.011005877885078785,-1.1391554829824417
1774257667.5821083,0.0114288330078125,-0.21434288286079362,-0.21434288286079362,0.008812770726755181,0.7710997895175268
1774257667.5909464,0.008838176727294922,-0.1497215596875119,-0.1497215596875119,0.0646213231732817,7.3116124702181855
1774257667.6008666,0.009920120239257812,-0.12171260674545008,-0.12171260674545008,0.028008952942061835,2.823448936759799
1774257667.610844,0.009977340698242188,-0.19365901356367446,-0.19365901356367446,-0.07194640681822438,-7.210980259589605
1774257667.6211324,0.010288476943969727,-0.20637006906664732,-0.20637006906664732,-0.012711055502972857,-1.2354652269909638
1774257667.6309378,0.009805440902709961,-0.20275916238449862,-0.20275916238449862,0.0036109066821486957,0.3682554122732755
1774257667.6408162,0.009878396987915039,-0.22627078845889625,-0.22627078845889625,-0.023511626074397635,-2.380105406085736
1774257667.6510916,0.01027536392211914,-0.26986651496719766,-0.26986651496719766,-0.0435957265083014,-4.242742820471358
1774257667.661659,0.010567426681518555,-0.2460594778881123,-0.2460594778881123,0.023807037079085352,2.2528698609966837
1774257667.6708727,0.009213685989379883,-0.26892620406936085,-0.26892620406936085,-0.022866726181248548,-2.4818217386185926
1774257667.6810408,0.010168075561523438,-0.343019145554066,-0.343019145554066,-0.07409294148470513,-7.286820503682814
1774257667.6916614,0.010620594024658203,-0.4137077950162697,-0.4137077950162697,-0.07068864946220371,-6.655809392401538
1774257667.7008758,0.009214401245117188,-0.45953148501433644,-0.45953148501433644,-0.04582368999806674,-4.973051289941299
1774257667.7108855,0.010009765625,-0.41784133381367805,-0.41784133381367805,0.04169015120065839,4.164947788241384
1774257667.72182,0.010934591293334961,-0.4230684193030226,-0.4230684193030226,-0.0052270854893445295,-0.47803208635064687
1774257667.7306964,0.008876323699951172,-0.4636938009964366,-0.4636938009964366,-0.04062538169341401,-4.576825166215771
1774257667.7407827,0.010086297988891602,-0.5022534660940152,-0.5022534660940152,-0.03855966509757863,-3.8229750043123616
1774257667.7529068,0.012124061584472656,-0.5645501617537828,-0.5645501617537828,-0.06229669565976759,-5.1382694838461775
1774257667.7606885,0.0077817440032958984,-0.5949868646148369,-0.5949868646148369,-0.030436702861054044,-3.9112958288222806
1774257667.771156,0.010467529296875,-0.5590487140336664,-0.5590487140336664,0.03593815058117045,3.4332983039177645
1774257667.780794,0.009637832641601562,-0.5065065827940353,-0.5065065827940353,0.05254213123963114,5.451654245668658
1774257667.7906342,0.009840250015258789,-0.5086657472324236,-0.5086657472324236,-0.0021591644383883724,-0.2194217052453203
1774257667.8005457,0.009911537170410156,-0.5771681111836632,-0.5771681111836632,-0.06850236395123954,-6.911376386272968
1774257667.8107011,0.010155439376831055,-0.6220785234642129,-0.6220785234642129,-0.044910412280549705,-4.422301252962995
1774257667.8206086,0.00990748405456543,-0.6009003625856556,-0.6009003625856556,0.021178160878557284,2.1375922244152648
1774257667.8305428,0.009934186935424805,-0.5682799608285017,-0.5682799608285017,0.03262040175715386,3.283650888512191
1774257667.8406081,0.010065317153930664,-0.5421696133508105,-0.5421696133508105,0.026110347477691254,2.5940908844084216
1774257667.850552,0.009943962097167969,-0.5296246257847815,-0.5296246257847815,0.012544987566028953,1.2615683209011581
1774257667.8605485,0.009996414184570312,-0.5145595146443912,-0.5145595146443912,0.01506511114039033,1.507051514896578
1774257667.8704727,0.009924173355102539,-0.48234631168671127,-0.48234631168671127,0.03221320295767993,3.245933117554565
1774257667.8805077,0.010035037994384766,-0.5077181301008536,-0.5077181301008536,-0.025371818414142377,-2.5283231043409606
1774257667.8906114,0.010103702545166016,-0.5358639598024375,-0.5358639598024375,-0.028145829701583858,-2.785694608067204
1774257667.9004586,0.009847164154052734,-0.5531211009646715,-0.5531211009646715,-0.01725714116223398,-1.7524985764689998
1774257667.910485,0.01002645492553711,-0.49828141757009176,-0.49828141757009176,0.05483968339457973,5.469498821054343
1774257667.920366,0.009881019592285156,-0.3668056485160124,-0.3668056485160124,0.13147576905407937,13.305890938292668
1774257667.9306545,0.010288476943969727,-0.38248129036531564,-0.38248129036531564,-0.015675641849303257,-1.5236115058304185
1774257667.940459,0.009804487228393555,-0.41703091580106605,-0.41703091580106605,-0.03454962543575041,-3.52385847734041
1774257667.95099,0.010530948638916016,-0.44326804178735535,-0.44326804178735535,-0.0262371259862893,-2.491430438596268
1774257667.9608998,0.009909868240356445,-0.4425915694565733,-0.4425915694565733,0.0006764723307820519,0.06826249495701874
1774257667.970636,0.009736061096191406,-0.4231090755774302,-0.4231090755774302,0.01948249387914308,2.0010652857102884
1774257667.981063,0.010426998138427734,-0.40337084330556655,-0.40337084330556655,0.019738232271863665,1.892992787552176
1774257667.9906602,0.009597301483154297,-0.3927294334874084,-0.3927294334874084,0.010641409818158143,1.108791865800665
1774257668.0014274,0.010767221450805664,-0.40292591271064027,-0.40292591271064027,-0.010196479223231858,-0.9469926173450162
1774257668.0121343,0.010706901550292969,-0.43928122500082645,-0.43928122500082645,-0.03635531229018618,-3.3955026222494222
1774257668.020688,0.008553743362426758,-0.464106635520288,-0.464106635520288,-0.024825410519461577,-2.902286106514474
1774257668.0322306,0.011542558670043945,-0.4351472212534633,-0.4351472212534633,0.028959414266824746,2.5089250221428148
1774257668.0409985,0.008767843246459961,-0.40865798350991717,-0.40865798350991717,0.026489237743546112,3.0211805798696516
1774257668.0508912,0.009892702102661133,-0.3935501979589434,-0.3935501979589434,0.015107785550973751,1.527164711339055
1774257668.0645714,0.013680219650268555,-0.37794007873064717,-0.37794007873064717,0.015610119228296249,1.141072265458092
1774257668.0704005,0.0058290958404541016,-0.3924972373172016,-0.3924972373172016,-0.01455715858655443,-2.497327027208458
1774257668.0812852,0.010884761810302734,-0.4139953348045269,-0.4139953348045269,-0.021498097487325285,-1.9750636589012658
1774257668.0909488,0.009663581848144531,-0.4117726673850915,-0.4117726673850915,0.002222667419435387,0.2300045112012119
1774257668.100653,0.009704113006591797,-0.4046795033651547,-0.4046795033651547,0.007093164019936815,0.7309440868133522
1774257668.1108172,0.010164260864257812,-0.4108674466180732,-0.4108674466180732,-0.006187943252918493,-0.6087942188377051
1774257668.1210961,0.010278940200805664,-0.3936939239109888,-0.3936939239109888,0.017173522707084388,1.6707483817970188
1774257668.1303003,0.00920414924621582,-0.38106493904323385,-0.38106493904323385,0.012628984867754933,1.372096923889755
1774257668.140449,0.010148763656616211,-0.43582516250981856,-0.43582516250981856,-0.05476022346658471,-5.395753149782464
1774257668.1513362,0.01088714599609375,-0.4444604721142872,-0.4444604721142872,-0.008635309604468622,-0.793165592485572
1774257668.160173,0.008836746215820312,-0.49634031020978275,-0.49634031020978275,-0.05187983809549557,-5.870920905549575
1774257668.1707065,0.010533571243286133,-0.49599896910554747,-0.49599896910554747,0.0003413411042352821,0.03240506912153325
1774257668.1821973,0.011490821838378906,-0.41134664299900897,-0.41134664299900897,0.0846523261065385,7.3669514067133965
1774257668.1901472,0.0079498291015625,-0.3814093833897799,-0.3814093833897799,0.02993725960922905,3.765773984165902
1774257668.200608,0.010460853576660156,-0.47659845389895084,-0.47659845389895084,-0.09518907050917091,-9.09955098898937
1774257668.2104461,0.009838104248046875,-0.48168210938022193,-0.48168210938022193,-0.005083655481271099,-0.5167312068562742
1774257668.2205715,0.010125398635864258,-0.4812503755139832,-0.4812503755139832,0.0004317338662387371,0.04263870310345429
1774257668.2302399,0.009668350219726562,-0.474687272714416,-0.474687272714416,0.006563102799567178,0.6788234445806819
1774257668.2410274,0.010787487030029297,-0.3944319292871465,-0.3944319292871465,0.08025534342726953,7.439669980956777
1774257668.2503426,0.009315252304077148,-0.394715358414865,-0.394715358414865,-0.00028342912771850415,-0.030426350083341425
1774257668.2604141,0.010071516036987305,-0.417477479946578,-0.417477479946578,-0.02276212153171303,-2.260049177116921
1774257668.2700672,0.009653091430664062,-0.431939689761019,-0.431939689761019,-0.014462209814440963,-1.4981946372641026
1774257668.2804759,0.010408639907836914,-0.49532560350621374,-0.49532560350621374,-0.06338591374519476,-6.089740283691627
1774257668.292492,0.012016057968139648,-0.5366520346412772,-0.5366520346412772,-0.04132643113506346,-3.4392669579856983
1774257668.300281,0.007789134979248047,-0.5002041263998088,-0.5002041263998088,0.036447908241468374,4.679326823655456
1774257668.3103626,0.01008152961730957,-0.49889135203940727,-0.49889135203940727,0.0013127743604015585,0.13021579167387248
1774257668.3222318,0.011869192123413086,-0.4846404325268092,-0.4846404325268092,0.014250919512598048,1.2006646589271046
1774257668.3300908,0.007858991622924805,-0.47043401631706155,-0.47043401631706155,0.014206416209747663,1.8076639970333241
1774257668.3401287,0.010037899017333984,-0.4264009233638908,-0.4264009233638908,0.04403309295317076,4.386684193289058
1774257668.3500853,0.009956598281860352,-0.48994248848947064,-0.48994248848947064,-0.06354156512557985,-6.381854859138432
1774257668.3600504,0.009965181350708008,-0.4684607789856126,-0.4684607789856126,0.021481709503858026,2.1556767255752742
1774257668.3699484,0.009897947311401367,-0.45104327323650584,-0.45104327323650584,0.017417505749106776,1.7597088771167422
1774257668.3800669,0.010118484497070312,-0.40235114541535477,-0.40235114541535477,0.048692127821151066,4.812195723109453
1774257668.3898873,0.00982046127319336,-0.3370768560878061,-0.3370768560878061,0.0652742893275487,6.64676408894622
1774257668.4005535,0.010666131973266602,-0.35389568968710294,-0.35389568968710294,-0.016818833599296867,-1.5768446932263058
1774257668.410041,0.009487628936767578,-0.3783219436017601,-0.3783219436017601,-0.024426253914657137,-2.574537229211994
1774257668.421175,0.011133909225463867,-0.39440820943459054,-0.39440820943459054,-0.01608626583283046,-1.4447994416947714
1774257668.4300323,0.008857250213623047,-0.3982037822107251,-0.3982037822107251,-0.0037955727761345703,-0.42852721607624045
1774257668.439974,0.009941816329956055,-0.3390511226897321,-0.3390511226897321,0.05915265952099302,5.949884564127176
1774257668.4499853,0.01001119613647461,-0.21801293259875107,-0.21801293259875107,0.12103819009098102,12.090282563738082
1774257668.4610283,0.011043071746826172,-0.26181828744208624,-0.26181828744208624,-0.04380535484333517,-3.966772637869081
1774257668.469948,0.008919715881347656,-0.2955947428775799,-0.2955947428775799,-0.03377645543549368,-3.786718757054231
1774257668.4799676,0.010019540786743164,-0.3135701634518668,-0.3135701634518668,-0.01797542057428686,-1.7940363692186478
1774257668.4915662,0.011598587036132812,-0.31585035022239155,-0.31585035022239155,-0.0022801867705247725,-0.19659177134433348
1774257668.4999015,0.008335351943969727,-0.2747634494078469,-0.2747634494078469,0.041086900814544636,4.929234073225818
1774257668.5100791,0.0101776123046875,-0.209936723258794,-0.209936723258794,0.06482672614905291,6.369541716498248
1774257668.5233328,0.01325368881225586,-0.20383117023498523,-0.20383117023498523,0.006105553023808774,0.46066820417293103
1774257668.5298762,0.006543397903442383,-0.27031407466579865,-0.27031407466579865,-0.06648290443081342,-10.160302859747803
1774257668.5399535,0.010077238082885742,-0.2893276113546838,-0.2893276113546838,-0.01901353668888517,-1.8867805377324585
1774257668.549879,0.009925603866577148,-0.31496381983189115,-0.31496381983189115,-0.025636208477207323,-2.582836150003233
1774257668.5600913,0.010212182998657227,-0.3067946978024661,-0.3067946978024661,0.008169122029425047,0.7999388603297829
1774257668.5700362,0.009944915771484375,-0.2569301829080919,-0.2569301829080919,0.04986451489437421,5.014071113337489
1774257668.5803282,0.01029205322265625,-0.2521300953255686,-0.2521300953255686,0.00480008758252326,0.4663877536074787
1774257668.5898921,0.009563922882080078,-0.3130965591802204,-0.3130965591802204,-0.060966463854651765,-6.374629386533911
1774257668.6001408,0.010248661041259766,-0.3189087089502421,-0.3189087089502421,-0.005812149770021702,-0.5671130840041201
1774257668.6107223,0.010581493377685547,-0.3376222262873175,-0.3376222262873175,-0.01871351733707538,-1.7685138258970894
1774257668.6201572,0.009434938430786133,-0.32541957019511564,-0.32541957019511564,0.012202656092201836,1.2933477183470177
1774257668.6325336,0.01237630844116211,-0.30102176892528393,-0.30102176892528393,0.02439780126983171,1.971331062555581
1774257668.6399698,0.007436275482177734,-0.29083753892751835,-0.29083753892751835,0.010184229997765581,1.3695337164651544
1774257668.6498544,0.00988459587097168,-0.34821298285105495,-0.34821298285105495,-0.057375443923536606,-5.804531077697612
1774257668.6617377,0.011883258819580078,-0.4019026607340801,-0.4019026607340801,-0.053689677883025144,-4.518093790447492
1774257668.6699152,0.008177518844604492,-0.45432173835815853,-0.45432173835815853,-0.052419077624078436,-6.410144521851444
1774257668.679706,0.009790897369384766,-0.47415666886095226,-0.47415666886095226,-0.019834930502793724,-2.02585419440875
1774257668.6897566,0.010050535202026367,-0.44836856412201936,-0.44836856412201936,0.025788104738932893,2.565843929757447
1774257668.699558,0.009801387786865234,-0.43937473573691394,-0.43937473573691394,0.008993828385105429,0.9176076470678969
1774257668.709757,0.01019906997680664,-0.47324508762609535,-0.47324508762609535,-0.033870351889181416,-3.3209255320538866
1774257668.7207146,0.010957479476928711,-0.5358691270886254,-0.5358691270886254,-0.06262403946253009,-5.715186562236946
1774257668.7296617,0.008947134017944336,-0.5513505182108923,-0.5513505182108923,-0.015481391122266874,-1.7303184563031535
1774257668.7399943,0.010332584381103516,-0.5491817801328235,-0.5491817801328235,0.0021687380780688326,0.20989309141622634
1774257668.7498016,0.009807348251342773,-0.5009033230633344,-0.5009033230633344,0.04827845706948908,4.9226820372039946
1774257668.7597184,0.00991678237915039,-0.4660211341113933,-0.4660211341113933,0.03488218895194112,3.5174906152301397
1774257668.769633,0.009914636611938477,-0.4601497994283069,-0.4601497994283069,0.005871334683086371,0.5921885907564722
1774257668.779734,0.010100841522216797,-0.5189072828799864,-0.5189072828799864,-0.058757483451679526,-5.817087944845236
1774257668.7900462,0.010312318801879883,-0.5083512155632329,-0.5083512155632329,0.010556067316753515,1.0236366349369648
1774257668.799742,0.009695768356323242,-0.5054169421314848,-0.5054169421314848,0.0029342734317481245,0.30263444050150945
1774257668.8115757,0.011833667755126953,-0.3913765595162212,-0.3913765595162212,0.11404038261526361,9.636943082659682
1774257668.8219404,0.010364770889282227,-0.3393819567652773,-0.3393819567652773,0.051994602750943864,5.016473910167112
1774257668.8318508,0.009910345077514648,-0.3687297799862619,-0.3687297799862619,-0.02934782322098456,-2.9613321222861506
1774257668.8398323,0.007981538772583008,-0.3628889248655799,-0.3628889248655799,0.005840855120681998,0.731795620757445
1774257668.849827,0.009994745254516602,-0.3521460400739059,-0.3521460400739059,0.010742884791674012,1.0748532872130312
1774257668.8608623,0.01103520393371582,-0.32398761313587476,-0.32398761313587476,0.02815842693803111,2.551690671705556
1774257668.8698096,0.008947372436523438,-0.29270164695544315,-0.29270164695544315,0.03128596618043161,3.496665239140083
1774257668.8795667,0.009757041931152344,-0.2487367325210845,-0.2487367325210845,0.043964914434358654,4.505967561130101
1774257668.8896878,0.01012110710144043,-0.22960033300621843,-0.22960033300621843,0.019136399514866065,1.8907417264799604
1774257668.89962,0.009932279586791992,-0.2438217592437219,-0.2438217592437219,-0.01422142623750347,-1.431839097281878
1774257668.9095218,0.009901762008666992,-0.23776284806220788,-0.23776284806220788,0.006058911181514026,0.6119023236683202
1774257668.919586,0.010064125061035156,-0.22768115669926914,-0.22768115669926914,0.010081691362938738,1.0017454375613428
1774257668.9296257,0.010039806365966797,-0.24315814750101575,-0.24315814750101575,-0.01547699080174661,-1.5415626793571364
1774257668.9396565,0.010030746459960938,-0.26438699929445564,-0.26438699929445564,-0.02122885179343989,-2.11637806599715
1774257668.9499085,0.010251998901367188,-0.28366497912555594,-0.28366497912555594,-0.0192779798311003,-1.8804118120349609
1774257668.959455,0.009546518325805664,-0.2991680277968465,-0.2991680277968465,-0.015503048671290542,-1.6239479297267452
1774257668.9725113,0.013056278228759766,-0.3550376963267064,-0.3550376963267064,-0.05586966852985992,-4.279141999807632
1774257668.985742,0.01323080062866211,-0.40127318239178805,-0.40127318239178805,-0.046235486065081655,-3.4945342585633807
1774257668.9898245,0.004082441329956055,-0.3403397958685957,-0.3403397958685957,0.06093338652319236,14.925722526880325
1774257668.9998999,0.01007533073425293,-0.3477923890623413,-0.3477923890623413,-0.0074525931937455825,-0.739687201374852
1774257669.0175598,0.017659902572631836,-0.38050754076726884,-0.38050754076726884,-0.03271515170492756,-1.852510316542027
1774257669.0201423,0.002582550048828125,-0.3841619292125613,-0.3841619292125613,-0.003654388445292478,-1.4150310260011099
1774257669.0306485,0.010506153106689453,-0.4119475070003016,-0.4119475070003016,-0.027785577787740268,-2.6446956850503827
1774257669.0418963,0.011247873306274414,-0.3855156393586016,-0.3855156393586016,0.02643186764169997,2.349943577952238
1774257669.0499845,0.008088111877441406,-0.36380937479132264,-0.36380937479132264,0.021706264567278977,2.6837245696143284
1774257669.0594172,0.009432792663574219,-0.34925019508822563,-0.34925019508822563,0.014559179703097003,1.5434644036350866
1774257669.0702217,0.010804414749145508,-0.3795629355376847,-0.3795629355376847,-0.030312740449459086,-2.805588377830131
1774257669.079505,0.009283304214477539,-0.42141389336280094,-0.42141389336280094,-0.04185095782511622,-4.508196312240703
1774257669.0903056,0.010800600051879883,-0.4031280764850133,-0.4031280764850133,0.01828581687778763,1.6930371266367668
1774257669.0997827,0.00947713851928711,-0.36633325629649244,-0.36633325629649244,0.03679482018852087,3.8824820502136816
1774257669.1120102,0.012227535247802734,-0.35847826644380515,-0.35847826644380515,0.007854989852687289,0.6424017345686095
1774257669.1206672,0.008656978607177734,-0.4003603730697309,-0.4003603730697309,-0.04188210662592573,-4.8379588914774665
1774257669.1326103,0.01194310188293457,-0.4156877751500389,-0.4156877751500389,-0.015327402080308028,-1.2833686114835263
1774257669.1438153,0.011204957962036133,-0.43566068403610614,-0.43566068403610614,-0.01997290888606723,-1.7825063649268535
1774257669.1508405,0.007025241851806641,-0.4338868214689298,-0.4338868214689298,0.0017738625671763208,0.25249843415997797
1774257669.1603904,0.009549856185913086,-0.4379886238693702,-0.4379886238693702,-0.004101802400440391,-0.42951457284675404
1774257669.1733077,0.012917280197143555,-0.45711236556537244,-0.45711236556537244,-0.019123741696002228,-1.4804774228115862
1774257669.181043,0.007735252380371094,-0.47777395774282355,-0.47777395774282355,-0.020661592177451116,-2.671094769949819
1774257669.1908884,0.009845495223999023,-0.45367392197021306,-0.45367392197021306,0.024100035772610495,2.4478236212907927
1774257669.200647,0.009758710861206055,-0.4104205878118468,-0.4104205878118468,0.04325333415836624,4.432279506334371
1774257669.209322,0.008674860000610352,-0.44972016016985145,-0.44972016016985145,-0.03929957235800463,-4.530283180966559
1774257669.2197027,0.010380744934082031,-0.4624195245924783,-0.4624195245924783,-0.012699364422626869,-1.2233577169334307
1774257669.2302797,0.010576963424682617,-0.4598752493982408,-0.4598752493982408,0.0025442751942374997,0.24054873710729938
1774257669.2399528,0.009673118591308594,-0.45136076079786125,-0.45136076079786125,0.008514488600379566,0.8802216699824119
1774257669.2534783,0.01352548599243164,-0.4217398860048623,-0.4217398860048623,0.029620874792998964,2.1900044707874975
1774257669.2615802,0.008101940155029297,-0.4458504146488821,-0.4458504146488821,-0.024110528644019802,-2.9758956722302052
1774257669.2699487,0.008368492126464844,-0.4445598410582656,-0.4445598410582656,0.0012905735906164617,0.15421817588082587
1774257669.281236,0.011287212371826172,-0.47578562546704517,-0.47578562546704517,-0.031225784408779544,-2.766474429658267
1774257669.2930892,0.011853218078613281,-0.5119142968933572,-0.5119142968933572,-0.03612867142631204,-3.0480052916177147
1774257669.299419,0.006329774856567383,-0.5170578826575584,-0.5170578826575584,-0.005143585764201153,-0.8126016929124242
1774257669.3112724,0.011853456497192383,-0.4736276665785096,-0.4736276665785096,0.04343021607904879,3.663928415254715
1774257669.3211591,0.009886741638183594,-0.49398613354800164,-0.49398613354800164,-0.02035846696949206,-2.0591685020740917
1774257669.3296337,0.008474588394165039,-0.5003662781185274,-0.5003662781185274,-0.00638014457052577,-0.7528559823529194
1774257669.3418584,0.012224674224853516,-0.503601080700598,-0.503601080700598,-0.0032348025820705395,-0.26461257965418716
1774257669.3491983,0.007339954376220703,-0.538217592314385,-0.538217592314385,-0.03461651161378709,-4.71617531110744
1774257669.3591928,0.0099945068359375,-0.49274014403820854,-0.49274014403820854,0.0454774482761765,4.550244351492371
1774257669.3707495,0.011556625366210938,-0.4308884542351723,-0.4308884542351723,0.061851689803036236,5.3520545871355445
1774257669.3792663,0.008516788482666016,-0.455019208464978,-0.455019208464978,-0.024130754229805707,-2.8333161354092993
1774257669.3891628,0.009896516799926758,-0.43232512908970144,-0.43232512908970144,0.022694079375276566,2.2931380640352694
1774257669.4018445,0.012681722640991211,-0.44008119608800256,-0.44008119608800256,-0.007756066998301114,-0.61159411996846
1774257669.4091437,0.007299184799194336,-0.4259373163235585,-0.4259373163235585,0.014143879764444034,1.9377341653283249
1774257669.4192061,0.010062456130981445,-0.4118213944401872,-0.4118213944401872,0.014115921883371296,1.4028306508497042
1774257669.4292474,0.010041236877441406,-0.3647089162486368,-0.3647089162486368,0.0471124781915504,4.691899889085683
1774257669.4391377,0.009890317916870117,-0.34264362065394044,-0.34264362065394044,0.022065295594696388,2.2309996281372477
1774257669.4497855,0.010647773742675781,-0.32418289525642585,-0.32418289525642585,0.018460725397514588,1.7337638687348191
1774257669.4592814,0.009495973587036133,-0.33677197921339425,-0.33677197921339425,-0.012589083956968394,-1.3257286197757505
1774257669.4690535,0.009772062301635742,-0.3293275630851337,-0.3293275630851337,0.007444416128260523,0.7618060444635524
1774257669.4794002,0.010346651077270508,-0.28954342668540484,-0.28954342668540484,0.03978413639972889,3.8451220692197263
1774257669.489299,0.009898900985717773,-0.2491945738635067,-0.2491945738635067,0.040348852821898123,4.07609419269006
1774257669.4992385,0.009939432144165039,-0.24706905211296715,-0.24706905211296715,0.0021255217505395663,0.21384740292103685
1774257669.509516,0.010277509689331055,-0.26409134414603663,-0.26409134414603663,-0.017022292033069486,-1.6562662111367406
1774257669.5189104,0.009394407272338867,-0.31340596279368416,-0.31340596279368416,-0.04931461864764752,-5.249359243009481
1774257669.5290422,0.0101318359375,-0.2814528683050576,-0.2814528683050576,0.03195309448862654,3.1537319283232366
1774257669.540212,0.011169672012329102,-0.24883307019835235,-0.24883307019835235,0.03261979810670526,2.9203899694368354
1774257669.5490196,0.008807659149169922,-0.2536958600744347,-0.2536958600744347,-0.004862789876082324,-0.5521092260411347
1774257669.5590959,0.010076284408569336,-0.2843728390178004,-0.2843728390178004,-0.03067697894336574,-3.0444733097526133
1774257669.570049,0.010953187942504883,-0.28983635888413634,-0.28983635888413634,-0.00546351986633592,-0.4988063653262274
1774257669.5791907,0.009141683578491211,-0.3096297893002951,-0.3096297893002951,-0.019793430416158775,-2.1651843718075376
1774257669.5890312,0.00984048843383789,-0.3365714381188952,-0.3365714381188952,-0.026941648818600117,-2.7378365413201955
1774257669.6012435,0.012212276458740234,-0.3500466738058369,-0.3500466738058369,-0.0134752356869417,-1.1034171829034851
1774257669.609045,0.007801532745361328,-0.3229273496025739,-0.3229273496025739,0.027119324203263018,3.4761533519663494
1774257669.620456,0.011410951614379883,-0.35910454681692816,-0.35910454681692816,-0.03617719721435425,-3.170392657590834
1774257669.6290104,0.008554458618164062,-0.3659248845323027,-0.3659248845323027,-0.006820337715374547,-0.7972845529806668
1774257669.639082,0.010071516036987305,-0.36027414339661734,-0.36027414339661734,0.0056507411356853665,0.561061623188923
1774257669.649161,0.010079145431518555,-0.3230816262450878,-0.3230816262450878,0.03719251715152955,3.690046681460177
1774257669.66107,0.011909008026123047,-0.3438925628219908,-0.3438925628219908,-0.020810936576903027,-1.7474953859509645
1774257669.6692746,0.008204460144042969,-0.36963314233341216,-0.36963314233341216,-0.025740579511421335,-3.1373885739588676
1774257669.6791663,0.009891748428344727,-0.37626000702479706,-0.37626000702479706,-0.006626864691384904,-0.669938660428896
1774257669.689071,0.009904623031616211,-0.36799198733546945,-0.36799198733546945,0.00826801968932761,0.8347636919583457
1774257669.6990302,0.009959220886230469,-0.32918939204125663,-0.32918939204125663,0.038802595294212816,3.896147674348798
1774257669.7107947,0.0117645263671875,-0.34637593237410996,-0.34637593237410996,-0.01718654033285333,-1.4608782195251306
1774257669.7188175,0.008022785186767578,-0.4287984077946528,-0.4287984077946528,-0.08242247542054282,-10.27354883644233
1774257669.7289386,0.01012110710144043,-0.4474161026965404,-0.4474161026965404,-0.018617694901887638,-1.839491936533107
1774257669.741348,0.012409448623657227,-0.4762907473139614,-0.4762907473139614,-0.028874644617421008,-2.326827363012304
1774257669.7489169,0.007568836212158203,-0.4008659546803234,-0.4008659546803234,0.07542479263363805,9.965177012613829
1774257669.7587564,0.009839534759521484,-0.33479135080084604,-0.33479135080084604,0.06607460387947733,6.715216267266957
1774257669.7697892,0.011032819747924805,-0.3499323697785755,-0.3499323697785755,-0.015141018977729459,-1.3723616739571385
1774257669.7790058,0.009216547012329102,-0.4503061565679018,-0.4503061565679018,-0.10037378678932629,-10.890606498838979
1774257669.7889805,0.00997471809387207,-0.5149364841217814,-0.5149364841217814,-0.0646303275538796,-6.479413948909993
1774257669.7989347,0.009954214096069336,-0.5037713996602327,-0.5037713996602327,0.011165084461548735,1.1216439945728656
1774257669.8089826,0.01004791259765625,-0.4762022326559626,-0.4762022326559626,0.027569167004270034,2.743770582827397
1774257669.8190267,0.010044097900390625,-0.48340602894065393,-0.48340602894065393,-0.007203796284691311,-0.7172168527360877
1774257669.8288682,0.009841442108154297,-0.49328989202397916,-0.49328989202397916,-0.009883863083325228,-1.0043104429924739
1774257669.8391979,0.010329723358154297,-0.49661232773330327,-0.49661232773330327,-0.003322435709324112,-0.3216384015455145
1774257669.8489351,0.009737253189086914,-0.5057551336588317,-0.5057551336588317,-0.009142805925528463,-0.9389512368616766
1774257669.8589537,0.010018587112426758,-0.48184649298153165,-0.48184649298153165,0.023908640677300086,2.386428386458258
1774257669.8687897,0.009835958480834961,-0.49060709882956904,-0.49060709882956904,-0.008760605848037395,-0.8906712919851324
1774257669.8793051,0.010515451431274414,-0.4590343427596814,-0.4590343427596814,0.03157275606988763,3.002510760116857
1774257669.888817,0.009511947631835938,-0.4469266078560181,-0.4469266078560181,0.012107734903663292,1.2728975570827792
1774257669.8987832,0.009966135025024414,-0.4117695534760199,-0.4117695534760199,0.03515705437999822,3.5276518220675115
1774257669.9106236,0.011840343475341797,-0.44072508836738605,-0.44072508836738605,-0.028955534891366153,-2.445497882022404
1774257669.9189217,0.008298158645629883,-0.46422267064509193,-0.46422267064509193,-0.023497582277705875,-2.831662213409305
1774257669.9288075,0.009885787963867188,-0.4210240178311659,-0.4210240178311659,0.04319865281392604,4.369773352596499
1774257669.940953,0.012145519256591797,-0.3950274589436669,-0.3950274589436669,0.025996558887498966,2.140423833537601
1774257669.9488003,0.007847309112548828,-0.3717689665679237,-0.3717689665679237,0.023258492375743234,2.963881254346155
1774257669.9587533,0.009953022003173828,-0.398826204131229,-0.398826204131229,-0.027057237563305303,-2.7184946998687702
1774257669.971819,0.013065576553344727,-0.4153944120491541,-0.4153944120491541,-0.016568207917925126,-1.2680808879944714
1774257669.978657,0.006838083267211914,-0.3802909644924851,-0.3802909644924851,0.035103447556669,5.133521512524912
1774257669.988759,0.010102033615112305,-0.3282919190872513,-0.3282919190872513,0.05199904540523381,5.147383921534866
1774257669.9989026,0.010143518447875977,-0.3217042643232493,-0.3217042643232493,0.006587654764002027,0.6494447462045542
1774257670.0085454,0.009642839431762695,-0.3332774091046727,-0.3332774091046727,-0.011573144781423406,-1.2001801817110476
1774257670.0185833,0.010037899017333984,-0.3454487044398188,-0.3454487044398188,-0.012171295335146104,-1.2125341482443743
1774257670.0288293,0.010246038436889648,-0.313447579879931,-0.313447579879931,0.032001124559887795,3.1232680569176408
1774257670.0387268,0.009897470474243164,-0.2604980738841213,-0.2604980738841213,0.05294950599580972,5.349801864385824
1774257670.0490797,0.010352849960327148,-0.26755991793553413,-0.26755991793553413,-0.007061844051412858,-0.6821159466692112
1774257670.0589006,0.009820938110351562,-0.26397324925536625,-0.26397324925536625,0.0035866686801678815,0.36520632141927717
1774257670.0686848,0.009784221649169922,-0.30727588216359975,-0.30727588216359975,-0.043302632908233496,-4.425761645731648
1774257670.081118,0.012433290481567383,-0.3572314522499313,-0.3572314522499313,-0.04995557008633156,-4.017888117420867
1774257670.0885317,0.007413625717163086,-0.34692848765378614,-0.34692848765378614,0.010302964596145159,1.3897335783074456
1774257670.099019,0.01048731803894043,-0.3186981024929499,-0.3186981024929499,0.028230385160836258,2.6918593539372124
1774257670.1126094,0.013590335845947266,-0.38986318091506816,-0.38986318091506816,-0.07116507842211828,-5.236447371780014
1774257670.1186676,0.006058216094970703,-0.4151490751150182,-0.4151490751150182,-0.025285894199950032,-4.1738184646370415
1774257670.1288702,0.010202646255493164,-0.4581253362019994,-0.4581253362019994,-0.042976261086981216,-4.212266113200048
1774257670.1395926,0.01072239875793457,-0.4614594064747489,-0.4614594064747489,-0.003334070272749512,-0.3109444395809568
1774257670.1486957,0.009103059768676758,-0.4986642734382952,-0.4986642734382952,-0.0372048669635463,-4.087072688632307
1774257670.158812,0.010116338729858398,-0.504101312687859,-0.504101312687859,-0.005437039249563735,-0.5374512849709452
1774257670.1691458,0.010333776473999023,-0.5212567337275354,-0.5212567337275354,-0.01715542103967649,-1.6601308420829028
1774257670.1786318,0.009485960006713867,-0.5345275646435197,-0.5345275646435197,-0.013270830915984244,-1.3989971396244094
1774257670.1893733,0.010741472244262695,-0.5118520942878598,-0.5118520942878598,0.022675470355659866,2.111020709267432
1774257670.1993868,0.010013580322265625,-0.4971770164340992,-0.4971770164340992,0.014675077853760654,1.465517565293803
1774257670.2086585,0.009271621704101562,-0.5138284303118337,-0.5138284303118337,-0.0166514138777345,-1.79595484038874
1774257670.2185667,0.009908199310302734,-0.5472730741020939,-0.5472730741020939,-0.03344464379026024,-3.3754512543448603
1774257670.228722,0.010155439376831055,-0.5391003671718576,-0.5391003671718576,0.008172706930236306,0.8047615299522916
1774257670.2387514,0.010029315948486328,-0.4868854521578794,-0.4868854521578794,0.052214915013978236,5.206228947434721
1774257670.2489347,0.010183334350585938,-0.4001469894817803,-0.4001469894817803,0.08673846267609908,8.517687791632634
1774257670.2591012,0.010166406631469727,-0.40819049356079495,-0.40819049356079495,-0.008043504079014663,-0.7911845719525226
1774257670.2685015,0.009400367736816406,-0.42157031025962616,-0.42157031025962616,-0.013379816698831204,-1.4233290732265018
1774257670.2784216,0.009920120239257812,-0.4524289075202522,-0.4524289075202522,-0.030858597260626064,-3.1107079870369385
1774257670.289299,0.010877370834350586,-0.4636301225245441,-0.4636301225245441,-0.011201215004291887,-1.0297722836587133
1774257670.2986684,0.009369373321533203,-0.4364036530148671,-0.4364036530148671,0.027226469509676998,2.9059008084461366
1774257670.3087575,0.01008915901184082,-0.39828056191237915,-0.39828056191237915,0.03812309110248796,3.7786193138343847
1774257670.3184452,0.009687662124633789,-0.41091485881746753,-0.41091485881746753,-0.012634296905088382,-1.3041636612162484
1774257670.3287783,0.010333061218261719,-0.38653375285714375,-0.38653375285714375,0.02438110596032378,2.3595240021645103
1774257670.338508,0.009729623794555664,-0.3841835830985849,-0.3841835830985849,0.00235016975855884,0.24154785510554966
1774257670.348609,0.010101079940795898,-0.38992074767841534,-0.38992074767841534,-0.005737164579830423,-0.5679753663426974
1774257670.3584306,0.009821653366088867,-0.39695208481275773,-0.39695208481275773,-0.007031337134342397,-0.7159015770826763
1774257670.3685846,0.010154008865356445,-0.39985489722536943,-0.39985489722536943,-0.0029028124126116994,-0.2858784595427669
1774257670.378402,0.009817361831665039,-0.39033613608807216,-0.39033613608807216,0.009518761137297271,0.9695844260924908
1774257670.388382,0.009979963302612305,-0.35426100704883084,-0.35426100704883084,0.036075129039241316,3.614755680494183
1774257670.3984227,0.010040760040283203,-0.3094174597092043,-0.3094174597092043,0.04484354733962653,4.466150685776343
1774257670.4098969,0.011474132537841797,-0.3372112016989673,-0.3372112016989673,-0.027793741989762977,-2.4222957071568554
1774257670.4184709,0.00857400894165039,-0.35110113378170144,-0.35110113378170144,-0.013889932082734147,-1.6200043850269774
1774257670.4283485,0.009877681732177734,-0.3367475375855103,-0.3367475375855103,0.014353596196191143,1.453134104273939
1774257670.439795,0.011446475982666016,-0.3363124333950911,-0.3363124333950911,0.0004351041904191999,0.03801206511751743
1774257670.450031,0.010236024856567383,-0.31694691896217797,-0.31694691896217797,0.019365514432913122,1.8918979490840435
1774257670.4583573,0.008326292037963867,-0.2961096398964387,-0.2961096398964387,0.02083727906573929,2.502588063297728
1774257670.4694295,0.011072158813476562,-0.39073577186160513,-0.39073577186160513,-0.09462613196516645,-8.546312743454468
1774257670.481385,0.011955499649047852,-0.3825012856919088,-0.3825012856919088,0.008234486169696353,0.6887613576528486
1774257670.4882753,0.006890296936035156,-0.34689213048947093,-0.34689213048947093,0.03560915520243785,5.16801460561266
1774257670.4988039,0.010528564453125,-0.3690188130878139,-0.3690188130878139,-0.022126682598342995,-2.1015858996594297
1774257670.5106387,0.011834859848022461,-0.3270050577931691,-0.3270050577931691,0.04201375529464485,3.5500002394760184
1774257670.5184476,0.0078089237213134766,-0.32284015066873933,-0.32284015066873933,0.00416490712442974,0.533352261216504
1774257670.5283358,0.009888172149658203,-0.3499954259976707,-0.3499954259976707,-0.02715527532893136,-2.7462381234806896
1774257670.540655,0.012319087982177734,-0.36077496192800085,-0.36077496192800085,-0.010779535930330153,-0.8750271080071121
1774257670.5484257,0.0077707767486572266,-0.3958763622905583,-0.3958763622905583,-0.03510140036255743,-4.5171031800164485
1774257670.559101,0.010675430297851562,-0.4244103681179274,-0.4244103681179274,-0.02853400582736909,-2.672867044348702
1774257670.5701494,0.011048316955566406,-0.3669801550754825,-0.3669801550754825,0.05743021304244489,5.198096078652973
1774257670.5791466,0.008997201919555664,-0.3336591641348621,-0.3336591641348621,0.03332099094062041,3.7034837317806915
1774257670.5898097,0.010663032531738281,-0.3780172684061331,-0.3780172684061331,-0.044358104271271015,-4.159989584505167
1774257670.598369,0.008559226989746094,-0.42997786850808584,-0.42997786850808584,-0.05196060010195275,-6.070711778552112
1774257670.6083212,0.009952306747436523,-0.4966426143354341,-0.4966426143354341,-0.06666474582734827,-6.698421533733325
1774257670.6194067,0.01108551025390625,-0.5426344033203346,-0.5426344033203346,-0.04599178898490053,-4.148820210480992
1774257670.6282046,0.008797883987426758,-0.4796247017476649,-0.4796247017476649,0.06300970157266972,7.161915485896179
1774257670.6384733,0.010268688201904297,-0.4581033819972326,-0.4581033819972326,0.02152131975043231,2.0958197704786916
1774257670.6487246,0.010251283645629883,-0.5111617596448302,-0.5111617596448302,-0.05305837764759763,-5.175778905524323
1774257670.6584082,0.009683609008789062,-0.505330760869078,-0.505330760869078,0.005830998775752216,0.6021514055823475
1774257670.66843,0.01002192497253418,-0.5347989317033767,-0.5347989317033767,-0.029468170834298646,-2.9403703295582764
1774257670.680579,0.012148857116699219,-0.524653630757132,-0.524653630757132,0.010145300946244662,0.835082744721677
1774257670.6881106,0.007531642913818359,-0.499760187191857,-0.499760187191857,0.02489344356527501,3.3051810674139674
1774257670.6982145,0.010103940963745117,-0.47415555421965927,-0.47415555421965927,0.025604632972197727,2.5341233746388734
1774257670.7086976,0.010483026504516602,-0.4649495122491491,-0.4649495122491491,0.00920604197051017,0.8781855093606561
1774257670.7181203,0.009422779083251953,-0.44039991738049206,-0.44039991738049206,0.024549594868657043,2.605345477354074
1774257670.7282445,0.01012420654296875,-0.4345574006039476,-0.4345574006039476,0.00584251677654446,0.577083917811029
1774257670.738435,0.010190486907958984,-0.4598542622755111,-0.4598542622755111,-0.02529686167156353,-2.4823997027861497
1774257670.7481914,0.009756326675415039,-0.4324371679319793,-0.4324371679319793,0.027417094343531845,2.8101861751534174
1774257670.7582698,0.01007843017578125,-0.39738456413950457,-0.39738456413950457,0.03505260379247471,3.477982501352949
1774257670.7683506,0.010080814361572266,-0.3789479012509635,-0.3789479012509635,0.018436662888541067,1.8288862612946253
1774257670.7780886,0.009737968444824219,-0.35792119481575535,-0.35792119481575535,0.021026706435208153,2.1592498018807977
1774257670.788161,0.010072469711303711,-0.36386020871448777,-0.36386020871448777,-0.005939013898732415,-0.5896283700974971
1774257670.7981184,0.009957313537597656,-0.3817186075164658,-0.3817186075164658,-0.017858398801978037,-1.7934956787839214
1774257670.8082376,0.010119199752807617,-0.33673877685279624,-0.33673877685279624,0.04497983066366956,4.444998790659282
1774257670.8209512,0.01271367073059082,-0.31963408758898404,-0.31963408758898404,0.0171046892638122,1.345377713979645
1774257670.828338,0.007386684417724609,-0.2736350111913117,-0.2736350111913117,0.04599907639767237,6.227296821737228
1774257670.838326,0.009988069534301758,-0.2253774987878546,-0.2253774987878546,0.048257512403457076,4.831515463296246
1774257670.8510082,0.012682199478149414,-0.2158527911442912,-0.2158527911442912,0.00952470764356339,0.7510296348810652
1774257670.8583212,0.0073130130767822266,-0.27388496972484533,-0.27388496972484533,-0.05803217858055412,-7.935467634373308
1774257670.8690832,0.01076197624206543,-0.26094225139767513,-0.26094225139767513,0.0129427183271702,1.2026339806048711
1774257670.880625,0.01154184341430664,-0.23961757742969853,-0.23961757742969853,0.021324673967976604,1.8475968874732522
1774257670.8879871,0.0073621273040771484,-0.2524581373765517,-0.2524581373765517,-0.01284055994685318,-1.7441371789023634
1774257670.8980334,0.010046243667602539,-0.2663652987898059,-0.2663652987898059,-0.01390716141325421,-1.3843145630742053
1774257670.910901,0.01286768913269043,-0.3106409512497945,-0.3106409512497945,-0.0442756524599886,-3.440839454809806
1774257670.91806,0.007158994674682617,-0.3380499913757593,-0.3380499913757593,-0.02740904012596479,-3.828615800329524
1774257670.9279573,0.009897232055664062,-0.3650358903526227,-0.3650358903526227,-0.026985898976863376,-2.7266107155100685
1774257670.9381661,0.010208845138549805,-0.4009126465816895,-0.4009126465816895,-0.03587675622906683,-3.514281560956583
1774257670.9482298,0.010063648223876953,-0.46049663476707053,-0.46049663476707053,-0.05958398818538102,-5.920714522196076
1774257670.9581647,0.00993490219116211,-0.3868561897909326,-0.3868561897909326,0.07364044497613792,7.412296926450568
1774257670.9679449,0.009780168533325195,-0.3208277934948565,-0.3208277934948565,0.0660283962960761,6.751253423812612
1774257670.978945,0.01100015640258789,-0.38502251575921276,-0.38502251575921276,-0.06419472226435624,-5.835800866363484
1774257670.991384,0.01243901252746582,-0.4292802990024963,-0.4292802990024963,-0.044257783243283555,-3.5579820460475187
1774257670.997855,0.006470918655395508,-0.4674975929378583,-0.4674975929378583,-0.038217293935361996,-5.906007472910525
1774257671.008076,0.010221004486083984,-0.5211105958528925,-0.5211105958528925,-0.053613002915034236,-5.245375147621641
1774257671.0200245,0.011948585510253906,-0.45172625845518266,-0.45172625845518266,0.06938433739770988,5.806908051012933
1774257671.0282013,0.008176803588867188,-0.3746629713518774,-0.3746629713518774,0.07706328710330523,9.424622502640004
1774257671.0382872,0.010085821151733398,-0.4210678161433798,-0.4210678161433798,-0.046404844791502364,-4.6009981828328375
1774257671.049314,0.011026859283447266,-0.4292733175250888,-0.4292733175250888,-0.008205501381709002,-0.7441376706444884
1774257671.0581064,0.008792400360107422,-0.4480895747942443,-0.4480895747942443,-0.018816257269155534,-2.1400591986834465
1774257671.0680225,0.009916067123413086,-0.5090458644516602,-0.5090458644516602,-0.060956289657415896,-6.147224388335412
1774257671.0783377,0.010315179824829102,-0.4731873809277731,-0.4731873809277731,0.0358584835238871,3.4762829279596383
1774257671.0880663,0.009728670120239258,-0.4059234146969995,-0.4059234146969995,0.06726396623077363,6.9139939374488115
1774257671.0980399,0.009973526000976562,-0.4121636872997282,-0.4121636872997282,-0.0062402726027286914,-0.6256836952265099
1774257671.108089,0.010049104690551758,-0.4106830475858719,-0.4106830475858719,0.0014806397138563132,0.1473404606132148
1774257671.1179366,0.009847640991210938,-0.39878825555581976,-0.39878825555581976,0.011894792030052115,1.2078823792082052
1774257671.128255,0.010318279266357422,-0.3685999301274917,-0.3685999301274917,0.030188325428328056,2.9257131590493572
1774257671.138154,0.009899139404296875,-0.40258663872130834,-0.40258663872130834,-0.03398670859381664,-3.433299320854516
1774257671.148073,0.009918928146362305,-0.41419282523543893,-0.41419282523543893,-0.01160618651413059,-1.170104908803788
1774257671.1578898,0.009816884994506836,-0.42541712785910574,-0.42541712785910574,-0.011224302623666804,-1.1433670283340904
1774257671.167976,0.0100860595703125,-0.35206042195377646,-0.35206042195377646,0.07335670590532928,7.27307878700705
1774257671.1795392,0.011563301086425781,-0.3410697719216965,-0.3410697719216965,0.01099065003207994,0.950476853446454
1774257671.1885269,0.008987665176391602,-0.3614285686431665,-0.3614285686431665,-0.020358796721470007,-2.2651930531354894
1774257671.1981494,0.009622573852539062,-0.41651001199025806,-0.41651001199025806,-0.05508144334709153,-5.724190241736357
1774257671.2078857,0.009736299514770508,-0.47665784551221496,-0.47665784551221496,-0.060147833521956906,-6.177689319305482
1774257671.2180836,0.010197877883911133,-0.45566408439887734,-0.45566408439887734,0.020993761113337617,2.058640175173975
1774257671.2292228,0.011139154434204102,-0.35384758607610806,-0.35384758607610806,0.10181649832276929,9.1404153631383
1774257671.2378266,0.008603811264038086,-0.3687212935543611,-0.3687212935543611,-0.014873707478253062,-1.728734745777336
1774257671.2477398,0.009913206100463867,-0.3966760396572402,-0.3966760396572402,-0.02795474610287907,-2.8199500564777913
1774257671.2581067,0.01036691665649414,-0.44902034781971983,-0.44902034781971983,-0.05234430816247965,-5.049168416887931
1774257671.2680287,0.009922027587890625,-0.5105542053267893,-0.5105542053267893,-0.06153385750706947,-6.201742230808619
1774257671.2778277,0.009799003601074219,-0.5071728436503551,-0.5071728436503551,0.0033813616764342136,0.34507199038721964
1774257671.2882116,0.010383844375610352,-0.47354730752473173,-0.47354730752473173,0.033625536125623356,3.2382550151274665
1774257671.3006065,0.012394905090332031,-0.45829319566440646,-0.45829319566440646,0.01525411186032527,1.2306759712281627
1774257671.3077786,0.007172107696533203,-0.47617773136743535,-0.47617773136743535,-0.017884535703028892,-2.4936234172381124
1774257671.317622,0.00984334945678711,-0.4886138830499603,-0.4886138830499603,-0.012436151682524932,-1.263406499700166
1774257671.3278055,0.010183572769165039,-0.48266533412955026,-0.48266533412955026,0.005948548920410024,0.5841318224210766
1774257671.3382032,0.010397672653198242,-0.46087091795716395,-0.46087091795716395,0.02179441617238631,2.0960860087937583
1774257671.34793,0.009726762771606445,-0.46809803739784467,-0.46809803739784467,-0.007227119440680718,-0.7430138485311395
1774257671.3586795,0.010749578475952148,-0.4614597547686815,-0.4614597547686815,0.006638282629163161,0.6175388778279673
1774257671.3679178,0.009238243103027344,-0.41517817412218705,-0.41517817412218705,0.04628158064649446,5.009781636004808
1774257671.37809,0.010172128677368164,-0.3688563349108939,-0.3688563349108939,0.046321839211293125,4.5537999646380785
1774257671.3886077,0.01051783561706543,-0.43520561678621483,-0.43520561678621483,-0.06634928187532091,-6.308263818809611
1774257671.397753,0.009145259857177734,-0.44748948049628723,-0.44748948049628723,-0.012283863710072396,-1.3431946059390867
1774257671.4078016,0.010048627853393555,-0.44612947958366783,-0.44612947958366783,0.0013600009126193968,0.13534195240000918
1774257671.4198287,0.01202702522277832,-0.4354288442599097,-0.4354288442599097,0.010700635323758145,0.8897158794921218
1774257671.4277325,0.007903814315795898,-0.39239221047077205,-0.39239221047077205,0.043036633789137635,5.44504615994435
1774257671.437636,0.009903430938720703,-0.36073675602054406,-0.36073675602054406,0.03165545445022799,3.1964129043865634
1774257671.4504724,0.012836456298828125,-0.402588830517349,-0.402588830517349,-0.04185207449680495,-3.260407196698495
1774257671.457853,0.00738072395324707,-0.4602523837225924,-0.4602523837225924,-0.05766355320524341,-7.812723192265571
1774257671.467724,0.00987100601196289,-0.4848150350963337,-0.4848150350963337,-0.024562651373741307,-2.4883635309281837
1774257671.4776812,0.009957075119018555,-0.5071029274333514,-0.5071029274333514,-0.022287892337017667,-2.238397528451561
1774257671.487779,0.010097742080688477,-0.45265700478204995,-0.45265700478204995,0.05444592265130144,5.391890802541596
1774257671.49755,0.009771108627319336,-0.3677351902205343,-0.3677351902205343,0.08492181456151565,8.691113547144507
1774257671.5075994,0.01004934310913086,-0.4179174170313698,-0.4179174170313698,-0.050182226810835506,-4.99358279102241
1774257671.5174968,0.009897470474243164,-0.4595869939137555,-0.4595869939137555,-0.041669576882385706,-4.210123888808274
1774257671.5275912,0.010094404220581055,-0.4372683320518557,-0.4372683320518557,0.02231866186189979,2.210993474621832
1774257671.5374973,0.00990605354309082,-0.42550155835062015,-0.42550155835062015,0.011766773701235578,1.1878366748221905
1774257671.5479937,0.010496377944946289,-0.341497430447809,-0.341497430447809,0.08400412790281114,8.003153882550196
1774257671.5574157,0.009422063827514648,-0.27734025924327793,-0.27734025924327793,0.06415717120453107,6.809248204960892
1774257671.5676584,0.010242700576782227,-0.36206323958681597,-0.36206323958681597,-0.08472298034353803,-8.271547108931891
1774257671.577968,0.010309457778930664,-0.3685859868184684,-0.3685859868184684,-0.006522747231652415,-0.6326954696863775
1774257671.5876367,0.009668827056884766,-0.39128041093225985,-0.39128041093225985,-0.022694424113791467,-2.3471744794144107
1774257671.5980515,0.010414838790893555,-0.386408547182556,-0.386408547182556,0.004871863749703831,0.46778100434580444
1774257671.6078312,0.009779691696166992,-0.348696641755261,-0.348696641755261,0.03771190542729502,3.8561446105786397
1774257671.6177366,0.009905338287353516,-0.24875465246928818,-0.24875465246928818,0.09994198928597281,10.08970985004845
1774257671.6280491,0.010312557220458984,-0.35256030932888555,-0.35256030932888555,-0.10380565685959736,-10.065947236991645
1774257671.639819,0.011769771575927734,-0.3715874131026936,-0.3715874131026936,-0.019027103773808063,-1.6166077354231303
1774257671.647515,0.0076961517333984375,-0.4074644388717615,-0.4074644388717615,-0.03587702576906787,-4.661683788454289
1774257671.657571,0.010056018829345703,-0.43446690995412474,-0.43446690995412474,-0.027002471082363255,-2.685204904704835
1774257671.668411,0.01083993911743164,-0.41517839921100075,-0.41517839921100075,0.019288510743123988,1.7793929037946579
1774257671.6779978,0.009586811065673828,-0.3287982100388655,-0.3287982100388655,0.08638018917213525,9.010315169496234
1774257671.6881413,0.010143518447875977,-0.3473544496337022,-0.3473544496337022,-0.01855623959483671,-1.8293691375621575
1774257671.6992748,0.011133432388305664,-0.3807950931057609,-0.3807950931057609,-0.03344064347205866,-3.003623887560861
1774257671.7076936,0.008418798446655273,-0.4129866098468032,-0.4129866098468032,-0.032191516741042314,-3.8237661757815053
1774257671.7177,0.010006427764892578,-0.4108979741898734,-0.4108979741898734,0.0020886356569297937,0.20872939934246512
1774257671.7278757,0.010175704956054688,-0.3942795927394216,-0.3942795927394216,0.016618381450451802,1.6331430129136784
1774257671.7376027,0.009727001190185547,-0.3429049054080119,-0.3429049054080119,0.05137468733140971,5.281657350185819
1774257671.74765,0.010047197341918945,-0.32538576837223987,-0.32538576837223987,0.017519137035772014,1.743683978683152
1774257671.75858,0.010930061340332031,-0.3609458421849592,-0.3609458421849592,-0.035560073812719306,-3.25341941874583
1774257671.7674036,0.008823633193969727,-0.3592604741738973,-0.3592604741738973,0.001685368011061894,0.1910061279761395
1774257671.7776406,0.010236978530883789,-0.3453467380262036,-0.3453467380262036,0.0139137361476937,1.3591643379653044
1774257671.7882013,0.010560750961303711,-0.34897735925179413,-0.34897735925179413,-0.003630621225590547,-0.34378438038106635
1774257671.797722,0.009520769119262695,-0.3139032927652572,-0.3139032927652572,0.03507406648653694,3.6839530553864677
1774257671.8074882,0.009766101837158203,-0.32712285741553143,-0.32712285741553143,-0.01321956465027424,-1.353617325592106
1774257671.8178103,0.010322093963623047,-0.3293929990592222,-0.3293929990592222,-0.0022701416436907706,-0.21993034084858812
1774257671.8276093,0.009799003601074219,-0.3822752086868331,-0.3822752086868331,-0.05288220962761092,-5.396692539414282
1774257671.8374872,0.009877920150756836,-0.39491435218802745,-0.39491435218802745,-0.012639143501194328,-1.2795348928008827
1774257671.8476493,0.010162115097045898,-0.38342118211507153,-0.38342118211507153,0.011493170072955916,1.1309820803246906
1774257671.857353,0.009703636169433594,-0.41451770990963416,-0.41451770990963416,-0.031096527794562623,-3.204626312404059
1774257671.8693845,0.01203155517578125,-0.4246575353645602,-0.4246575353645602,-0.010139825454926032,-0.8427693101002314
1774257671.8775055,0.008121013641357422,-0.4287466608873478,-0.4287466608873478,-0.004089125522787618,-0.5035240307888614
1774257671.8872814,0.009775876998901367,-0.3648902151939493,-0.3648902151939493,0.06385644569339849,6.5320426699900995
1774257671.9001782,0.01289677619934082,-0.3884023383084054,-0.3884023383084054,-0.023512123114456107,-1.823100808375496
1774257671.907408,0.007229804992675781,-0.41833060781360853,-0.41833060781360853,-0.02992826950520311,-4.139568015392146
1774257671.9178886,0.010480642318725586,-0.46624959274823935,-0.46624959274823935,-0.047918984934630815,-4.572142000210691
1774257671.928502,0.010613441467285156,-0.5176351505803811,-0.5176351505803811,-0.05138555783214177,-4.841554738915975
1774257671.9373586,0.008856534957885742,-0.45080510217876146,-0.45080510217876146,0.06683004840161966,7.545845945328208
1774257671.9474597,0.010101079940795898,-0.3980302482597695,-0.3980302482597695,0.05277485391899195,5.224674413856152
1774257671.95941,0.011950254440307617,-0.4333375396893058,-0.4333375396893058,-0.03530729142953626,-2.954522148954964
1774257671.9673204,0.007910490036010742,-0.49975387733639265,-0.49975387733639265,-0.06641633764708688,-8.395982719748247
1774257671.9778605,0.010540008544921875,-0.5348279445015657,-0.5348279445015657,-0.03507406716517303,-3.3277076594090187
1774257671.987404,0.009543657302856445,-0.598481966544007,-0.598481966544007,-0.0636540220424413,-6.669772396729864
1774257671.9974005,0.009996414184570312,-0.5724534859781782,-0.5724534859781782,0.026028480565828738,2.603781724651253
1774257672.007362,0.009961366653442383,-0.5573556375943269,-0.5573556375943269,0.015097848383851309,1.5156402639424877
1774257672.0172434,0.00988149642944336,-0.5859229810794525,-0.5859229810794525,-0.028567343485125574,-2.890993655576802
1774257672.0272474,0.010004043579101562,-0.5843834683463086,-0.5843834683463086,0.0015395127331438996,0.15388904706092446
1774257672.0374606,0.010213136672973633,-0.5455013142968407,-0.5455013142968407,0.03888215404946793,3.8070727235403865
1774257672.047246,0.00978541374206543,-0.5762290365357831,-0.5762290365357831,-0.03072772223894238,-3.1401556488971316
1774257672.057196,0.009949922561645508,-0.5894511674834261,-0.5894511674834261,-0.013222130947643018,-1.328867723916874
1774257672.0673814,0.010185480117797852,-0.5430743262872043,-0.5430743262872043,0.04637684119622176,4.553230742180139
1774257672.0772214,0.009840011596679688,-0.49726707682821963,-0.49726707682821963,0.04580724945898468,4.655202792082218
1774257672.0875003,0.010278940200805664,-0.4545103500338494,-0.4545103500338494,0.04275672679437026,4.159643500116771
1774257672.0974436,0.009943246841430664,-0.4348721777239481,-0.4348721777239481,0.01963817230990128,1.975026128092751
1774257672.1074736,0.010030031204223633,-0.4779255385741098,-0.4779255385741098,-0.043053360850161704,-4.292445354709564
1774257672.1174948,0.010021209716796875,-0.47905745200743954,-0.47905745200743954,-0.0011319134333297454,-0.11295177581529987
1774257672.1290467,0.011551856994628906,-0.45432632183881255,-0.45432632183881255,0.02473113016862699,2.14087918333181
1774257672.1373148,0.008268117904663086,-0.384991509470415,-0.384991509470415,0.06933481236839756,8.385803536896086
1774257672.1472688,0.009953975677490234,-0.32265840483524494,-0.32265840483524494,0.062333104635170056,6.262131499490115
1774257672.1589556,0.01168680191040039,-0.30170933827466917,-0.30170933827466917,0.02094906656057577,1.7925405702250028
1774257672.1670551,0.008099555969238281,-0.298657932218275,-0.298657932218275,0.003051406056394146,0.3767374493099668
1774257672.1773047,0.010249614715576172,-0.2951528788467491,-0.2951528788467491,0.0035050533715259014,0.34196928067933413
1774257672.1900327,0.012727975845336914,-0.2588235756694282,-0.2588235756694282,0.036329303177320915,2.85428756455652
1774257672.1973588,0.0073261260986328125,-0.20451686757947046,-0.20451686757947046,0.054306708089957745,7.412745475414675
1774257672.2072215,0.009862661361694336,-0.2072885336437251,-0.2072885336437251,-0.0027716660642546354,-0.2810261817382811
1774257672.2174795,0.010257959365844727,-0.21703729742693192,-0.21703729742693192,-0.009748763783206826,-0.95036092808738
1774257672.2271898,0.009710311889648438,-0.2283705814585401,-0.2283705814585401,-0.011333284031608187,-1.167139033267294
1774257672.2373648,0.010174989700317383,-0.24036447516141063,-0.24036447516141063,-0.011993893702870517,-1.1787622450857516
1774257672.2472155,0.009850740432739258,-0.27088684241034866,-0.27088684241034866,-0.03052236724893803,-3.0984845715247906
1774257672.2571163,0.009900808334350586,-0.29222711622649084,-0.29222711622649084,-0.021340273816142175,-2.1554072248932115
1774257672.2676938,0.01057744026184082,-0.29961203099729916,-0.29961203099729916,-0.007384914770808326,-0.6981759847370775
1774257672.2772045,0.00951075553894043,-0.25714277983965,-0.25714277983965,0.04246925115764916,4.465391943233624
1774257672.2870333,0.009828805923461914,-0.2974151442541056,-0.2974151442541056,-0.040272364414455586,-4.09738118018214
1774257672.2987344,0.011701107025146484,-0.31956276219186813,-0.31956276219186813,-0.022147617937762543,-1.8927797079512039
1774257672.3073273,0.008592844009399414,-0.30152826423555507,-0.30152826423555507,0.018034497956313067,2.09878102483715
1774257672.3170776,0.0097503662109375,-0.3499180688176408,-0.3499180688176408,-0.04838980458208575,-4.962870474321709
1774257672.3302674,0.01318979263305664,-0.34086770154099216,-0.34086770154099216,0.009050367276648652,0.6861644855557744
1774257672.337102,0.006834506988525391,-0.31240392044837056,-0.31240392044837056,0.0284637810926216,4.164716071021668
1774257672.3472283,0.010126352310180664,-0.3184455364358629,-0.3184455364358629,-0.00604161598749231,-0.5966231277000199
1774257672.3595507,0.012322425842285156,-0.3480398329980489,-0.3480398329980489,-0.02959429656218604,-2.4016615673702337
1774257672.366975,0.007424354553222656,-0.3565450773189041,-0.3565450773189041,-0.008505244320855199,-1.1455870351939705
1774257672.377032,0.01005697250366211,-0.34922375580832143,-0.34922375580832143,0.007321321510582679,0.7279846402997243
1774257672.3917913,0.014759302139282227,-0.3570122695647888,-0.3570122695647888,-0.007788513756467386,-0.5277020338067391
1774257672.3969686,0.00517725944519043,-0.371547733638971,-0.371547733638971,-0.014535464074182158,-2.807559526051049
1774257672.4078412,0.010872602462768555,-0.36496493520278483,-0.36496493520278483,0.006582798436186144,0.6054482777906999
1774257672.417905,0.010063886642456055,-0.3847942072116717,-0.3847942072116717,-0.019829272008886845,-1.9703393642406513
1774257672.4271233,0.009218215942382812,-0.41874175366184074,-0.41874175366184074,-0.033947546450169064,-3.6826590592315824
1774257672.4372487,0.010125398635864258,-0.4090966404388176,-0.4090966404388176,0.009645113223023138,0.9525662712043806
1774257672.4475713,0.01032257080078125,-0.46946341159333194,-0.46946341159333194,-0.06036677115451433,-5.848036532715819
1774257672.457447,0.009875774383544922,-0.4939721735280887,-0.4939721735280887,-0.024508761934756762,-2.481705330935204
1774257672.4672377,0.009790658950805664,-0.4792057017165212,-0.4792057017165212,0.014766471811567483,1.508220425791909
1774257672.4773576,0.010119915008544922,-0.4209043660490893,-0.4209043660490893,0.0583013356674319,5.761049931566044
1774257672.4869297,0.009572029113769531,-0.41444107533882063,-0.41444107533882063,0.006463290710268688,0.6752268127738068
1774257672.496988,0.010058403015136719,-0.4802841320960802,-0.4802841320960802,-0.06584305675725954,-6.546074626178077
1774257672.5072336,0.010245561599731445,-0.5238409353063878,-0.5238409353063878,-0.04355680321030758,-4.251285084406626
1774257672.5174694,0.010235786437988281,-0.554825253766043,-0.554825253766043,-0.030984318459655213,-3.0270579253844616
1774257672.5271108,0.009641408920288086,-0.5290552541874509,-0.5290552541874509,0.02576999957859205,2.672845824884071
1774257672.5372212,0.01011037826538086,-0.47661064695714533,-0.47661064695714533,0.052444607230305584,5.187205251249814
1774257672.5472245,0.010003328323364258,-0.49676821136811955,-0.49676821136811955,-0.020157564410974216,-2.0150857553973545
1774257672.5572555,0.010030984878540039,-0.5130852166430833,-0.5130852166430833,-0.016317005274963714,-1.6266603401897037
1774257672.5670867,0.00983119010925293,-0.528886596195203,-0.528886596195203,-0.015801379552119688,-1.6072702670298002
1774257672.5769866,0.00989985466003418,-0.5630435026283231,-0.5630435026283231,-0.03415690643312019,-3.4502432213486927
1774257672.587175,0.01018834114074707,-0.47958108998986027,-0.47958108998986027,0.08346241263846288,8.191953084949697
1774257672.597238,0.01006317138671875,-0.48045168477951206,-0.48045168477951206,-0.0008705947896517907,-0.08651296457106862
1774257672.6071787,0.009940624237060547,-0.4829163175545189,-0.4829163175545189,-0.0024646327750068586,-0.24793541293093413
1774257672.6171405,0.009961843490600586,-0.46129688601751495,-0.46129688601751495,0.021619431537003964,2.170223970834595
1774257672.627187,0.01004648208618164,-0.4601514366724947,-0.4601514366724947,0.0011454493450202552,0.11401496913986987
1774257672.639795,0.012608051300048828,-0.4563763863770567,-0.4563763863770567,0.0037750502954380094,0.2994158419567495
1774257672.646842,0.007046937942504883,-0.4626101670396765,-0.4626101670396765,-0.0062337806626198144,-0.884608423329463
1774257672.6571484,0.010306358337402344,-0.4210486839977971,-0.4210486839977971,0.0415614830418794,4.0326060555308345
1774257672.6670196,0.009871244430541992,-0.3470304921083191,-0.3470304921083191,0.074018191889478,7.498364812086205
1774257672.6776867,0.010667085647583008,-0.2773519959574589,-0.2773519959574589,0.06967849615086019,6.532102436680841
1774257672.686822,0.009135246276855469,-0.26230163378721183,-0.26230163378721183,0.015050362170247078,1.647504808751331
1774257672.6986067,0.011784791946411133,-0.2565579762138685,-0.2565579762138685,0.00574365757334333,0.4873787844080241
1774257672.7068205,0.00821375846862793,-0.2739004178310475,-0.2739004178310475,-0.017342441617179016,-2.111389284627454
1774257672.7170389,0.010218381881713867,-0.21206439455403114,-0.21206439455403114,0.06183602327701637,6.051449631929883
1774257672.7281623,0.011123418807983398,-0.19967900035857447,-0.19967900035857447,0.012385394195456673,1.1134521147911414
1774257672.7368405,0.008678197860717773,-0.16593752112791624,-0.16593752112791624,0.03374147923065823,3.8880744334478075
1774257672.7475026,0.010662078857421875,-0.1613671419785612,-0.1613671419785612,0.004570379149355042,0.42865741385636064
1774257672.757756,0.010253429412841797,-0.1508643842875166,-0.1508643842875166,0.010502757691044584,1.0243165743054239
1774257672.766932,0.009176015853881836,-0.15016884789157947,-0.15016884789157947,0.0006955363959371408,0.07579938908267034
1774257672.7781582,0.011226177215576172,-0.1428684813552374,-0.1428684813552374,0.007300366536342084,0.650298529602127
1774257672.7872488,0.009090662002563477,-0.17526220779462212,-0.17526220779462212,-0.032393726439384735,-3.563406760723259
1774257672.7967968,0.009547948837280273,-0.2053738688516925,-0.2053738688516925,-0.030111661057070388,-3.1537308766777676
1774257672.8070858,0.01028895378112793,-0.2628259943509982,-0.2628259943509982,-0.05745212549930567,-5.5838646689894516
1774257672.8173077,0.01022195816040039,-0.29979074782884774,-0.29979074782884774,-0.036964753477849555,-3.6162106024900473
1774257672.8268383,0.00953054428100586,-0.3097346207296914,-0.3097346207296914,-0.009943872900843642,-1.0433688368314427
1774257672.837809,0.010970830917358398,-0.30880717003933955,-0.30880717003933955,0.0009274506903518276,0.08453787113648661
1774257672.847117,0.009307861328125,-0.3273774188985548,-0.3273774188985548,-0.018570248859215266,-1.995114474159888
1774257672.8568778,0.009760856628417969,-0.3240159953979503,-0.3240159953979503,0.0033614235006045323,0.3443779197430286
1774257672.8668263,0.009948492050170898,-0.25911775327705494,-0.25911775327705494,0.06489824212089534,6.5234250370417195
1774257672.8770278,0.010201454162597656,-0.27756938147250254,-0.27756938147250254,-0.0184516281954476,-1.8087252955660151
1774257672.887561,0.010533332824707031,-0.32159434295622924,-0.32159434295622924,-0.0440249614837267,-4.179585152807624
1774257672.8968349,0.009273767471313477,-0.32871002440481245,-0.32871002440481245,-0.007115681448583211,-0.7672913377000374
1774257672.906733,0.009898185729980469,-0.3206120059779182,-0.3206120059779182,0.008098018426894227,0.8181315897484382
1774257672.916815,0.010082006454467773,-0.31821923449722467,-0.31821923449722467,0.0023927714806935563,0.2373308816553292
1774257672.929703,0.012887954711914062,-0.27748248375207907,-0.27748248375207907,0.0407367507451456,3.1608390668448862
1774257672.936831,0.007128000259399414,-0.25480688634843174,-0.25480688634843174,0.02267559740364733,3.181200417851544
1774257672.947811,0.010979890823364258,-0.31068247439139907,-0.31068247439139907,-0.05587558804296733,-5.088901970142445
1774257672.956978,0.009167194366455078,-0.39334275626476634,-0.39334275626476634,-0.08266028187336727,-9.016966213331386
1774257672.9667325,0.009754419326782227,-0.45320741845584883,-0.45320741845584883,-0.059864662191082496,-6.137183586798965
1774257672.9770117,0.010279178619384766,-0.44802937898547024,-0.44802937898547024,0.005178039470378593,0.5037405868805217
1774257672.9869008,0.00988912582397461,-0.3821251362377324,-0.3821251362377324,0.06590424274773782,6.664314310569645
1774257672.9966292,0.009728431701660156,-0.42073634895582496,-0.42073634895582496,-0.038611212718092536,-3.9689041257804725
1774257673.008273,0.011643648147583008,-0.4555728315643902,-0.4555728315643902,-0.034836482608565256,-2.991887264799961
1774257673.016872,0.008599042892456055,-0.48606712766227045,-0.48606712766227045,-0.030494296097880236,-3.546243050448428
1774257673.0271792,0.01030731201171875,-0.5200352328542274,-0.5200352328542274,-0.03396810519195692,-3.29553477699495
1774257673.036785,0.009605646133422852,-0.5414065611128241,-0.5414065611128241,-0.021371328258596778,-2.2248714934683287
1774257673.0471613,0.010376453399658203,-0.5212004105545838,-0.5212004105545838,0.020206150558240377,1.947307984721057
1774257673.056647,0.009485721588134766,-0.5397102618406128,-0.5397102618406128,-0.018509851286029,-1.9513382418035634
1774257673.0667536,0.010106563568115234,-0.5118627431945428,-0.5118627431945428,0.027847518646069935,2.755389451457554
1774257673.0770068,0.010253190994262695,-0.45341860125397465,-0.45341860125397465,0.058444141940568184,5.700092973326192
1774257673.0869358,0.00992894172668457,-0.4961857279047576,-0.4961857279047576,-0.04276712665078297,-4.307319735379652
1774257673.0966897,0.009753942489624023,-0.5011429550667723,-0.5011429550667723,-0.004957227162014688,-0.5082280490466342
1774257673.1066647,0.009974956512451172,-0.5020889529227741,-0.5020889529227741,-0.0009459978560018012,-0.09483729125244464
1774257673.1166978,0.010033130645751953,-0.4707493813476297,-0.4707493813476297,0.03133957157514439,3.1236084410416427
1774257673.1282306,0.011532783508300781,-0.401802175418873,-0.401802175418873,0.06894720592875675,5.97836644372381
1774257673.1366236,0.008393049240112305,-0.40344451343815074,-0.40344451343815074,-0.001642338019277767,-0.19567834910686063
1774257673.1469264,0.01030278205871582,-0.47123312451175753,-0.47123312451175753,-0.06778861107360679,-6.579641371357536
1774257673.1565557,0.009629249572753906,-0.4550467909086092,-0.4550467909086092,0.016186333603148306,1.6809548325497512
1774257673.166729,0.010173320770263672,-0.4542493776455673,-0.4542493776455673,0.0007974132630419462,0.0783827897546259
1774257673.176533,0.009804010391235352,-0.44124710887654073,-0.44124710887654073,0.013002268769026548,1.3262193990176097
1774257673.1867402,0.010207176208496094,-0.40391089265178964,-0.40391089265178964,0.037336216224751084,3.657839882657628
1774257673.19679,0.010049819946289062,-0.39801955899872044,-0.39801955899872044,0.005891333653069208,0.5862128560068987
1774257673.2077494,0.010959386825561523,-0.4361262578672624,-0.4361262578672624,-0.038106698868541955,-3.477083113779907
1774257673.2165916,0.008842229843139648,-0.44408939309675455,-0.44408939309675455,-0.007963135229492158,-0.9005799861299074
1774257673.2266462,0.010054588317871094,-0.43717003211504063,-0.43717003211504063,0.006919360981713918,0.6881794423562224
1774257673.2382028,0.011556625366210938,-0.4152940342747839,-0.4152940342747839,0.021875997840256733,1.892939949772656
1774257673.2464387,0.008235931396484375,-0.37837403975583433,-0.37837403975583433,0.03691999451894956,4.482795295588473
1774257673.2570312,0.010592460632324219,-0.38206724089480026,-0.38206724089480026,-0.003693201138965929,-0.348663192355482
1774257673.2669497,0.009918451309204102,-0.41443135962634076,-0.41443135962634076,-0.03236411873154049,-3.2630213853555254
1774257673.2767327,0.009783029556274414,-0.40110237982066865,-0.40110237982066865,0.013328979805672103,1.362459320908774
1774257673.286353,0.009620428085327148,-0.41100100525902433,-0.41100100525902433,-0.00989862543835568,-1.0289173569576213
1774257673.2969997,0.010646581649780273,-0.4019991491891417,-0.4019991491891417,0.00900185606988263,0.8455160882618519
1774257673.3067288,0.009729146957397461,-0.349874680584661,-0.349874680584661,0.05212446860448072,5.357557947549389
1774257673.316843,0.010114192962646484,-0.35029362157157745,-0.35029362157157745,-0.00041894098691647175,-0.041421098891794475
1774257673.3266888,0.009845733642578125,-0.3765444275683233,-0.3765444275683233,-0.02625080599674584,-2.66621126974465
1774257673.3366501,0.009961366653442383,-0.3573937381805681,-0.3573937381805681,0.019150689387755215,1.9224961849122628
1774257673.3466125,0.009962320327758789,-0.3560478212870668,-0.3560478212870668,0.0013459168935012755,0.13510074452746137
1774257673.3566053,0.009992837905883789,-0.31946712869427407,-0.31946712869427407,0.03658069259279273,3.6606910806842965
1774257673.3669133,0.010308027267456055,-0.2968023345494939,-0.2968023345494939,0.022664794144780176,2.1987518617006607
1774257673.3766937,0.009780406951904297,-0.30692034418761255,-0.30692034418761255,-0.010118009638118652,-1.0345182657403251
1774257673.386517,0.009823322296142578,-0.32171005268291863,-0.32171005268291863,-0.014789708495306086,-1.5055709310396654
1774257673.3964303,0.009913206100463867,-0.28124828588875594,-0.28124828588875594,0.04046176679416269,4.081602499141964
1774257673.4076633,0.011233091354370117,-0.28216447395993005,-0.28216447395993005,-0.0009161880711741066,-0.08156152587663887
1774257673.4168613,0.00919795036315918,-0.2727665520925946,-0.2727665520925946,0.009397921867335457,1.0217408766389118
1774257673.4264946,0.009633302688598633,-0.28275719539188554,-0.28275719539188554,-0.009990643299290947,-1.0370942990419307
1774257673.4372573,0.010762691497802734,-0.32625420305686986,-0.32625420305686986,-0.04349700766498432,-4.0414619032669
1774257673.446499,0.009241819381713867,-0.3539079197458915,-0.3539079197458915,-0.027653716689021612,-2.992237301644096
1774257673.45638,0.009880781173706055,-0.369979935821611,-0.369979935821611,-0.01607201607571951,-1.6265936663478666
1774257673.4685044,0.01212453842163086,-0.40828353205561996,-0.40828353205561996,-0.038303596234008974,-3.1591797478799855
1774257673.476533,0.008028507232666016,-0.3945769998940484,-0.3945769998940484,0.013706532161571583,1.7072329592982223
1774257673.486199,0.009665966033935547,-0.30863072523103374,-0.30863072523103374,0.08594627466301463,8.891638389921093
1774257673.4962673,0.010068416595458984,-0.29988011985987517,-0.29988011985987517,0.00875060537115857,0.8691143526088534
1774257673.5064163,0.010149002075195312,-0.39100732266087823,-0.39100732266087823,-0.09112720280100306,-8.978932325151717
1774257673.516408,0.009991645812988281,-0.43330740718358496,-0.43330740718358496,-0.04230008452270673,-4.233545235132359
1774257673.5266523,0.010244369506835938,-0.43899810763370534,-0.43899810763370534,-0.005690700450120378,-0.5554954305702314
1774257673.537548,0.010895729064941406,-0.44269614433376653,-0.44269614433376653,-0.0036980367000611913,-0.3394024096983251
1774257673.54667,0.009121894836425781,-0.3989841046188027,-0.3989841046188027,0.043712039714963846,4.791991192489068
1774257673.5564432,0.00977325439453125,-0.4194915176148418,-0.4194915176148418,-0.020507412996039143,-2.0983197784674803
1774257673.5662813,0.009838104248046875,-0.44833658322911557,-0.44833658322911557,-0.028845065614273746,-2.9319739745592
1774257673.5770893,0.010807991027832031,-0.4966705800680928,-0.4966705800680928,-0.04833399683897721,-4.472061154983444
1774257673.5864236,0.009334325790405273,-0.5035637818407349,-0.5035637818407349,-0.006893201772642132,-0.7384788068708331
1774257673.5962965,0.009872913360595703,-0.5322056727068384,-0.5322056727068384,-0.02864189086610347,-2.901057653399209
1774257673.6073432,0.011046648025512695,-0.4920249511054328,-0.4920249511054328,0.04018072160140557,3.6373677796745683
1774257673.6164558,0.00911259651184082,-0.5389998184297653,-0.5389998184297653,-0.04697486732433248,-5.15493770225575
1774257673.6263447,0.009888887405395508,-0.5185521404731236,-0.5185521404731236,0.020447677956641708,2.0677430249114965
1774257673.636319,0.009974241256713867,-0.49449273569038343,-0.49449273569038343,0.024059404782740157,2.4121538835392893
1774257673.6463716,0.010052680969238281,-0.4817350738946675,-0.4817350738946675,0.012757661795715913,1.2690805402812455
1774257673.6565237,0.010152101516723633,-0.513433310667242,-0.513433310667242,-0.03169823677257444,-3.1223325259659487
1774257673.6665506,0.010026931762695312,-0.5618418296504524,-0.5618418296504524,-0.04840851898321041,-4.827849648215603
1774257673.6765065,0.009955883026123047,-0.5804955088909931,-0.5804955088909931,-0.018653679240540733,-1.8736338295252875
1774257673.686285,0.009778499603271484,-0.543066619739161,-0.543066619739161,0.03742888915183207,3.8276720018795007
1774257673.696322,0.010036945343017578,-0.4290314035503116,-0.4290314035503116,0.11403521618884943,11.361545997476268
1774257673.7063787,0.010056734085083008,-0.4585755592712057,-0.4585755592712057,-0.029544155720894083,-2.937748524614612
1774257673.7162936,0.009914875030517578,-0.47561849710205995,-0.47561849710205995,-0.017042937830854255,-1.7189261365772934
1774257673.7266927,0.010399103164672852,-0.47816810919476366,-0.47816810919476366,-0.0025496120927037125,-0.24517615147478167
1774257673.7363608,0.009668111801147461,-0.4815210207078954,-0.4815210207078954,-0.0033529115131317178,-0.3468010695463593
1774257673.746297,0.009936094284057617,-0.45780085159156636,-0.45780085159156636,0.023720169116329015,2.3872729503370187
1774257673.7566519,0.010354995727539062,-0.419654226201897,-0.419654226201897,0.03814662538966934,3.683886154411302
1774257673.7662537,0.009601831436157227,-0.4151990624239372,-0.4151990624239372,0.004455163777959792,0.46399104249874273
1774257673.7765546,0.010300874710083008,-0.38033455980876096,-0.38033455980876096,0.03486450261517626,3.384615733754062
1774257673.7877033,0.011148691177368164,-0.3971735227783915,-0.3971735227783915,-0.016838962969630555,-1.5103981895035032
1774257673.7963285,0.008625268936157227,-0.40226699297903856,-0.40226699297903856,-0.005093470200647043,-0.5905288563577603
1774257673.8065417,0.010213136672973633,-0.3694745347395263,-0.3694745347395263,0.03279245823951227,3.21081165263252
1774257673.8168576,0.010315895080566406,-0.3954203019476534,-0.3954203019476534,-0.02594576720812708,-2.5151251544817472
1774257673.8265123,0.009654760360717773,-0.3854594300192507,-0.3854594300192507,0.00996087192840267,1.0317057654719604
1774257673.8362124,0.00970005989074707,-0.3313720816912325,-0.3313720816912325,0.0540873483280182,5.5759808637483115
1774257673.8467176,0.010505199432373047,-0.29380268896354983,-0.29380268896354983,0.03756939272768267,3.5762664925625334
1774257673.8563423,0.009624719619750977,-0.3641093018944636,-0.3641093018944636,-0.07030661293091378,-7.30479595339452
1774257673.8663847,0.010042428970336914,-0.38976889098137807,-0.38976889098137807,-0.02565958908691446,-2.5551178069277003
1774257673.8765187,0.010133981704711914,-0.4062798105078489,-0.4062798105078489,-0.016510919526470824,-1.6292628117528452
1774257673.886177,0.009658336639404297,-0.4079910323901976,-0.4079910323901976,-0.0017112218823487346,-0.17717563036343686
1774257673.8967721,0.010595083236694336,-0.323355946944646,-0.323355946944646,0.08463508544555165,7.988147290096966
1774257673.9068005,0.010028362274169922,-0.3065859337526969,-0.3065859337526969,0.016770013191949096,1.6722584140327341
1774257673.917916,0.011115550994873047,-0.3575166923006995,-0.3575166923006995,-0.05093075854800261,-4.581937375078751
1774257673.9264328,0.008516788482666016,-0.3897212321420161,-0.3897212321420161,-0.032204539841316604,-3.7813008866970943
1774257673.9364603,0.010027408599853516,-0.3969776567593064,-0.3969776567593064,-0.0072564246172903135,-0.7236590136953548
1774257673.9477184,0.011258125305175781,-0.40120579063784895,-0.40120579063784895,-0.004228133878542539,-0.37556287249696074
1774257673.956189,0.008470535278320312,-0.3710384270921994,-0.3710384270921994,0.030167363545649528,3.5614471287145912
1774257673.9662757,0.010086774826049805,-0.34522945693930784,-0.34522945693930784,0.025808970152891575,2.5586939926762415
1774257673.9795957,0.013319969177246094,-0.35101431011447454,-0.35101431011447454,-0.005784853175166693,-0.43429929140141693
1774257673.9861054,0.0065097808837890625,-0.3927818632271244,-0.3927818632271244,-0.04176755311264985,-6.4161227325886205
1774257673.9963887,0.010283231735229492,-0.43318652343204184,-0.43318652343204184,-0.04040466020491745,-3.9291791963118428
1774257674.00685,0.01046133041381836,-0.4191805626537576,-0.4191805626537576,0.014005960778284254,1.3388316996262537
1774257674.0166228,0.009772777557373047,-0.3899306392907125,-0.3899306392907125,0.029249923363045105,2.993000013693914
1774257674.0265195,0.00989675521850586,-0.3629754254904506,-0.3629754254904506,0.02695521380026189,2.7236415577762862
1774257674.0370498,0.010530233383178711,-0.37965709892222843,-0.37965709892222843,-0.016681673431777844,-1.5841693934747558
1774257674.0464988,0.009449005126953125,-0.40804272540400477,-0.40804272540400477,-0.028385626481776338,-3.0040862609764942
1774257674.0562658,0.00976705551147461,-0.4420736196070006,-0.4420736196070006,-0.03403089420299582,-3.4842531777376893
1774257674.066346,0.010080099105834961,-0.4623125410100156,-0.4623125410100156,-0.02023892140301503,-2.007809763626187
1774257674.0762453,0.009899377822875977,-0.35713639760756205,-0.35713639760756205,0.10517614340245357,10.624520579405232
1774257674.086424,0.010178804397583008,-0.35408266103314523,-0.35408266103314523,0.003053736574416821,0.30000935818571595
1774257674.096227,0.009802818298339844,-0.37369958835028416,-0.37369958835028416,-0.019616927317138932,-2.0011517831011063
1774257674.1067777,0.010550737380981445,-0.3687664943371661,-0.3687664943371661,0.004933094013118089,0.46755917003586767
1774257674.1165338,0.009756088256835938,-0.37824534096365414,-0.37824534096365414,-0.009478846626488069,-0.9715827057884998
1774257674.1262567,0.00972294807434082,-0.38564691403131696,-0.38564691403131696,-0.007401573067662814,-0.7612478243297225
1774257674.1365023,0.010245561599731445,-0.3793322236251879,-0.3793322236251879,0.006314690406129031,0.6163342384564405
1774257674.1468055,0.010303258895874023,-0.3193770171474288,-0.3193770171474288,0.05995520647775915,5.819052698148585
1774257674.1562579,0.009452342987060547,-0.33032785864610903,-0.33032785864610903,-0.010950841498680253,-1.1585319654260349
1774257674.1661844,0.009926557540893555,-0.3527762268884638,-0.3527762268884638,-0.022448368242354744,-2.2614454356282327
1774257674.1774495,0.011265039443969727,-0.36783609907187853,-0.36783609907187853,-0.015059872183414758,-1.336868127121955
1774257674.185975,0.008525609970092773,-0.37357530132741895,-0.37357530132741895,-0.005739202255540421,-0.6731720399681818
1774257674.1961215,0.010146379470825195,-0.3688324821471225,-0.3688324821471225,0.004742819180296454,0.46743956245022295
1774257674.2090101,0.012888669967651367,-0.3671105299495092,-0.3671105299495092,0.0017219521976132857,0.13360200873597725
1774257674.216087,0.00707697868347168,-0.34784138764131034,-0.34784138764131034,0.019269142308198872,2.7227921928325225
1774257674.2261324,0.010045289993286133,-0.3400040798877894,-0.3400040798877894,0.007837307753520928,0.7801972624741614
1774257674.2361288,0.009996414184570312,-0.3414813878150723,-0.3414813878150723,-0.0014773079272829004,-0.1477837852660365
1774257674.2465985,0.010469675064086914,-0.34402982134683563,-0.34402982134683563,-0.0025484335317633167,-0.24341094791995552
1774257674.2560127,0.009414196014404297,-0.3228244187774362,-0.3228244187774362,0.021205402569399456,2.252492144518118
1774257674.2660093,0.009996652603149414,-0.33770452240306986,-0.33770452240306986,-0.01488010362563369,-1.4885086254718665
1774257674.276297,0.010287761688232422,-0.3173499028775985,-0.3173499028775985,0.02035461952547135,1.9785275108728295
1774257674.2858248,0.00952768325805664,-0.27272892537886106,-0.27272892537886106,0.044620977498737446,4.683297743027488
1774257674.295837,0.010012149810791016,-0.23900000549961606,-0.23900000549961606,0.033728919879245006,3.3687989609276765
1774257674.3059566,0.01011967658996582,-0.2714882653018382,-0.2714882653018382,-0.03248825980222217,-3.2104049485569477
1774257674.316479,0.01052236557006836,-0.2796581874760285,-0.2796581874760285,-0.00816992217419027,-0.7764339795825201
1774257674.3261437,0.009664773941040039,-0.30193665424777427,-0.30193665424777427,-0.022278466771745775,-2.305120317107837
1774257674.3357887,0.00964498519897461,-0.31987568066747013,-0.31987568066747013,-0.017939026419695858,-1.8599330169633663
1774257674.3467827,0.01099395751953125,-0.2930142457781172,-0.2930142457781172,0.026861434889352942,2.44329076600782
1774257674.3561783,0.009395599365234375,-0.267670216736913,-0.267670216736913,0.025344029041204197,2.6974361140793475
1774257674.3662846,0.010106325149536133,-0.282507682608983,-0.282507682608983,-0.014837465872070021,-1.4681366028235339
1774257674.3772113,0.01092672348022461,-0.35241906262194284,-0.35241906262194284,-0.06991138001295982,-6.398201632857897
1774257674.3862262,0.00901484489440918,-0.40292721120061503,-0.40292721120061503,-0.050508148578672196,-5.602775108199178
1774257674.3960502,0.009824037551879883,-0.43359889215914904,-0.43359889215914904,-0.03067168095853401,-3.122105427280743
1774257674.4083095,0.012259244918823242,-0.3156178651504762,-0.3156178651504762,0.11798102700867286,9.623841255306104
1774257674.4159646,0.007655143737792969,-0.38451843260900886,-0.38451843260900886,-0.06890056745853268,-9.000558293683612
1774257674.4265063,0.010541677474975586,-0.3892844936897562,-0.3892844936897562,-0.004766061080747341,-0.4521160026059685
1774257674.4381845,0.011678218841552734,-0.464641193635833,-0.464641193635833,-0.0753566999460768,-6.452756278033353
1774257674.446025,0.007840394973754883,-0.5133973411227862,-0.5133973411227862,-0.04875614748695323,-6.218583075235453
1774257674.4560893,0.010064363479614258,-0.5006064136716388,-0.5006064136716388,0.012790927451147405,1.270912708692994
1774257674.4682832,0.012193918228149414,-0.421924181606544,-0.421924181606544,0.07868223206509484,6.452579933122603
1774257674.4762816,0.007998466491699219,-0.47315521648500464,-0.47315521648500464,-0.051231034878460646,-6.405107145429445
1774257674.4860117,0.009730100631713867,-0.4842657901728394,-0.4842657901728394,-0.011110573687834746,-1.1418765445879795
1774257674.4960694,0.010057687759399414,-0.5081747333923332,-0.5081747333923332,-0.023908943219493828,-2.3771808979802262
1774257674.506078,0.010008573532104492,-0.5501348336723217,-0.5501348336723217,-0.04196010027998853,-4.192415646984374
1774257674.5158856,0.009807586669921875,-0.5494988242567798,-0.5494988242567798,0.0006360094155419826,0.06484871731926779
1774257674.5258212,0.009935617446899414,-0.47545365695391173,-0.47545365695391173,0.07404516730286803,7.452497813910412
1774257674.5365994,0.010778188705444336,-0.5035594422351375,-0.5035594422351375,-0.02810578528122576,-2.607653850690962
1774257674.5480478,0.011448383331298828,-0.5097169167769878,-0.5097169167769878,-0.0061574745418503385,-0.5378466429418352
1774257674.555967,0.0079193115234375,-0.5037812678976504,-0.5037812678976504,0.005935648879337396,0.7495157706286235
1774257674.5658252,0.009858131408691406,-0.5012404697901558,-0.5012404697901558,0.002540798107494635,0.25773627903301677
1774257674.5771146,0.011289358139038086,-0.43054859402812357,-0.43054859402812357,0.07069187576203223,6.26181532124337
1774257674.5858872,0.008772611618041992,-0.3934380984385097,-0.3934380984385097,0.03711049558961388,4.230267701956784
1774257674.5960743,0.010187149047851562,-0.36765883424119666,-0.36765883424119666,0.025779264197313023,2.530567097450075
1774257674.6058226,0.009748220443725586,-0.34548431847104616,-0.34548431847104616,0.022174515770150505,2.2747244892705587
1774257674.6157336,0.009911060333251953,-0.34926066666018096,-0.34926066666018096,-0.003776348189134804,-0.38102363038443265
1774257674.6269917,0.011258125305175781,-0.34465936521043933,-0.34465936521043933,0.004601301449741635,0.4087093832244206
1774257674.6358008,0.008809089660644531,-0.3212805519069336,-0.3212805519069336,0.02337881330350572,2.6539420308040285
1774257674.6462035,0.010402679443359375,-0.29577820590215265,-0.29577820590215265,0.025502346004780962,2.4515170484331867
1774257674.655889,0.009685516357421875,-0.3157477771695986,-0.3157477771695986,-0.019969571267445974,-2.0617972785873797
1774257674.6659873,0.01009821891784668,-0.3044070426724916,-0.3044070426724916,0.011340734497107041,1.1230430424779614
1774257674.676014,0.010026693344116211,-0.2674677935217053,-0.2674677935217053,0.03693924915078628,3.684090844611568
1774257674.6858988,0.009884834289550781,-0.32367414234139935,-0.32367414234139935,-0.05620634881969405,-5.686119480941583
1774257674.695723,0.009824275970458984,-0.30756352541717297,-0.30756352541717297,0.016110616924226384,1.6398782946112318
1774257674.7057052,0.009982109069824219,-0.291708313369079,-0.291708313369079,0.01585521204809398,1.5883629338437177
1774257674.715745,0.010039806365966797,-0.29377271931452603,-0.29377271931452603,-0.0020644059454470454,-0.20562208773717228
1774257674.725803,0.010057926177978516,-0.2580609503717928,-0.2580609503717928,0.03571176894273326,3.5506095700844327
1774257674.7358127,0.010009765625,-0.2453023442094055,-0.2453023442094055,0.012758606162387276,1.2746158741741045
1774257674.7476637,0.011851072311401367,-0.27961282559723455,-0.27961282559723455,-0.03431048138782905,-2.895137291063571
1774257674.7557943,0.008130550384521484,-0.2678437877961074,-0.2678437877961074,0.011769037801127147,1.4475081322332648
1774257674.7660768,0.010282516479492188,-0.3082735640351069,-0.3082735640351069,-0.040429776238999515,-3.931895107548243
1774257674.776272,0.010195255279541016,-0.30345239737615975,-0.30345239737615975,0.0048211666589471625,0.4728833684647285
1774257674.7859302,0.009658098220825195,-0.2810844700840033,-0.2810844700840033,0.022367927292156475,2.3159763734775254
1774257674.795822,0.009891748428344727,-0.25155728910551317,-0.25155728910551317,0.02952718097849011,2.9850315333414876
1774257674.8100438,0.014221906661987305,-0.37489059269610253,-0.37489059269610253,-0.12333330359058936,-8.672065323015932
1774257674.815701,0.005657196044921875,-0.37473647974627405,-0.37473647974627405,0.00015411294982847767,0.0272419319756146
1774257674.8265195,0.0108184814453125,-0.39962971298363764,-0.39962971298363764,-0.024893233237363588,-2.300991443503329
1774257674.8364494,0.009929895401000977,-0.43123911615632377,-0.43123911615632377,-0.031609403172686124,-3.1832564086727198
1774257674.845767,0.009317636489868164,-0.423036919363591,-0.423036919363591,0.008202196792732763,0.8802872704522965
1774257674.8562992,0.010532140731811523,-0.37022527772370095,-0.37022527772370095,0.05281164163989005,5.014331177742103
1774257674.8663378,0.010038614273071289,-0.39763871321680055,-0.39763871321680055,-0.027413435493099603,-2.730798768375481
1774257674.8761535,0.009815692901611328,-0.41875400285465125,-0.41875400285465125,-0.021115289637850698,-2.1511766769297
1774257674.8860335,0.00988006591796875,-0.4639970233732626,-0.4639970233732626,-0.04524302051861134,-4.579222537000329
1774257674.8963778,0.010344266891479492,-0.4980620217622979,-0.4980620217622979,-0.03406499838903532,-3.2931283334437595
1774257674.905985,0.009607315063476562,-0.5004346463041395,-0.5004346463041395,-0.0023726245418415615,-0.24696020960751014
1774257674.916084,0.010098934173583984,-0.46956666246371326,-0.46956666246371326,0.030867983840426216,3.0565585743858312
1774257674.926127,0.010042905807495117,-0.49957509747830053,-0.49957509747830053,-0.030008435014587276,-2.9880231468656904
1774257674.9358363,0.009709358215332031,-0.5120482369024663,-0.5120482369024663,-0.012473139424165725,-1.2846512763809055
1774257674.9461443,0.010308027267456055,-0.47007791477927807,-0.47007791477927807,0.041970322123188186,4.071615357062027
1774257674.9571612,0.011016845703125,-0.4887079621744495,-0.4887079621744495,-0.018630047395171434,-1.6910509502630957
1774257674.9659884,0.00882720947265625,-0.4985780883469214,-0.4985780883469214,-0.009870126172471905,-1.1181479495922537
1774257674.9759114,0.009922981262207031,-0.5479174511959611,-0.5479174511959611,-0.049339362849039725,-4.972231786525198
1774257674.9860568,0.010145425796508789,-0.5441119299051567,-0.5441119299051567,0.00380552129080447,0.3750972474821129
1774257674.9963636,0.010306835174560547,-0.4510626182541532,-0.4510626182541532,0.09304931165100344,9.0279227401122
1774257675.0071418,0.010778188705444336,-0.41439669184726674,-0.41439669184726674,0.036665926406886484,3.401863467872445
1774257675.0157511,0.008609294891357422,-0.4621700660692953,-0.4621700660692953,-0.04777337422202854,-5.549046097838582
1774257675.0264595,0.010708332061767578,-0.4834654957866076,-0.4834654957866076,-0.021295429717312298,-1.988678497685395
1774257675.036261,0.009801626205444336,-0.4754343291876328,-0.4754343291876328,0.008031166598974793,0.819370829966344
1774257675.0458958,0.009634733200073242,-0.4469359013470139,-0.4469359013470139,0.0284984278406189,2.957884484066695
1774257675.0567927,0.010896921157836914,-0.38599413861334475,-0.38599413861334475,0.060941762733669136,5.592567097710959
1774257675.0665267,0.009733915328979492,-0.3669048937740525,-0.3669048937740525,0.019089244839292252,1.9611065223117754
1774257675.0757716,0.009244918823242188,-0.42923058736323316,-0.42923058736323316,-0.062325693589180664,-6.741616100780762
1774257675.0855865,0.009814977645874023,-0.4436942043548303,-0.4436942043548303,-0.01446361699159715,-1.4736270945739036
1774257675.0955722,0.009985685348510742,-0.43509312097357455,-0.43509312097357455,0.008601083381255759,0.8613413182039146
1774257675.1057913,0.010219097137451172,-0.42847640191210296,-0.42847640191210296,0.006616719061471599,0.6474856802390596
1774257675.115801,0.010009765625,-0.39050623336325074,-0.39050623336325074,0.03797016854885221,3.793312448197528
1774257675.125855,0.010053873062133789,-0.36125311570466584,-0.36125311570466584,0.029253117658584904,2.9096366621896013
1774257675.1356978,0.009842872619628906,-0.4428948920607027,-0.4428948920607027,-0.08164177635603687,-8.294507052059656
1774257675.147294,0.011596202850341797,-0.44363534323164133,-0.44363534323164133,-0.0007404511709386274,-0.06385289913385767
1774257675.155814,0.008519887924194336,-0.4276904970966797,-0.4276904970966797,0.01594484613496161,1.8714854323003784
1774257675.1656184,0.009804487228393555,-0.38171085507439245,-0.38171085507439245,0.04597964202228727,4.689652905980779
1774257675.1784048,0.012786388397216797,-0.29090127206471916,-0.29090127206471916,0.09080958300967329,7.10205103963835
1774257675.1858895,0.0074846744537353516,-0.26784364729557514,-0.26784364729557514,0.023057624769144025,3.0806449781709255
1774257675.1956708,0.009781360626220703,-0.35377605612724194,-0.35377605612724194,-0.0859324088316668,-8.785322626926716
1774257675.2079906,0.012319803237915039,-0.36042339444742144,-0.36042339444742144,-0.006647338320179497,-0.5395652992023328
1774257675.2156851,0.0076944828033447266,-0.3582962817292196,-0.3582962817292196,0.002127112718201818,0.2764464841323942
1774257675.2256372,0.009952068328857422,-0.35464017467925135,-0.35464017467925135,0.0036561070499682713,0.36737157836495904
1774257675.2356458,0.010008573532104492,-0.2971746049421169,-0.2971746049421169,0.05746556973713446,5.7416343650573385
1774257675.2455206,0.009874820709228516,-0.2698809700630275,-0.2698809700630275,0.027293634879089368,2.7639625753996824
1774257675.255665,0.010144472122192383,-0.3191612440473723,-0.3191612440473723,-0.04928027398434476,-4.8578450796407235
1774257675.265765,0.01009988784790039,-0.3573120822900422,-0.3573120822900422,-0.038150838242669904,-3.777352661455629
1774257675.2756214,0.009856462478637695,-0.39390356896872825,-0.39390356896872825,-0.03659148667868606,-3.7124360548211133
1774257675.287388,0.011766672134399414,-0.4215368368299631,-0.4215368368299631,-0.027633267861234878,-2.3484352708740888
1774257675.2956207,0.008232593536376953,-0.3654569834158047,-0.3654569834158047,0.05607985341415844,6.811930306817794
1774257675.3054838,0.009863138198852539,-0.27711137558420035,-0.27711137558420035,0.08834560783160433,8.95714995070051
1774257675.317341,0.011857271194458008,-0.33342446621207167,-0.33342446621207167,-0.05631309062787132,-4.749245395870814
1774257675.325717,0.008375883102416992,-0.37224638486613587,-0.37224638486613587,-0.0388219186540642,-4.6349642395154165
1774257675.3354473,0.009730339050292969,-0.388809545007462,-0.388809545007462,-0.01656316014132614,-1.7022181915467214
1774257675.3477068,0.012259483337402344,-0.409391663838478,-0.409391663838478,-0.020582118831016016,-1.6788732660716803
1774257675.355472,0.007765293121337891,-0.3536334518299678,-0.3536334518299678,0.05575821200851022,7.180438798285
1774257675.3653867,0.009914636611938477,-0.28192154755429344,-0.28192154755429344,0.07171190427567437,7.232933195889818
1774257675.3757453,0.010358572006225586,-0.30209177153255407,-0.30209177153255407,-0.020170223978260626,-1.9472012132693732
1774257675.3856714,0.009926080703735352,-0.3152458454760258,-0.3152458454760258,-0.013154073943471734,-1.3252032031657404
1774257675.3963203,0.010648965835571289,-0.32681365960610675,-0.32681365960610675,-0.011567814130080956,-1.086285213859959
1774257675.4054215,0.009101152420043945,-0.35850189222311574,-0.35850189222311574,-0.03168823261700898,-3.4817824330927944
1774257675.415485,0.010063409805297852,-0.3514477470027767,-0.3514477470027767,0.0070541452203390365,0.7009696868973182
1774257675.4254708,0.009985923767089844,-0.3378636897691861,-0.3378636897691861,0.013584057233590574,1.360320542237558
1774257675.4355385,0.01006770133972168,-0.3420829663342124,-0.3420829663342124,-0.0042192765650262976,-0.41909035862827243
1774257675.4455254,0.00998687744140625,-0.316499687831345,-0.316499687831345,0.0255832785028674,2.5616894422672543
1774257675.455407,0.00988149642944336,-0.32897556981970016,-0.32897556981970016,-0.012475881988355142,-1.2625498655427767
1774257675.4653447,0.009937763214111328,-0.3038018002896749,-0.3038018002896749,0.02517376953002526,2.533142417227174
1774257675.4753668,0.010022163391113281,-0.3040365308896737,-0.3040365308896737,-0.0002347305999987892,-0.023421150787356588
1774257675.4857297,0.010362863540649414,-0.3527131563035254,-0.3527131563035254,-0.048676625413851704,-4.697217639015757
1774257675.4953294,0.009599685668945312,-0.3299761949772419,-0.3299761949772419,0.0227369613262835,2.3685110232136943
1774257675.505905,0.010575532913208008,-0.3140085578136062,-0.3140085578136062,0.015967637163635695,1.509865960862679
1774257675.5164826,0.010577678680419922,-0.2810373798766125,-0.2810373798766125,0.03297117793699372,3.1170523262373107
1774257675.5262601,0.009777545928955078,-0.30727940683389204,-0.30727940683389204,-0.026242026957279563,-2.6839073063893073
1774257675.535525,0.009264945983886719,-0.3011313845505221,-0.3011313845505221,0.006148022283369969,0.6635788588581523
1774257675.547152,0.011626958847045898,-0.3667324277733366,-0.3667324277733366,-0.06560104322281451,-5.6421497732816
1774257675.555438,0.008285999298095703,-0.4172607594231434,-0.4172607594231434,-0.0505283316498068,-6.098037162689511
1774257675.5657043,0.010266304016113281,-0.3409733874010106,-0.3409733874010106,0.07628737202213282,7.430850664698554
1774257675.5780613,0.012356996536254883,-0.28992981824087005,-0.28992981824087005,0.05104356916014052,4.1307423701528885
1774257675.585524,0.007462739944458008,-0.3168157410553822,-0.3168157410553822,-0.02688592281451213,-3.602687888712804
1774257675.5953517,0.009827613830566406,-0.4090763358365553,-0.4090763358365553,-0.0922605947811731,-9.387893782946469
1774257675.6056144,0.010262727737426758,-0.43202000934864815,-0.43202000934864815,-0.022943673512092866,-2.235631120605533
1774257675.615383,0.009768486022949219,-0.4963384303192919,-0.4963384303192919,-0.06431842097064377,-6.584277319897859
1774257675.625484,0.010101079940795898,-0.49728542872037357,-0.49728542872037357,-0.0009469984010816446,-0.09375219349140478
1774257675.6354156,0.009931564331054688,-0.47399717785296536,-0.47399717785296536,0.02328825086740821,2.344872377716865
1774257675.645381,0.00996541976928711,-0.5050058963497345,-0.5050058963497345,-0.031008718496769117,-3.111631944731152
1774257675.6563618,0.010980844497680664,-0.5073727039207822,-0.5073727039207822,-0.00236680757104768,-0.2155396674224454
1774257675.66533,0.008968114852905273,-0.5181103062976865,-0.5181103062976865,-0.010737602376904354,-1.1973087491654775
1774257675.675396,0.010066032409667969,-0.5397328293605705,-0.5397328293605705,-0.021622523062884036,-2.1480680950437416
1774257675.6869771,0.011581182479858398,-0.5437169388443518,-0.5437169388443518,-0.003984109483781251,-0.3440157765159369
1774257675.69533,0.00835275650024414,-0.5186825783840784,-0.5186825783840784,0.025034360460273408,2.9971375868004393
1774257675.7055511,0.010221242904663086,-0.5272352123062197,-0.5272352123062197,-0.00855263392214134,-0.8367508728551494
1774257675.7184126,0.012861490249633789,-0.5277727736413685,-0.5277727736413685,-0.0005375613351488173,-0.041796193498193066
1774257675.7253532,0.006940603256225586,-0.49518974859364157,-0.49518974859364157,0.03258302504772698,4.694552309772301
1774257675.735267,0.00991368293762207,-0.4749417685855575,-0.4749417685855575,0.020247980008084088,2.0424276361758285
1774257675.7478666,0.012599706649780273,-0.5659989398682943,-0.5659989398682943,-0.09105717128273683,-7.2269278812395825
1774257675.7551644,0.0072977542877197266,-0.5188539176925604,-0.5188539176925604,0.04714502217573391,6.4602095818801475
1774257675.7653403,0.010175943374633789,-0.45300795739224653,-0.45300795739224653,0.06584596030031387,6.470747514618862
1774257675.775602,0.010261774063110352,-0.4121094235872596,-0.4121094235872596,0.040898533804986925,3.9855227325664337
1774257675.7853189,0.00971674919128418,-0.39707740737051767,-0.39707740737051767,0.015032016216741939,1.5470211200084796
1774257675.79536,0.010041236877441406,-0.3799119926188082,-0.3799119926188082,0.017165414751709462,1.7094920636991644
1774257675.8052018,0.009841680526733398,-0.4088110961305159,-0.4088110961305159,-0.028899103511707713,-2.9363992697393275
1774257675.8154235,0.010221719741821289,-0.39447725798090805,-0.39447725798090805,0.01433383814960787,1.4022922278882486
1774257675.825773,0.010349512100219727,-0.32625707971920864,-0.32625707971920864,0.0682201782616994,6.591632301222301
1774257675.8353543,0.009581327438354492,-0.27789938185745383,-0.27789938185745383,0.04835769786175481,5.047077054080913
1774257675.8452783,0.009923934936523438,-0.21650153987850235,-0.21650153987850235,0.061397841978951484,6.186844469625315
1774257675.8550336,0.009755373001098633,-0.2201829975630961,-0.2201829975630961,-0.003681457684593742,-0.37737743950735075
1774257675.8654792,0.010445594787597656,-0.22381664551481872,-0.22381664551481872,-0.003633647951722635,-0.3478641499703747
1774257675.875494,0.010014772415161133,-0.20791539551300944,-0.20791539551300944,0.01590125000180928,1.5877794664346785
1774257675.8856187,0.010124683380126953,-0.16215815682411386,-0.16215815682411386,0.045757238688895585,4.519374776569244
1774257675.8957531,0.010134458541870117,-0.1268802683474549,-0.1268802683474549,0.03527788847665897,3.4809840437858384
1774257675.9051108,0.009357690811157227,-0.07548509398260886,-0.07548509398260886,0.05139517436484603,5.4922924257731705
1774257675.915415,0.01030421257019043,-0.058754782276999595,-0.058754782276999595,0.016730311705609263,1.6236380598367328
1774257675.9262252,0.010810136795043945,-0.08219028117971035,-0.08219028117971035,-0.023435498902710752,-2.167918810560758
1774257675.935811,0.009585857391357422,-0.07605085285987911,-0.07605085285987911,0.006139428319831233,0.6404673123310307
1774257675.945304,0.009492874145507812,-0.06339301996197645,-0.06339301996197645,0.012657832897902663,1.333403635598873
1774257675.9554045,0.010100603103637695,-0.07509976607832101,-0.07509976607832101,-0.011706746116344563,-1.1590145653904984
1774257675.9652715,0.009866952896118164,-0.10738132083133413,-0.10738132083133413,-0.032281554753013114,-3.271684287224403
1774257675.9750488,0.009777307510375977,-0.12121968965042393,-0.12121968965042393,-0.0138383688190898,-1.4153557924207765
1774257675.9855218,0.010473012924194336,-0.1329097253194856,-0.1329097253194856,-0.011690035669061682,-1.1162055994465383
1774257675.9989927,0.013470888137817383,-0.1563963339510326,-0.1563963339510326,-0.023486608631547,-1.743508549047488
1774257676.0060046,0.007011890411376953,-0.15697808067396624,-0.15697808067396624,-0.0005817467229336237,-0.08296574658236619
1774257676.0157664,0.009761810302734375,-0.19329027578444827,-0.19329027578444827,-0.03631219511048203,-3.7198218347175467
1774257676.0295312,0.01376485824584961,-0.20771761635064406,-0.20771761635064406,-0.014427340566195795,-1.048128524719529
1774257676.0351026,0.0055713653564453125,-0.23452102939160874,-0.23452102939160874,-0.026803413040964674,-4.810923593434196
1774257676.0451844,0.010081768035888672,-0.24403323797691975,-0.24403323797691975,-0.009512208585311016,-0.9435059953224314
1774257676.0556133,0.010428905487060547,-0.2604017153318514,-0.2604017153318514,-0.01636847735493166,-1.569529743580524
1774257676.06506,0.00944662094116211,-0.2737356391872209,-0.2737356391872209,-0.013333923855369467,-1.4115019474602892
1774257676.0756066,0.010546684265136719,-0.2791447245413605,-0.2791447245413605,-0.005409085354139642,-0.5128707011757238
1774257676.08597,0.010363340377807617,-0.26621650579191763,-0.26621650579191763,0.012928218749442888,1.247495332405349
1774257676.0962574,0.01028752326965332,-0.194506144042256,-0.194506144042256,0.07171036174966164,6.970614779671668
1774257676.1053398,0.009082317352294922,-0.2459274198683624,-0.2459274198683624,-0.051421275826106394,-5.661691155629269
1774257676.115797,0.010457277297973633,-0.2920935496633593,-0.2920935496633593,-0.04616612979499693,-4.414737075389864
1774257676.125196,0.009398937225341797,-0.3209619468319032,-0.3209619468319032,-0.02886839716854389,-3.0714533437576055
1774257676.1359572,0.010761260986328125,-0.3389741383964117,-0.3389741383964117,-0.018012191564508506,-1.6737993426042246
1774257676.1461453,0.010188102722167969,-0.3600897996627108,-0.3600897996627108,-0.0211156612662991,-2.072580326497318
1774257676.155581,0.009435653686523438,-0.2834578718313459,-0.2834578718313459,0.07663192783136491,8.121528235061785
1774257676.1655858,0.010004758834838867,-0.2658685479383221,-0.2658685479383221,0.01758932389302381,1.7580957405763493
1774257676.1755066,0.009920835494995117,-0.3073510925795969,-0.3073510925795969,-0.04148254464127482,-4.181355961622589
1774257676.1862245,0.01071786880493164,-0.3587599978991868,-0.3587599978991868,-0.05140890531958986,-4.796560422155471
1774257676.1954834,0.00925898551940918,-0.4543793668496796,-0.4543793668496796,-0.09561936895049283,-10.327197158916645
1774257676.2051327,0.009649276733398438,-0.43523341714766445,-0.43523341714766445,0.019145949702015164,1.9841849530282913
1774257676.2151887,0.010056018829345703,-0.44915370040228064,-0.44915370040228064,-0.013920283254616195,-1.384273785764373
1774257676.2259808,0.010792016983032227,-0.4499749661569106,-0.4499749661569106,-0.0008212657546299851,-0.0760993756701108
1774257676.235287,0.009306192398071289,-0.48867272229193254,-0.48867272229193254,-0.03869775613502191,-4.1582802589641314
1774257676.245235,0.009948015213012695,-0.463255687311008,-0.463255687311008,0.025417034980924513,2.5549855359767912
1774257676.256699,0.011464118957519531,-0.5241954179291012,-0.5241954179291012,-0.06093973061809316,-5.315692452591104
1774257676.2648544,0.008155345916748047,-0.5442810178590554,-0.5442810178590554,-0.02008559992995418,-2.462875288797478
1774257676.2751482,0.010293722152709961,-0.5026286321793624,-0.5026286321793624,0.04165238567969298,4.046387211716943
1774257676.2875266,0.012378454208374023,-0.481351532680368,-0.481351532680368,0.021277099498994367,1.7188817877276155
1774257676.295588,0.008061408996582031,-0.4681609799860106,-0.4681609799860106,0.013190552694357427,1.6362589591906462
1774257676.305059,0.009470939636230469,-0.44905384386405967,-0.44905384386405967,0.01910713612195092,2.0174488335727325
1774257676.314859,0.009799957275390625,-0.41107305840657665,-0.41107305840657665,0.03798078545748301,3.875607249111104
1774257676.325216,0.010357141494750977,-0.45025387344022344,-0.45025387344022344,-0.03918081503364679,-3.782975742245456
1774257676.335057,0.009840965270996094,-0.4276346852163345,-0.4276346852163345,0.02261918822388892,2.298472517787823
1774257676.345931,0.010874032974243164,-0.3898812533714218,-0.3898812533714218,0.0377534318449127,3.4718886667290385
1774257676.355119,0.009187936782836914,-0.34230268074972015,-0.34230268074972015,0.047578572621701676,5.178373964280921
1774257676.3650706,0.009951591491699219,-0.3366759702148453,-0.3366759702148453,0.005626710534874846,0.5654081098051679
1774257676.3751912,0.010120630264282227,-0.3354796252714908,-0.3354796252714908,0.0011963449433545215,0.11820854157439852
1774257676.38491,0.009718894958496094,-0.36979804589692067,-0.36979804589692067,-0.03431842062542989,-3.5311031523629453
1774257676.396074,0.011163949966430664,-0.3572400938979848,-0.3572400938979848,0.01255795199893589,1.1248663812267976
1774257676.405677,0.009603023529052734,-0.36521234081848947,-0.36521234081848947,-0.007972246920504689,-0.8301809212885569
1774257676.4149644,0.009287357330322266,-0.3314134993722687,-0.3314134993722687,0.03379884144622075,3.6392312952007364
1774257676.426549,0.01158452033996582,-0.23721921613735678,-0.23721921613735678,0.09419428323491194,8.131047334773799
1774257676.4350257,0.008476734161376953,-0.2603043285675049,-0.2603043285675049,-0.02308511243014813,-2.7233498173544475
1774257676.4451556,0.010129928588867188,-0.29294101673985323,-0.29294101673985323,-0.03263668817234833,-3.2218083164195366
1774257676.458187,0.013031482696533203,-0.2996082292266143,-0.2996082292266143,-0.006667212486761054,-0.5116234769305835
1774257676.4651363,0.006949186325073242,-0.32356184216311484,-0.32356184216311484,-0.023953612936500557,-3.4469665678806063
1774257676.475017,0.009880781173706055,-0.28275570903031033,-0.28275570903031033,0.04080613313280451,4.129848886988261
1774257676.4851356,0.010118484497070312,-0.18325618009480987,-0.18325618009480987,0.09949952893550046,9.833441852315865
1774257676.4950812,0.00994563102722168,-0.21758291186812267,-0.21758291186812267,-0.0343267317733128,-3.451438292789955
1774257676.5057306,0.010649442672729492,-0.23648735506990934,-0.23648735506990934,-0.018904443201786664,-1.7751579855156292
1774257676.5151556,0.009424924850463867,-0.2741406807037701,-0.2741406807037701,-0.037653325633860785,-3.995079667081653
1774257676.525382,0.01022648811340332,-0.2926272133861768,-0.2926272133861768,-0.018486532682406687,-1.8077107680961717
1774257676.5350528,0.009670734405517578,-0.31585689650501875,-0.31585689650501875,-0.023229683118841937,-2.4020598792981414
1774257676.5455418,0.01048898696899414,-0.2472182709913121,-0.2472182709913121,0.06863862551370664,6.543875563636901
1774257676.5549839,0.00944209098815918,-0.20497400602837523,-0.20497400602837523,0.04224426496293687,4.474037055554023
1774257676.5655444,0.01056051254272461,-0.2658283694151496,-0.2658283694151496,-0.06085436338677436,-5.762444118178562
1774257676.5749276,0.009383201599121094,-0.26705910602698724,-0.26705910602698724,-0.0012307366118376462,-0.13116382493081327
1774257676.5854146,0.010487079620361328,-0.2611664279812319,-0.2611664279812319,0.0058926780457553285,0.5618988564093975
1774257676.5973723,0.011957645416259766,-0.25039608898607035,-0.25039608898607035,0.010770338995161555,0.9007073399681399
1774257676.6048331,0.007460832595825195,-0.20130157478014146,-0.20130157478014146,0.04909451420592889,6.580299661649071
1774257676.6155005,0.01066732406616211,-0.1393002287498548,-0.1393002287498548,0.062001346030286675,5.812267973273781
1774257676.6252775,0.009777069091796875,-0.18084078016817925,-0.18084078016817925,-0.04154055141832447,-4.24877343386861
1774257676.6349742,0.009696722030639648,-0.21627430513750295,-0.21627430513750295,-0.0354335249693237,-3.6541755922631425
1774257676.6451786,0.010204315185546875,-0.2263056187718283,-0.2263056187718283,-0.010031313634325356,-0.9830462360211537
1774257676.6577156,0.012537002563476562,-0.2335526065473198,-0.2335526065473198,-0.007246987775491487,-0.5780478817643208
1774257676.665349,0.0076334476470947266,-0.21979480974264914,-0.21979480974264914,0.013757796804670652,1.8023044685328837
1774257676.6751077,0.009758710861206055,-0.14634560628883825,-0.14634560628883825,0.0734492034538109,7.526527273781067
1774257676.6851487,0.010040998458862305,-0.16328717026745193,-0.16328717026745193,-0.016941563978613683,-1.6872389780780075
1774257676.695136,0.009987354278564453,-0.19034047663716064,-0.19034047663716064,-0.027053306369708707,-2.7087560544209768
1774257676.7050905,0.009954452514648438,-0.22305461013600808,-0.22305461013600808,-0.03271413349884744,-3.286381993455399
1774257676.7150795,0.009989023208618164,-0.19926124746493365,-0.19926124746493365,0.02379336267107443,2.3819508849019777
1774257676.7249937,0.009914159774780273,-0.2123088382869083,-0.2123088382869083,-0.013047590821974653,-1.3160561377238673
1774257676.7353473,0.010353565216064453,-0.18357108103129746,-0.18357108103129746,0.02873775725561084,2.7756387926181914
1774257676.7449384,0.009591102600097656,-0.17593508585082854,-0.17593508585082854,0.007635995180468924,0.7961540501496851
1774257676.755048,0.010109663009643555,-0.1886560117884924,-0.1886560117884924,-0.012720925937663857,-1.258293765630905
1774257676.7648156,0.009767532348632812,-0.24330658598279986,-0.24330658598279986,-0.054650574194307466,-5.595125999450317
1774257676.7754505,0.010634899139404297,-0.2877194513873801,-0.2877194513873801,-0.044412865404580226,-4.176143546112462
1774257676.7847595,0.009309053421020508,-0.30335079790681585,-0.30335079790681585,-0.015631346519435763,-1.679155313916135
1774257676.7954338,0.010674238204956055,-0.29919433310369137,-0.29919433310369137,0.004156464803124482,0.3893921723795365
1774257676.8055902,0.010156393051147461,-0.3001249792396034,-0.3001249792396034,-0.0009306461359120388,-0.09163155967136337
1774257676.8148642,0.009274005889892578,-0.2933306569378914,-0.2933306569378914,0.006794322301712008,0.7326200115008453
1774257676.8262644,0.011400222778320312,-0.31777061559930475,-0.31777061559930475,-0.024439958661413352,-2.1438141286055017
1774257676.835022,0.008757591247558594,-0.39556569074458003,-0.39556569074458003,-0.07779507514527528,-8.883158958459346
1774257676.8450053,0.009983301162719727,-0.3970501442506091,-0.3970501442506091,-0.0014844535060290487,-0.1486936517123603
1774257676.856648,0.011642694473266602,-0.4186976784260486,-0.4186976784260486,-0.02164753417543952,-1.8593233916036835
1774257676.8649707,0.008322715759277344,-0.4311049498535985,-0.4311049498535985,-0.012407271427549882,-1.4907719771301187
1774257676.8748975,0.009926795959472656,-0.4402089265538288,-0.4402089265538288,-0.009103976700230332,-0.9171112952657047
1774257676.8849685,0.010071039199829102,-0.4356814015265279,-0.4356814015265279,0.004527525027300916,0.4495588724724401
1774257676.8949401,0.00997161865234375,-0.4758545774736088,-0.4758545774736088,-0.04017317594708092,-4.028751735069465
1774257676.9049852,0.010045051574707031,-0.48925661808176946,-0.48925661808176946,-0.013402040608160637,-1.3341933098587913
1774257676.914992,0.010006904602050781,-0.5065621359074215,-0.5065621359074215,-0.01730551782565204,-1.7293577298723828
1774257676.925042,0.010049819946289062,-0.48168974928973246,-0.48168974928973246,0.024872386617689035,2.4749086800180202
1774257676.9372144,0.012172460556030273,-0.488752801563339,-0.488752801563339,-0.00706305227360654,-0.5802485242071689
1774257676.9448164,0.00760197639465332,-0.499452952855564,-0.499452952855564,-0.010700151292225013,-1.407548607984461
1774257676.9553964,0.010580062866210938,-0.43705376482039066,-0.43705376482039066,0.06239918803517336,5.897808814960333
1774257676.969247,0.013850688934326172,-0.41101040353613705,-0.41101040353613705,0.026043361284253608,1.8802935657381148
1774257676.9749465,0.0056993961334228516,-0.459628271956903,-0.459628271956903,-0.04861786842076593,-8.530354318707058
1774257676.9854352,0.010488748550415039,-0.48422164312984944,-0.48422164312984944,-0.024593371172946465,-2.3447383693809027
1774257676.9983208,0.012885570526123047,-0.4381996635101509,-0.4381996635101509,0.04602197961969856,3.5715903712914954
1774257677.0050623,0.006741523742675781,-0.4250988455452202,-0.4250988455452202,0.013100817964930678,1.943302206591477
1774257677.0149455,0.00988316535949707,-0.3834234891867091,-0.3834234891867091,0.041675356358511106,4.2168024962229165
1774257677.0258222,0.010876655578613281,-0.34638836864543326,-0.34638836864543326,0.037035120541275834,3.405009956746063
1774257677.0355108,0.009688615798950195,-0.36470781798093044,-0.36470781798093044,-0.018319449335497173,-1.8908221479359484
1774257677.045093,0.009582281112670898,-0.37235350657176025,-0.37235350657176025,-0.007645688590829813,-0.7978985902135266
1774257677.0551913,0.01009821891784668,-0.3481588320511793,-0.3481588320511793,0.02419467452058094,2.3959348393429516
1774257677.0647898,0.009598493576049805,-0.2610668358742134,-0.2610668358742134,0.08709199617696589,9.073506742170267
1774257677.0752563,0.010466575622558594,-0.12952080831996848,-0.12952080831996848,0.13154602755424494,12.56820112881275
1774257677.086856,0.011599540710449219,-0.18519934347336225,-0.18519934347336225,-0.05567853515339377,-4.800063773493795
1774257677.094828,0.007972002029418945,-0.18759053047444665,-0.18759053047444665,-0.0023911870010843994,-0.299948117456599
1774257677.1050467,0.01021885871887207,-0.16019155784148276,-0.16019155784148276,0.027398972632963897,2.6812165024225054
1774257677.115473,0.01042628288269043,-0.1210958257216752,-0.1210958257216752,0.03909573211980756,3.7497286961889125
1774257677.1250248,0.009551763534545898,-0.0731820993059197,-0.0731820993059197,0.04791372641575549,5.016217815952597
1774257677.1352289,0.010204076766967773,-0.063606443864864,-0.063606443864864,0.009575655441055708,0.938414680694449
1774257677.145418,0.010189056396484375,-0.08282369295007538,-0.08282369295007538,-0.019217249085211385,-1.886067594231993
1774257677.1550107,0.009592771530151367,-0.09439328364470444,-0.09439328364470444,-0.011569590694629053,-1.2060738294729816
1774257677.1647944,0.009783744812011719,-0.15080171349088745,-0.15080171349088745,-0.05640842984618301,-5.765525463923501
1774257677.174998,0.01020359992980957,-0.19005906084551102,-0.19005906084551102,-0.03925734735462358,-3.8474016645766547
1774257677.1866062,0.011608123779296875,-0.1975305019488651,-0.1975305019488651,-0.007471441103354071,-0.6436389932953169
1774257677.1953456,0.008739471435546875,-0.17255898851012816,-0.17255898851012816,0.024971513438736936,2.857325368347558
1774257677.2052095,0.009863853454589844,-0.25409342043474964,-0.25409342043474964,-0.08153443192462148,-8.265981677442898
1774257677.2147763,0.009566783905029297,-0.24394231413439516,-0.24394231413439516,0.010151106300354484,1.0610782475203613
1774257677.224753,0.009976625442504883,-0.25149161081430504,-0.25149161081430504,-0.007549296679909889,-0.7566984170565842
1774257677.234613,0.009860038757324219,-0.2642591366640202,-0.2642591366640202,-0.012767525849715133,-1.2948758279708767
1774257677.2446668,0.010053873062133789,-0.3390384492652907,-0.3390384492652907,-0.07477931260127052,-7.437861224139993
1774257677.2545733,0.009906530380249023,-0.35913795526960096,-0.35913795526960096,-0.020099506004310264,-2.028914789822208
1774257677.2646377,0.010064363479614258,-0.31486842607170085,-0.31486842607170085,0.044269529197900115,4.398641731051317
1774257677.2747614,0.010123729705810547,-0.3351003692656037,-0.3351003692656037,-0.020231943193902868,-1.998467341763449
1774257677.2848902,0.01012873649597168,-0.3662849453181498,-0.3662849453181498,-0.031184576052546098,-3.07882193054865
1774257677.2965467,0.011656522750854492,-0.40298612985968113,-0.40298612985968113,-0.03670118454153132,-3.148553417342312
1774257677.3057272,0.009180545806884766,-0.4495772896965532,-0.4495772896965532,-0.046591159836872065,-5.074988003647012
1774257677.3148313,0.009104013442993164,-0.46457104431705487,-0.46457104431705487,-0.014993754620501676,-1.6469389807460695
1774257677.3266344,0.011803150177001953,-0.45414816275356007,-0.45414816275356007,0.010422881563494801,0.8830593025752939
1774257677.3349688,0.00833439826965332,-0.46733977529726045,-0.46733977529726045,-0.013191612543700382,-1.582791236619066
1774257677.3450902,0.010121345520019531,-0.4753936306123374,-0.4753936306123374,-0.008053855315076963,-0.7957297079866336
1774257677.3553472,0.01025700569152832,-0.48455602279854754,-0.48455602279854754,-0.009162392186210122,-0.8932813787729216
1774257677.3658748,0.010527610778808594,-0.4685752317028427,-0.4685752317028427,0.015980791095704827,1.5179884051064214
1774257677.3746762,0.008801460266113281,-0.46835706491698853,-0.46835706491698853,0.00021816678585417915,0.024787566978419304
1774257677.3849304,0.010254144668579102,-0.4097294551360609,-0.4097294551360609,0.058627609780927625,5.717454909776648
1774257677.3958666,0.010936260223388672,-0.35960297112225453,-0.35960297112225453,0.05012648401380637,4.583512369850537
1774257677.4046512,0.00878453254699707,-0.30974939742768753,-0.30974939742768753,0.049853573694567,5.675153848864626
1774257677.414575,0.009923934936523438,-0.24588072416589773,-0.24588072416589773,0.0638686732617898,6.435821442836296
1774257677.4290094,0.014434337615966797,-0.2402546201734906,-0.2402546201734906,0.005626103992407122,0.3897722321655902
1774257677.435455,0.006445646286010742,-0.28418842235932706,-0.28418842235932706,-0.04393380218583645,-6.8160429903185715
1774257677.444616,0.009160995483398438,-0.27251699020444964,-0.27251699020444964,0.011671432154877426,1.2740353574050334
1774257677.4549024,0.010286331176757812,-0.21924336127940636,-0.21924336127940636,0.05327362892504328,5.179069972529778
1774257677.4656126,0.01071023941040039,-0.18253505572091056,-0.18253505572091056,0.0367083055584958,3.4274028947335644
1774257677.474957,0.009344339370727539,-0.13613434882335457,-0.13613434882335457,0.04640070689755599,4.965648726641152
1774257677.4846783,0.00972127914428711,-0.1572542735699204,-0.1572542735699204,-0.02111992474656582,-2.1725458587389026
1774257677.495604,0.010925769805908203,-0.16909298224965505,-0.16909298224965505,-0.01183870867973466,-1.0835583112260683
1774257677.5056033,0.009999275207519531,-0.16895112387826583,-0.16895112387826583,0.00014185837138921964,0.014186865392257737
1774257677.5147572,0.00915384292602539,-0.17327899828757037,-0.17327899828757037,-0.004327874409304544,-0.4727931694130251
1774257677.5249362,0.01017904281616211,-0.15751028920689494,-0.15751028920689494,0.01576870908067543,1.5491347630091648
1774257677.5346925,0.009756326675415039,-0.05886125717917997,-0.05886125717917996,0.09864903202771498,10.111288327019698
1774257677.5444243,0.009731769561767578,-0.07311719063697186,-0.07311719063697186,-0.0142559334577919,-1.4648860484528983
1774257677.5545902,0.010165929794311523,-0.12568215848253722,-0.12568215848253722,-0.05256496784556536,-5.170699474530974
1774257677.570165,0.01557469367980957,-0.14824745283848195,-0.14824745283848195,-0.02256529435594473,-1.4488435419566232
1774257677.578853,0.008687973022460938,-0.14868313250032122,-0.14868313250032122,-0.0004356796618392722,-0.05014744644267582
1774257677.5857303,0.006877422332763672,-0.15826364811877977,-0.15826364811877977,-0.009580515618458546,-1.3930387221993743
1774257677.5999582,0.014227867126464844,-0.14530227153236003,-0.14530227153236003,0.012961376586419743,0.9109852145238735
1774257677.6110985,0.01114034652709961,-0.16555795886255892,-0.16555795886255892,-0.02025568733019889,-1.8182277616702163
1774257677.615656,0.004557371139526367,-0.14701939990049281,-0.14701939990049281,0.018538558962066104,4.0678185722641755
1774257677.6245854,0.00892949104309082,-0.17735169944574047,-0.17735169944574047,-0.03033229954524766,-3.396867682477517
1774257677.636344,0.011758565902709961,-0.21379972186062401,-0.21379972186062401,-0.03644802241488354,-3.099699633140082
1774257677.645033,0.008688926696777344,-0.251362115907937,-0.251362115907937,-0.037562394047312986,-4.323018867364204
1774257677.654772,0.009739160537719727,-0.24791090016335968,-0.24791090016335968,0.003451215744577324,0.3543648070293923
1774257677.664677,0.009904861450195312,-0.18456077986812824,-0.18456077986812824,0.06335012029523143,6.395861326660176
1774257677.6747684,0.010091543197631836,-0.20952948007011543,-0.20952948007011543,-0.024968700201987187,-2.4742202171662453
1774257677.6845791,0.009810686111450195,-0.21389954332244546,-0.21389954332244546,-0.004370063252330025,-0.445439106162989
1774257677.694534,0.00995492935180664,-0.25886966047514626,-0.25886966047514626,-0.0449701171527008,-4.5173718027983325
1774257677.704965,0.010431051254272461,-0.2783948061039531,-0.2783948061039531,-0.01952514562880686,-1.8718291333109445
1774257677.714874,0.009908914566040039,-0.26820855252131914,-0.26820855252131914,0.010186253582633975,1.0279888392159962
1774257677.7249804,0.010106325149536133,-0.23973822166262165,-0.23973822166262165,0.02847033085869749,2.8170804360083586
1774257677.7359045,0.010924100875854492,-0.26417684544067144,-0.26417684544067144,-0.024438623778049784,-2.2371290832791924
1774257677.7444987,0.008594274520874023,-0.2538343008227328,-0.2538343008227328,0.010342544617938654,1.203422649907026
1774257677.7544544,0.009955644607543945,-0.2816877684758694,-0.2816877684758694,-0.02785346765313662,-2.7977563232852347
1774257677.7665846,0.012130260467529297,-0.3100159670215592,-0.3100159670215592,-0.028328198545689798,-2.3353330805648986
1774257677.7744875,0.007902860641479492,-0.33144267221697865,-0.33144267221697865,-0.02142670519541945,-2.711259399281038
1774257677.7846124,0.010124921798706055,-0.31077213776111945,-0.31077213776111945,0.020670534455859202,2.04155003532974
1774257677.797226,0.012613534927368164,-0.30602303025594324,-0.30602303025594324,0.004749107505176209,0.37650884803686974
1774257677.8044598,0.007233858108520508,-0.29358508698476965,-0.29358508698476965,0.01243794327117359,1.7194065856120917
1774257677.8147523,0.010292530059814453,-0.2683288515951742,-0.2683288515951742,0.025256235389595427,2.453841304598602
1774257677.825193,0.010440587997436523,-0.24682652355844475,-0.24682652355844475,0.021502328036729468,2.0594939712216336
1774257677.8346522,0.009459257125854492,-0.30267078289406846,-0.30267078289406846,-0.0558442593356237,-5.903662263602869
1774257677.844558,0.009905815124511719,-0.29657122460763236,-0.29657122460763236,0.006099558286436102,0.6157553123864468
1774257677.8545938,0.01003575325012207,-0.27846286949764876,-0.27846286949764876,0.018108355109983598,1.8043842508546468
1774257677.8647702,0.010176420211791992,-0.2499004991021718,-0.2499004991021718,0.02856237039547696,2.806720811546297
1774257677.8745193,0.009749174118041992,-0.19430071751251393,-0.19430071751251393,0.055599781589657865,5.703024781018521
1774257677.8845224,0.010003089904785156,-0.1600283002284467,-0.1600283002284467,0.03427241728406724,3.4261830704603007
1774257677.8943295,0.009807109832763672,-0.19595750829823752,-0.19595750829823752,-0.03592920806979083,-3.6635878135837983
1774257677.904962,0.010632514953613281,-0.1800154239175256,-0.1800154239175256,0.01594208438071193,1.4993709813964833
1774257677.9145424,0.009580373764038086,-0.17024990871113044,-0.17024990871113044,0.009765515206395153,1.0193250750875749
1774257677.9245415,0.00999903678894043,-0.1346727765708106,-0.1346727765708106,0.03557713214031985,3.5580559299142114
1774257677.9353514,0.010809898376464844,-0.11417673001916362,-0.11417673001916362,0.020496046551646968,1.8960443325046115
1774257677.9445214,0.009170055389404297,-0.08596366941058836,-0.08596366941058836,0.028213060608575258,3.076651057219844
1774257677.9544497,0.009928226470947266,-0.1098820273213984,-0.1098820273213984,-0.02391835791081004,-2.4091269453614665
1774257677.9660232,0.011573553085327148,-0.13996255899578366,-0.13996255899578366,-0.030080531674385264,-2.5990749299384217
1774257677.9746914,0.008668184280395508,-0.15536272058959316,-0.15536272058959316,-0.015400161593809497,-1.776630617860702
1774257677.9843886,0.009697198867797852,-0.15561459259440769,-0.15561459259440769,-0.000251872004814524,-0.02597368665408446
1774257677.9970076,0.0126190185546875,-0.14695849274794232,-0.14695849274794232,0.00865609984646537,0.6859566620773332
1774257678.0044003,0.0073926448822021484,-0.12863928091751642,-0.12863928091751642,0.018319211830425897,2.4780321687748788
1774257678.0147624,0.01036214828491211,-0.09381795622677881,-0.09381795622677881,0.03482132469073761,3.36043489567115
1774257678.024664,0.00990152359008789,-0.14890487427760252,-0.14890487427760252,-0.055086918050823705,-5.5634789484286555
1774257678.0356576,0.010993719100952148,-0.1565076891948663,-0.1565076891948663,-0.007602814917263778,-0.6915598668157085
1774257678.0473669,0.011709213256835938,-0.1638396547752263,-0.1638396547752263,-0.007331965580360006,-0.6261706418302307
1774257678.0546148,0.0072479248046875,-0.14592486020408166,-0.14592486020408166,0.017914794571144643,2.471713635820074
1774257678.0648077,0.01019287109375,-0.12521634370472703,-0.12521634370472703,0.020708516499354623,2.0316666726073422
1774257678.0783465,0.013538837432861328,-0.1025234447124329,-0.1025234447124329,0.02269289899229414,1.6761335014788024
1774257678.0843966,0.00605010986328125,-0.12620514932859503,-0.12620514932859503,-0.023681704616162133,-3.914260261601013
1774257678.0946512,0.010254621505737305,-0.1497468747757542,-0.1497468747757542,-0.023541725447159184,-2.2957186117486588
1774257678.1085355,0.013884305953979492,-0.1499404944723709,-0.1499404944723709,-0.000193619696616687,-0.013945219678855614
1774257678.1143017,0.005766153335571289,-0.13626063083369058,-0.13626063083369058,0.013679863638680317,2.3724418763353903
1774257678.124797,0.010495424270629883,-0.11880393019306844,-0.11880393019306844,0.017456700640622144,1.6632677432081058
1774257678.1348825,0.010085344314575195,-0.10524324513579918,-0.10524324513579918,0.013560685057269262,1.3445931675006428
1774257678.144976,0.010093450546264648,-0.10375126664309524,-0.10375126664309524,0.0014919784927039381,0.14781649604020547
1774257678.1549532,0.009977340698242188,-0.1530263159844387,-0.1530263159844387,-0.049275049341343455,-4.93869567369036
1774257678.1646516,0.00969839096069336,-0.14822771031841828,-0.14822771031841828,0.004798605666020417,0.4947836899408058
1774257678.174415,0.009763479232788086,-0.1662819353903874,-0.1662819353903874,-0.018054225071969132,-1.8491589567107132
1774257678.1846085,0.010193347930908203,-0.09885252163940655,-0.09885252163940655,0.06742941375098085,6.61504092747799
1774257678.1950417,0.010433197021484375,-0.0714130276617183,-0.0714130276617183,0.02743949397768826,2.6300178096113753
1774257678.2042577,0.009216070175170898,-0.07088550617860036,-0.07088550617860036,0.0005275214831179376,0.057239308413594564
1774257678.2149932,0.010735511779785156,-0.07252885962493291,-0.07252885962493291,-0.0016433534463325544,-0.15307639542876472
1774257678.2249923,0.00999903678894043,-0.11655969886696332,-0.11655969886696332,-0.04403083924203041,-4.4035080749709135
1774257678.2343707,0.009378433227539062,-0.12294189479429801,-0.12294189479429801,-0.0063821959273346884,-0.6805183523185783
1774257678.2458122,0.011441469192504883,-0.1341090146287926,-0.1341090146287926,-0.011167119834494588,-0.9760214922232175
1774257678.2555115,0.009699344635009766,-0.103021161309618,-0.103021161309618,0.031087853319174602,3.205149882700637
1774257678.264258,0.00874638557434082,-0.06371936185543889,-0.06371936185543889,0.03930179945417911,4.493490381841659
1774257678.2745214,0.010263442993164062,-0.07906776217487319,-0.07906776217487319,-0.015348400319434297,-1.4954436176687547
1774257678.2847288,0.010207414627075195,-0.09457436074511029,-0.09457436074511029,-0.015506598570237104,-1.5191504545240877
1774257678.2948477,0.010118961334228516,-0.11479306066407921,-0.11479306066407921,-0.02021869991896892,-1.9981003238521047
1774257678.304468,0.009620189666748047,-0.13969280400774584,-0.13969280400774584,-0.024899743343666625,-2.5882798786942827
1774257678.3145196,0.010051727294921875,-0.18445826558938433,-0.18445826558938433,-0.044765461581638494,-4.453509358959029
1774257678.324339,0.009819269180297852,-0.13884156499329436,-0.13884156499329436,0.045616700596089965,4.645630928177311
1774257678.334563,0.010224103927612305,-0.08914760120401646,-0.08914760120401646,0.0496939637892779,4.860471307912773
1774257678.34446,0.009896993637084961,-0.11510469337288774,-0.11510469337288774,-0.02595709216887128,-2.622724952717725
1774257678.3551462,0.010686159133911133,-0.16101936592924923,-0.16101936592924923,-0.04591467255636149,-4.29664877539183
1774257678.3643594,0.00921320915222168,-0.19039564849227553,-0.19039564849227553,-0.029376282563026296,-3.1884962207704226
1774257678.374416,0.010056734085083008,-0.22451926389712126,-0.22451926389712126,-0.034123615404845736,-3.3931110354663496
1774257678.3843575,0.009941339492797852,-0.21530904353969968,-0.21530904353969968,0.009210220357421584,0.9264566776030596
1774257678.3944077,0.010050296783447266,-0.1438458862009753,-0.1438458862009753,0.07146315733872438,7.110551944736941
1774257678.404173,0.009765148162841797,-0.15606905215870454,-0.15606905215870454,-0.012223165957729237,-1.2517133128855797
1774257678.4142694,0.010096549987792969,-0.1942339960931746,-0.1942339960931746,-0.038164943934470064,-3.7799985124238105
1774257678.4244227,0.01015329360961914,-0.21728659524392424,-0.21728659524392424,-0.023052599150749642,-2.2704552864412206
1774257678.4346972,0.010274410247802734,-0.22376549139038202,-0.22376549139038202,-0.006478896146457774,-0.6305856969107632
1774257678.4445722,0.009875059127807617,-0.257029488390931,-0.257029488390931,-0.03326399700054897,-3.3684858561382587
1774257678.454363,0.009790897369384766,-0.24065408040989117,-0.24065408040989117,0.016375407981039813,1.6725134952638974
1774257678.4642706,0.00990748405456543,-0.18503416022746055,-0.18503416022746055,0.055619920182430616,5.61392982073997
1774257678.4744837,0.010213136672973633,-0.18938925632168585,-0.18938925632168585,-0.004355096094225297,-0.42642101380567127
1774257678.484176,0.009692192077636719,-0.2506067162986791,-0.2506067162986791,-0.06121745997699324,-6.316162482813703
1774257678.494222,0.010046005249023438,-0.2705930591474944,-0.2705930591474944,-0.019986342848815286,-1.9894816251223977
1774257678.5050354,0.010813474655151367,-0.28845465660907166,-0.28845465660907166,-0.017861597461577283,-1.6517907547014319
1774257678.5140631,0.009027719497680664,-0.2966571025220321,-0.2966571025220321,-0.008202445912960432,-0.9085844897006099
1774257678.5241673,0.010104179382324219,-0.2773887487896756,-0.2773887487896756,0.01926835373235647,1.9069686911995674
1774257678.5362186,0.01205134391784668,-0.27646536090778057,-0.27646536090778057,0.0009233878818950547,0.07662115430359775
1774257678.544352,0.008133411407470703,-0.29757538844344705,-0.29757538844344705,-0.021110027535666487,-2.595470274167676
1774257678.5542493,0.009897232055664062,-0.3194127198695811,-0.3194127198695811,-0.021837331426134032,-2.2064079434852495
1774257678.5648766,0.010627269744873047,-0.3495435293061416,-0.3495435293061416,-0.03013080943656049,-2.8352352165613004
1774257678.5742598,0.009383201599121094,-0.3383824935867424,-0.3383824935867424,0.011161035719399193,1.1894698841858653
1774257678.5841289,0.009869098663330078,-0.2751186560423792,-0.2751186560423792,0.06326383754436321,6.410295377776316
1774257678.594384,0.010255098342895508,-0.22374893029542964,-0.22374893029542964,0.051369725746949535,5.00918899354459
1774257678.604114,0.009730100631713867,-0.23310904621784623,-0.23310904621784623,-0.00936011592241659,-0.9619752432887112
1774257678.6167023,0.012588262557983398,-0.25398332050826367,-0.25398332050826367,-0.02087427429041744,-1.6582331512603463
1774257678.6243646,0.007662296295166016,-0.24158701752291104,-0.24158701752291104,0.01239630298535263,1.617831327297171
1774257678.6344118,0.010047197341918945,-0.23449875569571357,-0.23449875569571357,0.007088261827197462,0.7054964271104536
1774257678.6444538,0.010041952133178711,-0.22596189350237653,-0.22596189350237653,0.008536862193337047,0.8501197854878404
1774257678.6553175,0.010863780975341797,-0.14557768682234465,-0.14557768682234465,0.08038420668003188,7.399284545821104
1774257678.6643207,0.009003162384033203,-0.1256863366700996,-0.1256863366700996,0.019891350152245052,2.2093736960161547
1774257678.6747293,0.010408639907836914,-0.18513309307035228,-0.18513309307035228,-0.05944675640025268,-5.711289556236237
1774257678.6842911,0.009561777114868164,-0.15822234541666325,-0.15822234541666325,0.026910747653689032,2.8144085906210825
1774257678.6942668,0.009975671768188477,-0.1644696978265642,-0.1644696978265642,-0.006247352409900958,-0.6262588179598295
1774257678.7058227,0.011555910110473633,-0.15667470684194798,-0.15667470684194798,0.0077949909846162235,0.6745458306699079
1774257678.7142599,0.008437156677246094,-0.14740445420352696,-0.14740445420352696,0.009270252638421017,1.0987413168966833
1774257678.7283583,0.014098405838012695,-0.12247266132912668,-0.12247266132912668,0.024931792874400283,1.7684121992841324
1774257678.7386544,0.010296106338500977,-0.1429773391415801,-0.1429773391415801,-0.02050467781245341,-1.9914982555860734
1774257678.7448766,0.006222248077392578,-0.14572117880132246,-0.14572117880132246,-0.0027438396597423698,-0.44097239865951643
1774257678.7542048,0.009328126907348633,-0.16899629529323454,-0.16899629529323454,-0.02327511649191208,-2.4951543566132344
1774257678.7685828,0.014378070831298828,-0.16692628081782612,-0.16692628081782612,0.002070014475408416,0.14397025162112262
1774257678.7746747,0.0060918331146240234,-0.16654417985591294,-0.16654417985591294,0.0003821009619131843,0.06272347825745829
1774257678.784384,0.009709358215332031,-0.1384565654480178,-0.1384565654480178,0.028087614407895145,2.8928394426257795
1774257678.7945268,0.010142803192138672,-0.17364116016029235,-0.17364116016029235,-0.03518459471227456,-3.468922155518594
1774257678.8044121,0.009885311126708984,-0.18302521904317795,-0.18302521904317795,-0.009384058882885599,-0.949293225332174
1774257678.8141794,0.009767293930053711,-0.2074998048892351,-0.2074998048892351,-0.024474585846057162,-2.5057693585681386
1774257678.8243377,0.010158300399780273,-0.24534779941308704,-0.24534779941308704,-0.03784799452385193,-3.7258195794909343
1774257678.8341918,0.00985407829284668,-0.2532368240371333,-0.2532368240371333,-0.007889024624046281,-0.8005847314784499
1774257678.8456903,0.011498451232910156,-0.23366178250529707,-0.23366178250529707,0.019575041531836257,1.702406796822322
1774257678.8544672,0.00877690315246582,-0.2526504705801336,-0.2526504705801336,-0.018988688074836557,-2.1634838330763393
1774257678.8645654,0.01009821891784668,-0.26128822204533436,-0.26128822204533436,-0.008637751465200738,-0.8553737580332267
1774257678.8760686,0.011503219604492188,-0.2735608044729702,-0.2735608044729702,-0.012272582427635848,-1.0668823902869082
1774257678.8844364,0.008367776870727539,-0.312304117470812,-0.312304117470812,-0.03874331299784178,-4.630060480385782
1774257678.894455,0.010018587112426758,-0.35975875990802963,-0.35975875990802963,-0.04745464243721764,-4.736660160229212
1774257678.9064617,0.012006759643554688,-0.37312373818053235,-0.37312373818053235,-0.013364978272502714,-1.1131211641833048
1774257678.9142752,0.007813453674316406,-0.3810847783497715,-0.3810847783497715,-0.007961040169239153,-1.018888765592593
1774257678.9244668,0.010191679000854492,-0.4212996275004671,-0.4212996275004671,-0.04021484915069562,-3.945851232885565
1774257678.9379513,0.013484477996826172,-0.4205628545032916,-0.4205628545032916,0.0007367729971755055,0.054638599829294025
1774257678.9441533,0.006201982498168945,-0.45108617475597024,-0.45108617475597024,-0.03052332025267862,-4.921542468346248
1774257678.9547863,0.010632991790771484,-0.4427603178968076,-0.4427603178968076,0.00832585685916265,0.7830210934977654
1774257678.9643877,0.009601354598999023,-0.45211866471744444,-0.45211866471744444,-0.009358346820636854,-0.9746902610609232
1774257678.974269,0.009881258010864258,-0.45598961429170426,-0.45598961429170426,-0.0038709495742598188,-0.3917466348924178
1774257678.9852931,0.011024236679077148,-0.45949509012436746,-0.45949509012436746,-0.0035054758326631963,-0.3179790070469209
1774257678.9941795,0.008886337280273438,-0.4770640116164617,-0.4770640116164617,-0.01756892149209427,-1.9770711979495859
1774257679.0042124,0.010032892227172852,-0.4701464583071394,-0.4701464583071394,0.006917553309322311,0.6894874531380862
1774257679.0157583,0.011545896530151367,-0.4197974443845291,-0.4197974443845291,0.05034901392261032,4.360771274116922
1774257679.0243673,0.00860905647277832,-0.3864361698491915,-0.3864361698491915,0.033361274535337604,3.8751371466577487
1774257679.0343025,0.009935140609741211,-0.4151962434629823,-0.4151962434629823,-0.028760073613790793,-2.894782745761253
1774257679.0444086,0.010106086730957031,-0.41011234040799044,-0.41011234040799044,0.005083903054991845,0.5030535745768735
1774257679.0540955,0.009686946868896484,-0.3609001305169898,-0.3609001305169898,0.04921220989100061,5.080260122930432
1774257679.0647972,0.010701656341552734,-0.3287005353228679,-0.3287005353228679,0.03219959519412191,3.008842198482518
1774257679.0744772,0.009680032730102539,-0.2988402874388599,-0.2988402874388599,0.02986024788400804,3.08472592155086
1774257679.084708,0.010230779647827148,-0.3114848557273082,-0.3114848557273082,-0.012644568288448343,-1.2359339878006115
1774257679.0948644,0.010156393051147461,-0.32728316020464476,-0.32728316020464476,-0.015798304477336544,-1.5555034546001216
1774257679.1046154,0.009751081466674805,-0.3015088525042047,-0.3015088525042047,0.025774307700440036,2.643225552829811
1774257679.114247,0.009631633758544922,-0.23800410436137043,-0.23800410436137043,0.0635047481428343,6.5933516301421475
1774257679.1242964,0.01004934310913086,-0.14131569342170291,-0.14131569342170291,0.09668841093966751,9.621366281326008
1774257679.13431,0.010013580322265625,-0.15087875002527013,-0.15087875002527013,-0.00956305660356721,-0.9550087277278182
1774257679.1443973,0.010087251663208008,-0.18420977480959613,-0.18420977480959613,-0.03333102478432601,-3.3042721543169944
1774257679.1545444,0.0101470947265625,-0.1907714718815057,-0.1907714718815057,-0.006561697071909567,-0.6466577132400984
1774257679.164255,0.009710550308227539,-0.19416364566992134,-0.19416364566992134,-0.0033921737884156367,-0.34932868691710717
1774257679.1742487,0.009993791580200195,-0.13670072354074386,-0.13670072354074386,0.057462922129177474,5.749861968606952
1774257679.1843138,0.010065078735351562,-0.10920931512556689,-0.10920931512556689,0.02749140841517697,2.731365460522324
1774257679.1943424,0.010028600692749023,-0.11939897014357735,-0.11939897014357735,-0.01018965501801046,-1.0160595012400766
1774257679.2045565,0.010214090347290039,-0.1294950455381181,-0.1294950455381181,-0.010096075394540757,-0.9884458675480002
1774257679.2164834,0.011926889419555664,-0.13424304549090166,-0.13424304549090166,-0.004747999952783549,-0.3980920578502719
1774257679.2244127,0.007929325103759766,-0.16790359810320257,-0.16790359810320257,-0.033660552612300915,-4.245071575680563
1774257679.2341251,0.009712457656860352,-0.16450182867944685,-0.16450182867944685,0.003401769423755724,0.3502480570767687
1774257679.2445033,0.010378122329711914,-0.10058579114886458,-0.10058579114886458,0.06391603753058227,6.158728477076692
1774257679.254174,0.009670734405517578,-0.08634978758744727,-0.08634978758744727,0.014236003561417312,1.472070575456508
1774257679.2643852,0.01021122932434082,-0.1024600140336516,-0.1024600140336516,-0.01611022644620433,-1.5776970562987835
1774257679.2743897,0.010004520416259766,-0.10880342521250697,-0.10880342521250697,-0.006343411178855368,-0.6340544988589149
1774257679.2842383,0.009848594665527344,-0.12107569202817832,-0.12107569202817832,-0.012272266815671354,-1.2460931972992548
1774257679.294103,0.009864568710327148,-0.13086378824521352,-0.13086378824521352,-0.009788096217035205,-0.9922477610995922
1774257679.3052518,0.011148929595947266,-0.11575417029707025,-0.11575417029707025,0.015109617948143278,1.3552527906926382
1774257679.3141384,0.008886575698852539,-0.06753561125769904,-0.06753561125769902,0.04821855903937122,5.4259999209366265
1774257679.3242114,0.010072946548461914,-0.05748424851036482,-0.05748424851036481,0.010051362747334217,0.9978572505052166
1774257679.334187,0.009975671768188477,-0.0651502036595599,-0.06515020365955988,-0.007665955149195075,-0.7684650545180445
1774257679.3443315,0.010144472122192383,-0.07223429956918306,-0.07223429956918305,-0.007084095909623167,-0.6983208021367385
1774257679.3543177,0.009986162185668945,-0.0931031722186667,-0.09310317221866668,-0.02086887264948363,-2.0897790624142245
1774257679.3646533,0.010335683822631836,-0.07222026603849296,-0.07222026603849295,0.02088290618017373,2.020466815601195
1774257679.374287,0.009633541107177734,-0.04119863644529678,-0.04119863644529677,0.03102162959319618,3.2201689127669435
1774257679.3842244,0.009937524795532227,-0.029864469665117285,-0.02986446966511727,0.011334166780179497,1.1405422389763678
1774257679.394014,0.009789466857910156,-0.059256061773806136,-0.05925606177380612,-0.02939159210868885,-3.0023690294165144
1774257679.4040315,0.010017633438110352,-0.07105886100325144,-0.07105886100325143,-0.011802799229445306,-1.178202347127576
1774257679.4145088,0.010477304458618164,-0.130605601763442,-0.130605601763442,-0.059546740760190564,-5.683402729717382
1774257679.4243681,0.009859323501586914,-0.1742037941555243,-0.1742037941555243,-0.04359819239208232,-4.422026763303277
1774257679.4341564,0.009788274765014648,-0.17556437064808797,-0.17556437064808797,-0.0013605764925636588,-0.13900064365036474
1774257679.4442394,0.01008296012878418,-0.1581010199390449,-0.1581010199390449,0.017463350709043063,1.7319666532440037
1774257679.4541504,0.009911060333251953,-0.17579041798796488,-0.17579041798796488,-0.017689398048919974,-1.7848138800619977
1774257679.4641225,0.009972095489501953,-0.20040015144363557,-0.20040015144363557,-0.02460973345567069,-2.4678597875018746
1774257679.4741964,0.01007390022277832,-0.2267824680291589,-0.2267824680291589,-0.02638231658552334,-2.61887809111606
1774257679.4840984,0.009902000427246094,-0.28611342750422775,-0.28611342750422775,-0.059330959475068834,-5.9918154832447055
1774257679.494065,0.009966611862182617,-0.3254398498368219,-0.3254398498368219,-0.039326422332594146,-3.9458165800370537
1774257679.504249,0.010184049606323242,-0.2734980068017375,-0.2734980068017375,0.05194184303508437,5.100313239129732
1774257679.5139155,0.00966644287109375,-0.2706643939827455,-0.2706643939827455,0.002833612818992026,0.2931391471278002
1774257679.5254025,0.011487007141113281,-0.28401467836257865,-0.28401467836257865,-0.013350284379833155,-1.1622073718445771
1774257679.5342183,0.008815765380859375,-0.28211008352429706,-0.28211008352429706,0.0019045948382815925,0.21604418402704015
1774257679.5439389,0.009720563888549805,-0.27183583794694244,-0.27183583794694244,0.010274245577354624,1.056959832284732
1774257679.5561843,0.012245416641235352,-0.29863621705963816,-0.29863621705963816,-0.026800379112695727,-2.1886049203461018
1774257679.5639622,0.0077779293060302734,-0.3105812796849002,-0.3105812796849002,-0.011945062625262015,-1.5357638460407372
1774257679.5741115,0.010149240493774414,-0.26498543336826236,-0.26498543336826236,0.04559584631663782,4.492537776063785
1774257679.5866206,0.01250910758972168,-0.2640920692956598,-0.2640920692956598,0.0008933640726025427,0.07141709080323128
1774257679.594025,0.007404327392578125,-0.2591784118995289,-0.2591784118995289,0.0049136573961309216,0.6636196828703474
1774257679.6040828,0.010057926177978516,-0.24327874278850808,-0.24327874278850808,0.01589966911102081,1.5808098836351165
1774257679.6147542,0.010671377182006836,-0.25865140610314724,-0.25865140610314724,-0.015372663314639157,-1.440551022838854
1774257679.6240199,0.009265661239624023,-0.27288996356312817,-0.27288996356312817,-0.014238557459980927,-1.5367017087879948
1774257679.6345487,0.010528802871704102,-0.2203566790563665,-0.2203566790563665,0.052533284506761674,4.989483148928886
1774257679.6440814,0.009532690048217773,-0.12133243242217025,-0.12133243242217025,0.09902424663419625,10.387859684235696
1774257679.654982,0.010900735855102539,-0.1263938225950363,-0.1263938225950363,-0.00506139017286604,-0.4643163764487374
1774257679.6641943,0.009212255477905273,-0.1276301339730753,-0.1276301339730753,-0.0012363113780390067,-0.1342028975427552
1774257679.674376,0.010181665420532227,-0.1250346764978624,-0.1250346764978624,0.0025954574752128923,0.2549148266038013
1774257679.6840549,0.009678840637207031,-0.11586812614131692,-0.11586812614131692,0.009166550356545483,0.9470711111109504
1774257679.6939275,0.009872674942016602,-0.13492049894596436,-0.13492049894596436,-0.019052372804647444,-1.9298085793915332
1774257679.704291,0.010363578796386719,-0.10969430024272384,-0.10969430024272384,0.025226198703240527,2.434120413310862
1774257679.714085,0.009793996810913086,-0.08816964890127142,-0.08816964890127142,0.021524651341452414,2.197739263858887
1774257679.7256067,0.011521577835083008,-0.07813103243718618,-0.07813103243718618,0.010038616464085243,0.8712883432959874
1774257679.734259,0.008652210235595703,-0.08844192106883549,-0.08844192106883549,-0.010310888631649306,-1.1917057434908023
1774257679.7441988,0.009939908981323242,-0.07349469933607229,-0.07349469933607229,0.014947221732763194,1.5037584107508957
1774257679.7540739,0.009875059127807617,-0.049375091382856146,-0.049375091382856146,0.024119607953216146,2.442477319988563
1774257679.7638204,0.009746551513671875,-0.013421413807405715,-0.013421413807405719,0.03595367757545043,3.688861391130676
1774257679.7741246,0.01030421257019043,-0.011861469845905085,-0.011861469845905089,0.0015599439615006302,0.15138895387440568
1774257679.7842155,0.010090827941894531,0.016704010181699622,0.01670401018169962,0.028565480027604707,2.8308361010703744
1774257679.793773,0.009557485580444336,0.013421915503994228,0.013421915503994224,-0.0032820946777053946,-0.343405663558721
1774257679.8039742,0.010201215744018555,-0.012977851991532474,-0.012977851991532473,-0.026399767495526697,-2.5879040457512237
1774257679.8165977,0.01262354850769043,-0.03009940826630045,-0.030099408266300448,-0.017121556274767975,-1.3563188087990712
1774257679.8237925,0.0071947574615478516,-0.0029891184053145695,-0.0029891184053145656,0.027110289860985883,3.768061676279701
1774257679.8338141,0.010021686553955078,0.002729381908413731,0.0027293819084137343,0.0057185003137283,0.5706125693455741
1774257679.8466885,0.012874364852905273,-0.010401949544369104,-0.010401949544369102,-0.013131331452782837,-1.0199595555053402
1774257679.8536475,0.006958961486816406,-0.05737353634812188,-0.05737353634812188,-0.04697158680375278,-6.749798356082208
1774257679.8638144,0.01016688346862793,-0.12423808548044143,-0.12423808548044143,-0.06686454913231955,-6.576700651546196
1774257679.8739061,0.010091781616210938,-0.1739318313548715,-0.1739318313548715,-0.04969374587443007,-4.924179670575164
1774257679.8841536,0.010247468948364258,-0.16533182571940486,-0.16533182571940486,0.008600005635466645,0.8392321732128217
1774257679.8940418,0.009888172149658203,-0.18387428392415398,-0.18387428392415398,-0.018542458204749118,-1.8752159574193963
1774257679.903924,0.009882211685180664,-0.1990433822678594,-0.1990433822678594,-0.015169098343705417,-1.5349902255638739
1774257679.9144478,0.010523796081542969,-0.20510493943915342,-0.20510493943915342,-0.00606155717129403,-0.575985806293322
1774257679.9249227,0.010474920272827148,-0.24234130298380868,-0.24234130298380868,-0.03723636354465526,-3.5548111656037724
1774257679.9338732,0.008950471878051758,-0.2712007406623007,-0.2712007406623007,-0.028859437678492028,-3.224348176464394
1774257679.9439292,0.010056018829345703,-0.26770462844443793,-0.26770462844443793,0.003496112217862779,0.34766365071437066
1774257679.956347,0.012417793273925781,-0.3026534656674377,-0.3026534656674377,-0.034948837222999796,-2.814416092461734
1774257679.963829,0.007482051849365234,-0.3210317959429174,-0.3210317959429174,-0.018378330275479693,-2.4563222289135678
1774257679.9738362,0.010007143020629883,-0.33879252136015364,-0.33879252136015364,-0.017760725417236223,-1.7748047949971544
1774257679.9838233,0.009987115859985352,-0.3424045712940123,-0.3424045712940123,-0.003612049933858663,-0.3616709753344106
1774257679.993784,0.009960651397705078,-0.32918815787551525,-0.32918815787551525,0.013216413418497053,1.3268623597792106
1774257680.003763,0.009979009628295898,-0.35388013202240837,-0.35388013202240837,-0.024691974146893114,-2.4743912539053965
1774257680.0138845,0.010121583938598633,-0.39058908454236857,-0.39058908454236857,-0.0367089525199602,-3.626799198885336
1774257680.0239563,0.010071754455566406,-0.40084141521892885,-0.40084141521892885,-0.010252330676560284,-1.017928973724541
1774257680.0338933,0.009937047958374023,-0.409050627970595,-0.409050627970595,-0.00820921275166614,-0.826121881071146
1774257680.0439146,0.010021209716796875,-0.4033333123826538,-0.4033333123826538,0.005717315587941196,0.5705214988524008
1774257680.0540318,0.010117292404174805,-0.36292968746489795,-0.36292968746489795,0.04040362491775584,3.9935215177811476
1774257680.064268,0.010236263275146484,-0.38244434573114755,-0.38244434573114755,-0.019514658266249596,-1.906424028153998
1774257680.0739028,0.009634733200073242,-0.4158400148738751,-0.4158400148738751,-0.03339566914272757,-3.466174770929173
1774257680.0839486,0.010045766830444336,-0.46533287119860284,-0.46533287119860284,-0.04949285632472772,-4.9267375164170115
1774257680.095376,0.01142740249633789,-0.504667896062048,-0.504667896062048,-0.039335024863445145,-3.4421667457719054
1774257680.1037762,0.008400201797485352,-0.42736601393367457,-0.42736601393367457,0.07730188212837341,9.20238394171842
1774257680.1138399,0.010063648223876953,-0.4040185695503443,-0.4040185695503443,0.02334744438333025,2.3199781892153424
1774257680.1265063,0.012666463851928711,-0.4140990166332037,-0.4140990166332037,-0.010080447082859378,-0.7958375124028352
1774257680.1337938,0.007287502288818359,-0.43006738453031373,-0.43006738453031373,-0.015968367897110036,-2.1911990232389
1774257680.1440623,0.010268449783325195,-0.4552000894796732,-0.4552000894796732,-0.025132704949359486,-2.447565648144101
1774257680.1540065,0.00994420051574707,-0.4222175586820779,-0.4222175586820779,0.03298253079759533,3.316760431908636
1774257680.1637647,0.009758234024047852,-0.3592468935765276,-0.3592468935765276,0.06297066510555027,6.453080029682375
1774257680.1741762,0.010411500930786133,-0.2738286878382318,-0.2738286878382318,0.08541820573829584,8.204216309074107
1774257680.1839852,0.009809017181396484,-0.2776955590671714,-0.2776955590671714,-0.003866871228939639,-0.3942159706146139
1774257680.193724,0.009738683700561523,-0.29915628229128666,-0.29915628229128666,-0.02146072322411524,-2.203657484314624
1774257680.2037725,0.010048627853393555,-0.28932069892878925,-0.28932069892878925,0.009835583362497402,0.9787986485314804
1774257680.213768,0.009995460510253906,-0.2868973242236857,-0.2868973242236857,0.002423374705103565,0.24244752931768682
1774257680.2241046,0.010336637496948242,-0.2699398742455422,-0.2699398742455422,0.01695744997814347,1.6405189775833713
1774257680.2340505,0.009945869445800781,-0.19356893026294095,-0.19356893026294095,0.07637094398260127,7.678659407181907
1774257680.2436452,0.00959467887878418,-0.18004111073435436,-0.18004111073435436,0.013527819528586588,1.4099293680895768
1774257680.2537189,0.010073661804199219,-0.1486180238537092,-0.1486180238537092,0.03142308688064516,3.1193311321555783
1774257680.264115,0.010396242141723633,-0.14517691876821093,-0.14517691876821093,0.003441105085498275,0.3309950882817511
1774257680.2740207,0.009905576705932617,-0.08634819010975094,-0.08634819010975094,0.05882872865845999,5.93895039177542
1774257680.2837875,0.009766817092895508,-0.04813484686076331,-0.04813484686076331,0.038213343248987626,3.912568740207538
1774257680.2957895,0.012001991271972656,-0.009003458760267478,-0.00900345876026748,0.03913138810049583,3.260407978455742
1774257680.3039923,0.008202791213989258,-0.0091269246974127,-0.009126924697412702,-0.00012346593714522222,-0.015051698126201255
1774257680.3138459,0.009853601455688477,0.016342169562166404,0.016342169562166404,0.025469094259579106,2.5847497865743105
1774257680.3255608,0.011714935302734375,0.02733424526839351,0.02733424526839351,0.010992075706227105,0.9382958951264078
1774257680.3335936,0.008032798767089844,0.013636207438217907,0.013636207438217907,-0.013698037830175602,-1.7052634115890077
1774257680.3438494,0.010255813598632812,0.053939820020297194,0.053939820020297194,0.04030361258207929,3.9298308412559395
1774257680.3561766,0.012327194213867188,0.03334320989580456,0.03334320989580456,-0.020596610124492633,-1.6708270971607602
1774257680.3636024,0.007425785064697266,-6.0677422417649926e-05,-6.0677422417651505e-05,-0.03340388731822221,-4.4983644190062515
1774257680.3739107,0.010308265686035156,-0.03797537629918247,-0.03797537629918247,-0.03791469887676482,-3.678087083856281
1774257680.3845356,0.010624885559082031,-0.0725171925994257,-0.0725171925994257,-0.03454181630024323,-3.251029491862835
1774257680.3936753,0.009139776229858398,-0.13579400055138763,-0.13579400055138763,-0.06327680795196193,-6.92323382548965
1774257680.4050975,0.011422157287597656,-0.205492673165295,-0.205492673165295,-0.06969867261390736,-6.102058556800578
1774257680.4139354,0.00883793830871582,-0.190182820179244,-0.190182820179244,0.015309852986050976,1.73228783130933
1774257680.423673,0.009737491607666016,-0.19007287037534482,-0.19007287037534482,0.00010994980389919529,0.011291388822624024
1774257680.4344747,0.01080179214477539,-0.20302004705361695,-0.20302004705361695,-0.012947176678272138,-1.1986137582303347
1774257680.4438524,0.009377717971801758,-0.21422528196595278,-0.21422528196595278,-0.011205234912335826,-1.1948786416939925
1774257680.453598,0.009745597839355469,-0.3069330016414118,-0.3069330016414118,-0.09270771967545902,-9.512779123829544
1774257680.465482,0.011883974075317383,-0.362226601425912,-0.362226601425912,-0.055293599784500214,-4.652786974631927
1774257680.4736784,0.008196353912353516,-0.35795290307410865,-0.35795290307410865,0.004273698351803357,0.5214145701251447
1774257680.4839015,0.010223150253295898,-0.32623569085168547,-0.32623569085168547,0.031717212222423186,3.1024890994043344
1774257680.4941978,0.010296344757080078,-0.3928253191273637,-0.3928253191273637,-0.06658962827567821,-6.467307558819762
1774257680.5039303,0.009732484817504883,-0.41494579148186705,-0.41494579148186705,-0.022120472354503373,-2.272849407863181
1774257680.513701,0.009770631790161133,-0.3923479272455652,-0.3923479272455652,0.022597864236301834,2.312835517868713
1774257680.5236826,0.009981632232666016,-0.4017212514747807,-0.4017212514747807,-0.009373324229215496,-0.9390572614507111
1774257680.5339615,0.010278940200805664,-0.3993720917337259,-0.3993720917337259,0.002349159741054818,0.2285410455905455
1774257680.5440748,0.010113239288330078,-0.4498728730345194,-0.4498728730345194,-0.050500781300793496,-4.993531732119463
1774257680.5535696,0.009494781494140625,-0.39507921188421125,-0.39507921188421125,0.05479366115030815,5.770923868455757
1774257680.563875,0.010305404663085938,-0.39891599591811433,-0.39891599591811433,-0.0038367840339030845,-0.37230794513547666
1774257680.573777,0.009902000427246094,-0.3925191113115027,-0.3925191113115027,0.006396884606611641,0.6460194234096512
1774257680.583636,0.009859085083007812,-0.3885480031981004,-0.3885480031981004,0.0039711081134022885,0.4027866764479511
1774257680.5940104,0.010374307632446289,-0.39523413154946696,-0.39523413154946696,-0.00668612835136656,-0.6444891156355611
1774257680.6046898,0.010679483413696289,-0.3951949969109116,-0.3951949969109116,3.913463855537147e-05,0.0036644692481269123
1774257680.6139088,0.009218931198120117,-0.33800291957795975,-0.33800291957795975,0.05719207733295184,6.2037644173561235
1774257680.6237073,0.009798526763916016,-0.3340623313088849,-0.3340623313088849,0.003940588269074841,0.402161300777013
1774257680.6340015,0.010294198989868164,-0.31927135085169467,-0.31927135085169467,0.01479098045719024,1.4368267479332713
1774257680.6439154,0.009913921356201172,-0.28429295651689057,-0.28429295651689057,0.0349783943348041,3.5282097848118457
1774257680.6540499,0.010134458541870117,-0.2819048639677793,-0.2819048639677793,0.002388092549111265,0.23564086223698624
1774257680.6638138,0.009763956069946289,-0.31443732277891984,-0.31443732277891984,-0.03253245881114053,-3.3318931976021773
1774257680.6737309,0.009917020797729492,-0.30615650789548543,-0.30615650789548543,0.008280814883434406,0.8350103375128853
1774257680.6838732,0.010142326354980469,-0.28671988671278215,-0.28671988671278215,0.019436621182703284,1.9163868823012957
1774257680.6942956,0.010422468185424805,-0.2547366576202782,-0.2547366576202782,0.03198322909250395,3.0686809039369938
1774257680.7038124,0.009516716003417969,-0.21694206681716915,-0.21694206681716915,0.03779459080310904,3.9713900036036542
1774257680.7146857,0.01087331771850586,-0.14482572493374687,-0.14482572493374687,0.07211634188342228,6.63241374439779
1774257680.7241738,0.009488105773925781,-0.14159770832657548,-0.14159770832657548,0.0032280166071713967,0.34021718181539395
1774257680.733946,0.009772300720214844,-0.11239628058791161,-0.11239628058791161,0.029201427738663868,2.988183496876862
1774257680.7439995,0.010053396224975586,-0.11853977243019695,-0.11853977243019695,-0.00614349184228534,-0.6110862145294844
1774257680.7542386,0.010239124298095703,-0.09949376787573397,-0.09949376787573397,0.01904600455446298,1.8601204556140805
1774257680.7637746,0.009536027908325195,-0.07057949040922926,-0.07057949040922926,0.028914277466504712,3.032109149057944
1774257680.7738683,0.01009368896484375,-0.025840921072464076,-0.02584092107246408,0.04473856933676518,4.432330884435741
1774257680.7838032,0.00993490219116211,-0.07411870965784388,-0.07411870965784388,-0.0482777885853798,-4.859412569589941
1774257680.7937942,0.009990930557250977,-0.05607805140405509,-0.05607805140405509,0.01804065825378879,1.8057034978284057
1774257680.803782,0.009987831115722656,-0.05638070544248066,-0.05638070544248066,-0.0003026540384255677,-0.030302278334395884
1774257680.8141572,0.010375261306762695,-0.0694072010290142,-0.0694072010290142,-0.013026495586533536,-1.255534217537513
1774257680.8242521,0.010094881057739258,-0.0609514879380109,-0.0609514879380109,0.008455713091003299,0.837623845455882
1774257680.8335726,0.009320497512817383,-0.048420370771584446,-0.048420370771584446,0.01253111716642645,1.3444686991433537
1774257680.84382,0.010247468948364258,-0.06618696413256331,-0.06618696413256331,-0.017766593360978862,-1.7337543007451452
1774257680.85428,0.01045989990234375,-0.07171814644527086,-0.07171814644527086,-0.00553118231270755,-0.5287987805187483
1774257680.8639345,0.009654521942138672,-0.11627784661915876,-0.11627784661915877,-0.04455970017388791,-4.615422746039877
1774257680.8742898,0.010355234146118164,-0.18671741034563136,-0.18671741034563138,-0.07043956372647261,-6.802314919443718
1774257680.884708,0.010418176651000977,-0.2034634207510855,-0.20346342075108553,-0.016746010405454148,-1.607383994957044
1774257680.89413,0.009422063827514648,-0.17492766231597495,-0.17492766231597498,0.028535758435110553,3.0286101811133364
1774257680.904149,0.010019063949584961,-0.15690796675955143,-0.15690796675955146,0.01801969555642352,1.7985408264781049
1774257680.9160366,0.011887550354003906,-0.24070467548062177,-0.2407046754806218,-0.08379670872107034,-7.049114933325717
1774257680.9237165,0.007679939270019531,-0.2837996078791123,-0.2837996078791123,-0.04309493239849049,-5.6113636948565215
1774257680.9343033,0.010586738586425781,-0.307102496051893,-0.307102496051893,-0.0233028881727807,-2.201139471098252
1774257680.944196,0.009892702102661133,-0.33148887987601083,-0.33148887987601083,-0.02438638382411784,-2.4650882611291727
1774257680.9537017,0.009505748748779297,-0.36360137800669284,-0.36360137800669284,-0.03211249813068201,-3.3782186947457253
1774257680.9635947,0.009892940521240234,-0.36928225445142804,-0.36928225445142804,-0.0056808764447351945,-0.5742353785043285
1774257680.975339,0.011744260787963867,-0.3393530533566551,-0.3393530533566551,0.029929201094772928,2.5484108055098655
1774257680.9836636,0.008324623107910156,-0.36936004462793803,-0.36936004462793803,-0.030006991271282923,-3.6046065848638746
1774257680.9939277,0.010264158248901367,-0.41050531592413336,-0.41050531592413336,-0.04114527129619533,-4.008635710638946
1774257681.0044146,0.010486841201782227,-0.4390137406480067,-0.4390137406480067,-0.028508424723873327,-2.718494938116194
1774257681.0137558,0.009341239929199219,-0.4255237612765855,-0.4255237612765855,0.013489979371421212,1.4441315578731362
1774257681.023578,0.00982213020324707,-0.3151257314956257,-0.3151257314956257,0.11039802978095975,11.2397237153773
1774257681.0359564,0.012378454208374023,-0.32237374904840016,-0.32237374904840016,-0.007248017552774433,-0.5855349489333773
1774257681.043816,0.00785970687866211,-0.3744156432124306,-0.3744156432124306,-0.05204189416403043,-6.621353056475445
1774257681.053633,0.009816884994506836,-0.3705012404936359,-0.3705012404936359,0.003914402718794674,0.3987418331767183
1774257681.067791,0.014158010482788086,-0.3925097277392251,-0.3925097277392251,-0.02200848724558918,-1.5544901080801523
1774257681.0736809,0.005889892578125,-0.3486979621222505,-0.3486979621222505,0.043811765616974585,7.438465988274731
1774257681.084833,0.011152029037475586,-0.24776920754842002,-0.24776920754842002,0.10092875457383049,9.050259305698248
1774257681.0939968,0.009163856506347656,-0.28315571197160105,-0.28315571197160105,-0.03538650442318103,-3.8615297389990086
1774257681.1034448,0.009448051452636719,-0.2794909043021571,-0.2794909043021571,0.003664807669443937,0.38789031662408857
1774257681.113603,0.010158300399780273,-0.27434966598398375,-0.27434966598398375,0.005141238318173369,0.5061120577104192
1774257681.1236858,0.010082721710205078,-0.2780778281180569,-0.2780778281180569,-0.0037281621340731763,-0.3697575159988569
1774257681.1335084,0.009822607040405273,-0.2533030398081681,-0.2533030398081681,0.02477478830988883,2.5222212604024357
1774257681.1452317,0.01172327995300293,-0.17094220203771893,-0.17094220203771893,0.08236083777044917,7.0254091091079305
1774257681.1536598,0.008428096771240234,-0.10102616001886215,-0.10102616001886215,0.06991604201885677,8.295590797846083
1774257681.1640768,0.010416984558105469,-0.13857222948860276,-0.13857222948860276,-0.03754606946974061,-3.6043126742014766
1774257681.1745799,0.010503053665161133,-0.1441113132912913,-0.1441113132912913,-0.005539083802688527,-0.5273784157708147
1774257681.1838994,0.009319543838500977,-0.1312342708775278,-0.1312342708775278,0.012877042413763501,1.381724538980734
1774257681.193543,0.0096435546875,-0.10167962315200285,-0.10167962315200285,0.029554647725524935,3.0647047362974718
1774257681.206405,0.012861967086791992,-0.06342606585934535,-0.06342606585934535,0.0382535572926575,2.97416072009236
1774257681.2148182,0.008413314819335938,-0.0365213494488022,-0.0365213494488022,0.02690471641054315,3.1978734884268527
1774257681.2237074,0.008889198303222656,-0.025209904090960862,-0.025209904090960862,0.011311445357841336,1.2724933083943608
1774257681.2360637,0.012356281280517578,-0.03423585401805451,-0.03423585401805451,-0.00902594992709365,-0.7304746243778916
1774257681.2434316,0.007367849349975586,-0.04256286470973167,-0.04256286470973167,-0.008327010691677156,-1.1301819969628923
1774257681.2543645,0.01093292236328125,-0.05689629714701627,-0.05689629714701627,-0.014333432437284604,-1.3110339542357068
1774257681.2636216,0.009257078170776367,-0.05645712179253688,-0.05645712179253688,0.00043917535447939027,0.04744211363212003
1774257681.2736065,0.009984970092773438,-0.05190813683038663,-0.05190813683038663,0.004548984962150254,0.45558323358850666
1774257681.283552,0.009945392608642578,-0.010966795997192403,-0.0109667959971924,0.04094134083319423,4.116613837609194
1774257681.293625,0.010073184967041016,-0.012550182002485257,-0.012550182002485253,-0.0015833860052928538,-0.15718821906612634
1774257681.3035305,0.009905338287353516,-0.04644337873955853,-0.04644337873955853,-0.03389319673707328,-3.421710168177283
1774257681.3136065,0.010076045989990234,-0.07935370059214553,-0.07935370059214553,-0.03291032185258699,-3.266194088959184
1774257681.3236365,0.010030031204223633,-0.09892871771217468,-0.09892871771217468,-0.019575017120029153,-1.9516406999597509
1774257681.3334029,0.009766340255737305,-0.10610752976253221,-0.10610752976253221,-0.00717881205035753,-0.7350565168093839
1774257681.3434584,0.0100555419921875,-0.06406036778415189,-0.06406036778415189,0.04204716197838032,4.181491361783206
1774257681.3536205,0.010162115097045898,-0.10587866085158071,-0.10587866085158071,-0.04181829306742882,-4.11511704680311
1774257681.36492,0.011299371719360352,-0.11522660269496914,-0.11522660269496914,-0.009347941843388427,-0.8272974883525299
1774257681.3745356,0.009615659713745117,-0.17606843361054683,-0.17606843361054683,-0.060841830915577697,-6.327369387729815
1774257681.3836775,0.009141921997070312,-0.23614408125096753,-0.23614408125096753,-0.0600756476404207,-6.5714460984979945
1774257681.393549,0.009871482849121094,-0.2504087965359235,-0.2504087965359235,-0.014264715284955987,-1.4450428069402
1774257681.406248,0.012699127197265625,-0.20420122519186093,-0.20420122519186093,0.04620757134406259,3.6386415086866757
1774257681.4136462,0.007398128509521484,-0.20733863216852577,-0.20733863216852577,-0.0031374069766648416,-0.42408116763948606
1774257681.4236147,0.00996851921081543,-0.1996153293176494,-0.1996153293176494,0.007723302850876385,0.7747693200507575
1774257681.4361172,0.012502431869506836,-0.19798598001323653,-0.19798598001323653,0.0016293493044128582,0.13032259015038558
1774257681.443563,0.007445812225341797,-0.24654166824982082,-0.24654166824982082,-0.04855568823658429,-6.521207729537575
1774257681.453355,0.009792089462280273,-0.2992506748676329,-0.2992506748676329,-0.05270900661781208,-5.382815059119955
1774257681.463687,0.010331869125366211,-0.2698601027674511,-0.2698601027674511,0.02939057210018181,2.84465199312521
1774257681.4741056,0.01041865348815918,-0.2819339140212506,-0.2819339140212506,-0.012073811253799527,-1.1588648444370895
1774257681.4838777,0.009772062301635742,-0.29240016480160674,-0.29240016480160674,-0.010466250780356123,-1.071038073365965
1774257681.4936593,0.009781599044799805,-0.3042027971969117,-0.3042027971969117,-0.011802632395304935,-1.2066158448377184
1774257681.5037012,0.010041952133178711,-0.3110840682627281,-0.3110840682627281,-0.00688127106581643,-0.6852523268937561
1774257681.5134206,0.009719371795654297,-0.33909925329334917,-0.33909925329334917,-0.02801518503062106,-2.8824069723464167
1774257681.5234973,0.010076761245727539,-0.3787341019338465,-0.3787341019338465,-0.03963484864049732,-3.933292421441677
1774257681.5334492,0.00995182991027832,-0.3902822395660388,-0.3902822395660388,-0.011548137632192312,-1.16040343698653
1774257681.545561,0.012111902236938477,-0.4137479182252452,-0.4137479182252452,-0.0234656786592064,-1.9374065444188904
1774257681.5535052,0.007944107055664062,-0.3536388322518819,-0.3536388322518819,0.060109085973363285,7.566499992029457
1774257681.5634806,0.009975433349609375,-0.3202268103094398,-0.3202268103094398,0.03341202194244214,3.349430623357381
1774257681.573491,0.010010480880737305,-0.35724856556996404,-0.35724856556996404,-0.03702175526052426,-3.6982993825764625
1774257681.5843296,0.010838508605957031,-0.40279121410652535,-0.40279121410652535,-0.045542648536561314,-4.201929452870507
1774257681.5934987,0.00916910171508789,-0.4175856144110524,-0.4175856144110524,-0.014794400304527056,-1.6135059642955705
1774257681.6035364,0.010037660598754883,-0.40007854033852214,-0.40007854033852214,0.01750707407253027,1.744138875815539
1774257681.613691,0.01015472412109375,-0.3251766852843777,-0.3251766852843777,0.07490185505414443,7.376060064355236
1774257681.6242054,0.010514259338378906,-0.3408365714578281,-0.3408365714578281,-0.015659886173450377,-1.4893950842822588
1774257681.6335752,0.009369850158691406,-0.35045904594066773,-0.35045904594066773,-0.009622474482839649,-1.0269614049178695
1774257681.6435285,0.00995326042175293,-0.3591170490644029,-0.3591170490644029,-0.008658003123735158,-0.8698660295085844
1774257681.6547587,0.011230230331420898,-0.357168247527632,-0.357168247527632,0.0019488015367709055,0.17353175128727164
1774257681.6636481,0.008889436721801758,-0.3577556890701308,-0.3577556890701308,-0.00058744154249879,-0.06608310075013665
1774257681.673683,0.010034799575805664,-0.2583446408140194,-0.2583446408140194,0.09941104825611136,9.906630172843283
1774257681.6854687,0.011785745620727539,-0.24997719959900827,-0.24997719959900827,0.008367441215011151,0.7099628215541466
1774257681.6936839,0.008215188980102539,-0.2850856402818126,-0.2850856402818126,-0.03510844068280433,-4.273601102523404
1774257681.7033806,0.009696722030639648,-0.2890051525712825,-0.2890051525712825,-0.003919512289469906,-0.40421002861431454
1774257681.7161994,0.01281881332397461,-0.29751402826073187,-0.29751402826073187,-0.008508875689449358,-0.6637802949774988
1774257681.7233534,0.007153987884521484,-0.2975512602071923,-0.2975512602071923,-3.723194646043648e-05,-0.005204362526387875
1774257681.733453,0.010099649429321289,-0.2195925307046928,-0.2195925307046928,0.07795872950249949,7.718954014004665
1774257681.7434847,0.010031700134277344,-0.21407611774264743,-0.21407611774264743,0.005516412962045386,0.549898111806227
1774257681.7534785,0.009993791580200195,-0.19083247795037664,-0.19083247795037664,0.023243639792270787,2.3258079384326296
1774257681.7633607,0.009882211685180664,-0.1549638587264998,-0.1549638587264998,0.03586861922387685,3.6296145404034736
1774257681.7734342,0.010073423385620117,-0.13747902460222308,-0.13747902460222308,0.017484834124276705,1.7357390288227563
1774257681.7833774,0.009943246841430664,-0.11420971851128416,-0.11420971851128416,0.023269306090938927,2.3402120516592615
1774257681.794665,0.011287689208984375,-0.08532442652948394,-0.08532442652948394,0.028885291981800218,2.5590084424728072
1774257681.8035297,0.008864641189575195,-0.08740792598414904,-0.08740792598414904,-0.0020834994546650998,-0.23503483221805888
1774257681.8137503,0.010220527648925781,-0.038115942591316246,-0.038115942591316246,0.04929198339283279,4.822841352815437
1774257681.824273,0.010522842407226562,-0.038580802092495876,-0.038580802092495876,-0.00046485950117963054,-0.044176229500537637
1774257681.8334148,0.009141683578491211,-0.0563174031517545,-0.0563174031517545,-0.017736601059258623,-1.94018978090532
1774257681.8436813,0.010266542434692383,-0.05947669452913309,-0.05947669452913309,-0.0031592913773785883,-0.30772690976299955
1774257681.8581038,0.014422416687011719,-0.04954107991371852,-0.04954107991371852,0.009935614615414569,0.6889008153787574
1774257681.8634117,0.005307912826538086,-0.05106196479801784,-0.05106196479801784,-0.0015208848842993214,-0.2865316243882757
1774257681.8740752,0.010663509368896484,-0.07279526929773988,-0.07279526929773988,-0.021733304499722043,-2.038100567821897
1774257681.8863733,0.012298107147216797,-0.05239705351533482,-0.05239705351533482,0.02039821578240506,1.6586467769571687
1774257681.8932745,0.006901264190673828,-0.09979988541489573,-0.09979988541489573,-0.04740283189956091,-6.868717178458368
1774257681.9041982,0.010923624038696289,-0.11689084993193097,-0.11689084993193097,-0.017090964517035234,-1.5645873985127563
1774257681.9144638,0.010265588760375977,-0.15983200433810918,-0.15983200433810918,-0.04294115440617821,-4.183019153458227
1774257681.9239142,0.009450435638427734,-0.1769835857282423,-0.1769835857282423,-0.01715158139013312,-1.8148984921277789
1774257681.9340475,0.01013326644897461,-0.21929705476630193,-0.21929705476630193,-0.04231346903805963,-4.175698848059143
1774257681.9437392,0.009691715240478516,-0.20404697373401307,-0.20404697373401307,0.015250081032288865,1.5735172416741283
1774257681.9554489,0.01170969009399414,-0.2331438264204832,-0.2331438264204832,-0.029096852686470137,-2.4848524984784874
1774257681.9634285,0.007979631423950195,-0.3199069127142062,-0.3199069127142062,-0.08676308629372298,-10.873069404347529
1774257681.9736507,0.010222196578979492,-0.3358953166177095,-0.3358953166177095,-0.015988403903503312,-1.5640869141942753
1774257681.9834096,0.009758949279785156,-0.39287829152806036,-0.39287829152806036,-0.05698297491035087,-5.839048167653286
1774257681.9935873,0.0101776123046875,-0.4151390353243817,-0.4151390353243817,-0.022260743796321314,-2.18722654488113
1774257682.0045824,0.010995149612426758,-0.48424468045417307,-0.48424468045417307,-0.0691056451297914,-6.2851027558268004
1774257682.0141628,0.009580373764038086,-0.514358301374626,-0.514358301374626,-0.030113620920452944,-3.143261595230308
1774257682.0237336,0.009570837020874023,-0.5344444659909701,-0.5344444659909701,-0.02008616461634405,-2.0986842187925743
1774257682.0336647,0.009931087493896484,-0.5544787065073429,-0.5544787065073429,-0.020034240516372814,-2.0173259503237277
1774257682.043411,0.009746313095092773,-0.5585319422914627,-0.5585319422914627,-0.0040532357841198685,-0.41587375088131073
1774257682.0536382,0.010227203369140625,-0.518933011204458,-0.518933011204458,0.03959893108700474,3.8719217422125216
1774257682.0633848,0.009746551513671875,-0.5059212143073892,-0.5059212143073892,0.013011796897068773,1.3350154543190593
1774257682.0740013,0.010616540908813477,-0.5345223910723604,-0.5345223910723604,-0.028601176764971203,-2.6940203038475103
1774257682.0832489,0.009247541427612305,-0.5147928568853674,-0.5147928568853674,0.01972953418699308,2.133489678465512
1774257682.0933764,0.010127544403076172,-0.5112779312587653,-0.5112779312587653,0.00351492562660205,0.3470659309609559
1774257682.1033943,0.010017871856689453,-0.5150572805800732,-0.5150572805800732,-0.0037793493213078566,-0.3772606972192591
1774257682.113936,0.010541677474975586,-0.4885835094191017,-0.4885835094191017,0.026473771160971438,2.511343306017124
1774257682.1235037,0.009567737579345703,-0.42930052214134606,-0.42930052214134606,0.05928298727775566,6.196134330202833
1774257682.133635,0.010131359100341797,-0.4545535660560778,-0.4545535660560778,-0.02525304391473171,-2.4925623171208846
1774257682.1433766,0.009741544723510742,-0.4290095850693053,-0.4290095850693053,0.025543980986772463,2.622169451742424
1774257682.1534352,0.01005864143371582,-0.3919684546638946,-0.3919684546638946,0.03704113040541068,3.6825182256971165
1774257682.1632447,0.009809494018554688,-0.3486767496784177,-0.3486767496784177,0.04329170498547691,4.413245464403212
1774257682.173478,0.010233163833618164,-0.29716458602268053,-0.29716458602268053,0.051512163655737186,5.033845298802756
1774257682.1831975,0.009719610214233398,-0.2932488207850239,-0.2932488207850239,0.003915765237656632,0.4028726616960817
1774257682.194156,0.010958433151245117,-0.2888748778933274,-0.2888748778933274,0.004373942891696514,0.39913944186441824
1774257682.2032993,0.009143352508544922,-0.30560748917660674,-0.30560748917660674,-0.016732611283279353,-1.8300302069336043
1774257682.21318,0.009880781173706055,-0.2838943546288771,-0.2838943546288771,0.021713134547729662,2.1975119341283382
1774257682.2242522,0.011072158813476562,-0.20956005276027956,-0.20956005276027956,0.07433430186859752,6.713623162460509
1774257682.2337272,0.009474992752075195,-0.1479432552639544,-0.1479432552639544,0.06161679749632515,6.503097058605132
1774257682.2433996,0.009672403335571289,-0.12801161989249144,-0.12801161989249144,0.019931635371462975,2.0606704125087787
1774257682.2547414,0.01134181022644043,-0.13847264826873795,-0.13847264826873795,-0.010461028376246517,-0.9223420395325781
1774257682.2635405,0.008799076080322266,-0.11627073608037913,-0.11627073608037913,0.02220191218835882,2.5232094808237724
1774257682.2735693,0.010028839111328125,-0.10519911621878318,-0.10519911621878318,0.011071619861595952,1.1039782111062035
1774257682.2857988,0.012229442596435547,-0.10425812130734327,-0.10425812130734327,0.0009409949114399102,0.0769450368665353
1774257682.2932603,0.0074615478515625,-0.057931913062409454,-0.05793191306240946,0.04632620824493381,6.208659271042908
1774257682.3033297,0.01006937026977539,-0.0031869086741027394,-0.003186908674102748,0.05474500438830671,5.436785312447137
1774257682.313215,0.009885311126708984,-0.023350488841319506,-0.02335048884131952,-0.020163580167216772,-2.0397516991384395
1774257682.3232956,0.010080575942993164,0.02073561912094557,0.020735619120945552,0.04408610796226507,4.373371939418657
1774257682.3339555,0.010659933090209961,0.018923069672106396,0.018923069672106378,-0.0018125494488391743,-0.17003384857113338
1774257682.343449,0.009493589401245117,0.0372782029946826,0.03727820299468258,0.018355133322576205,1.9334239713557515
1774257682.3534265,0.009977340698242188,-0.03119377950808483,-0.031193779508084843,-0.06847198250276743,-6.8627487597803345
1774257682.3641477,0.010721206665039062,0.006794806117703281,0.006794806117703264,0.03798858562578811,3.543312503215299
1774257682.3732762,0.009128570556640625,0.026576444314579614,0.026576444314579596,0.019781638196876332,2.1670028263610317
1774257682.3833761,0.01009988784790039,0.04964976943510536,0.04964976943510534,0.02307332512052574,2.28451300331244
1774257682.395523,0.012146949768066406,0.06194904374157182,0.0619490437415718,0.012299274306466462,1.012540147222845
1774257682.4033325,0.00780940055847168,0.049854265006857294,0.04985426500685727,-0.012094778734714526,-1.5487461097886757
1774257682.413429,0.010096549987792969,0.03624135582822351,0.036241355828223486,-0.013612909178633788,-1.348273340407585
1774257682.426574,0.013144969940185547,0.03827001166653849,0.03827001166653847,0.002028655838314984,0.15432943913497826
1774257682.4337509,0.007176876068115234,0.0264752122910313,0.02647521229103128,-0.01179479937550719,-1.6434447611416951
1774257682.4440138,0.01026296615600586,0.042316372570222,0.04231637257022198,0.0158411602791907,1.543526504754232
1774257682.4570107,0.012996912002563477,0.04921575177231955,0.04921575177231953,0.006899379202097551,0.530847573695716
1774257682.4632092,0.006198406219482422,0.0027222390581048313,0.002722239058104814,-0.046493512714214716,-7.5008818505762616
1774257682.4733348,0.01012563705444336,-0.06949584175363313,-0.06949584175363314,-0.07221808081173796,-7.1322012060512305
1774257682.4864278,0.013092994689941406,-0.12268470569479477,-0.12268470569479478,-0.05318886394116164,-4.06239101143328
1774257682.493697,0.007269144058227539,-0.16420610054598953,-0.16420610054598955,-0.04152139485119477,-5.712006051688991
1774257682.5031831,0.009486198425292969,-0.13071555001425272,-0.13071555001425275,0.0334905505317368,3.530450137163612
1774257682.513607,0.010423898696899414,-0.20966817821059075,-0.20966817821059078,-0.07895262819633803,-7.574193734233283
1774257682.523687,0.01007986068725586,-0.2406731145718095,-0.24067311457180954,-0.03100493636121876,-3.0759290552912932
1774257682.5335019,0.009814977645874023,-0.26001226828111984,-0.2600122682811199,-0.019339153709310358,-1.9703716510694311
1774257682.543754,0.010252237319946289,-0.2764545653236217,-0.2764545653236218,-0.016442297042501886,-1.6037764762343627
1774257682.5534925,0.009738445281982422,-0.330386168100862,-0.3303861681008621,-0.053931602777240295,-5.538009529819078
1774257682.5633993,0.009906768798828125,-0.33229544102788905,-0.3322954410278891,-0.0019092729270270281,-0.19272408247307404
1774257682.5734553,0.010056018829345703,-0.3942261147780483,-0.39422611477804836,-0.06193067375015926,-6.158567799160415
1774257682.5834947,0.010039329528808594,-0.4709026346751936,-0.47090263467519367,-0.0766765198971453,-7.637613615243567
1774257682.5933933,0.009898662567138672,-0.44219100819987683,-0.4421910081998769,0.028711626475316776,2.9005561388295935
1774257682.6034112,0.010017871856689453,-0.4491731148280168,-0.44917311482801686,-0.006982106628139972,-0.6969650568526345
1774257682.6139448,0.010533571243286133,-0.44791623919381607,-0.4479162391938161,0.0012568756342007381,0.11932094112923412
1774257682.6235628,0.009618043899536133,-0.4400121887224978,-0.44001218872249787,0.007904050471318258,0.8217939691145995
1774257682.6337183,0.010155439376831055,-0.4099625168959344,-0.40996251689593444,0.03004967182656343,2.958973089349508
1774257682.6436515,0.009933233261108398,-0.36996617130883347,-0.3699661713088335,0.03999634558710091,4.026518308363769
1774257682.6565998,0.012948274612426758,-0.35448949582155315,-0.3544894958215532,0.015476675487280322,1.195269327422744
1774257682.6635299,0.006930112838745117,-0.3325636045665214,-0.33256360456652145,0.02192589125503175,3.163857756030711
1774257682.6733947,0.00986480712890625,-0.3094282463064836,-0.30942824630648363,0.02313535826003782,2.345241823557368
1774257682.683603,0.010208368301391602,-0.2895103385636789,-0.28951033856367897,0.019917907742804664,1.951135299466954
1774257682.693194,0.009590864181518555,-0.2803614264597411,-0.28036142645974116,0.009148912103937812,0.9539194728216068
1774257682.7032456,0.010051727294921875,-0.24579784597826873,-0.2457978459782688,0.03456358048147237,3.4385712492353298
1774257682.7136402,0.010394573211669922,-0.24567137863428537,-0.24567137863428543,0.0001264673439833608,0.01216667018530176
1774257682.7236593,0.010019063949584961,-0.2415926528241904,-0.24159265282419046,0.004078725810094969,0.4070964943051321
1774257682.73324,0.009580612182617188,-0.24754732500975965,-0.2475473250097597,-0.005954672185569249,-0.621533579698931
1774257682.7434816,0.01024174690246582,-0.2502429765944474,-0.25024297659444744,-0.002695651584687736,-0.26320232381828595
1774257682.7533796,0.009897947311401367,-0.22637525254940655,-0.2263752525494066,0.02386772404504084,2.4113811979528115
1774257682.7638893,0.010509729385375977,-0.2234246760205071,-0.22342467602050717,0.0029505765288994346,0.28074714587847405
1774257682.7731981,0.009308815002441406,-0.22973791008069414,-0.2297379100806942,-0.006313234060187023,-0.6781995408149439
1774257682.7831569,0.009958744049072266,-0.21063808860006672,-0.21063808860006678,0.019099821480627416,1.9178946046320684
1774257682.794729,0.011572122573852539,-0.2073568658200311,-0.20735686582003116,0.0032812227800356197,0.2835454566865385
1774257682.8032742,0.008545160293579102,-0.21265452066026083,-0.2126545206602609,-0.005297654840229732,-0.6199596798916025
1774257682.8131719,0.009897708892822266,-0.1946747260245787,-0.19467472602457875,0.01797979463568214,1.8165612699238844
1774257682.82689,0.013718128204345703,-0.19227693087021352,-0.19227693087021358,0.0023977951543651677,0.17479025699771353
1774257682.8334346,0.006544589996337891,-0.19685849106454503,-0.1968584910645451,-0.004581560194331508,-0.7000530509772466
1774257682.84319,0.009755373001098633,-0.20477658286057435,-0.2047765828605744,-0.007918091796029314,-0.8116646893089164
1774257682.85633,0.013139963150024414,-0.21464977511019404,-0.2146497751101941,-0.009873192249619689,-0.7513866010804866
1774257682.863819,0.00748896598815918,-0.21162650566727811,-0.21162650566727817,0.0030232694429159213,0.4036965113336099
1774257682.873533,0.009714126586914062,-0.19838608239293098,-0.19838608239293104,0.01324042327434713,1.3630070759200683
1774257682.8836477,0.010114669799804688,-0.20315139394247683,-0.2031513939424769,-0.004765311549545848,-0.47112873122539944
1774257682.8931594,0.009511709213256836,-0.21475260472674385,-0.2147526047267439,-0.011601210784267013,-1.2196767714574326
1774257682.9034994,0.010339975357055664,-0.24013487241065626,-0.2401348724106563,-0.025382267683912413,-2.4547706167009746
1774257682.913667,0.010167598724365234,-0.22102797404427305,-0.2210279740442731,0.019106898366383213,1.8791947719766116
1774257682.9233932,0.009726285934448242,-0.24054834400111966,-0.2405483440011197,-0.01952036995684661,-2.0069706040319053
1774257682.9336455,0.010252237319946289,-0.24994547558110436,-0.24994547558110441,-0.009397131579984702,-0.9165932553767623
1774257682.944489,0.010843515396118164,-0.2116163962269696,-0.21161639622696965,0.038329079354134765,3.534746616199399
1774257682.9535058,0.009016752243041992,-0.1770847316626147,-0.17708473166261476,0.034531664564354886,3.8297231235339897
1774257682.9635556,0.010049819946289062,-0.2494705295348274,-0.24947052953482746,-0.07238579787221269,-7.202695994463209
1774257682.974235,0.010679483413696289,-0.19956033742817572,-0.19956033742817578,0.04991019210665168,4.673465014482119
1774257682.9831967,0.008961677551269531,-0.2030773881934785,-0.20307738819347856,-0.003517050765302787,-0.39245450923466374
1774257682.9934218,0.010225057601928711,-0.2214609174534294,-0.22146091745342947,-0.018383529259950904,-1.797890043815821
1774257683.0036638,0.010241985321044922,-0.2777876677120964,-0.27778766771209645,-0.056326750258666985,-5.499592949320918
1774257683.0134432,0.00977945327758789,-0.3004246048591199,-0.30042460485912,-0.022636937147023528,-2.3147446492639663
1774257683.0232131,0.009769916534423828,-0.2731530245266464,-0.27315302452664647,0.02727158033247351,2.7913831439995844
1774257683.0336306,0.010417461395263672,-0.3189026493834503,-0.31890264938345037,-0.045749624856803894,-4.391628931555637
1774257683.0444617,0.010831117630004883,-0.3487290568692855,-0.34872905686928557,-0.029826407485835205,-2.753770063692103
1774257683.053297,0.008835315704345703,-0.41962406285428344,-0.4196240628542835,-0.07089500598499793,-8.024048982214387
1774257683.0642319,0.010934829711914062,-0.42684814912718905,-0.4268481491271891,-0.0072240862729056055,-0.6606491791120066
1774257683.0742488,0.010016918182373047,-0.4964395889432614,-0.49643958894326146,-0.06959143981607235,-6.947390260063587
1774257683.0843034,0.010054588317871094,-0.5625369604271908,-0.5625369604271908,-0.06609737148392936,-6.573851598324263
1774257683.0938969,0.009593486785888672,-0.5764391530396626,-0.5764391530396626,-0.013902192612471831,-1.4491282390591245
1774257683.107294,0.013397216796875,-0.6062234589314874,-0.6062234589314874,-0.02978430589182479,-2.2231711513970724
1774257683.113398,0.006103992462158203,-0.6452770554710173,-0.6452770554710173,-0.03905359653952989,-6.398041410051417
1774257683.1235247,0.010126590728759766,-0.6151823385059082,-0.6151823385059082,0.030094716965109125,2.9718508203989513
1774257683.1344454,0.01092076301574707,-0.5839329753987464,-0.5839329753987464,0.031249363107161754,2.8614633484951635
1774257683.1433392,0.008893728256225586,-0.5606960862264572,-0.5606960862264572,0.023236889172289277,2.612727587670954
1774257683.1535058,0.010166645050048828,-0.6080225747651766,-0.6080225747651766,-0.04732648853871946,-4.655074344165499
1774257683.1658237,0.012317895889282227,-0.6067706167263561,-0.6067706167263561,0.0012519580388204998,0.10163732914075249
1774257683.1733713,0.007547616958618164,-0.518327452829593,-0.518327452829593,0.0884431638967631,11.718024958298292
1774257683.1835372,0.010165929794311523,-0.45614063632170737,-0.45614063632170737,0.062186816507885656,6.117179418520388
1774257683.1938598,0.01032257080078125,-0.39284845506292476,-0.39284845506292476,0.06329218125878261,6.131435906837512
1774257683.2036633,0.009803533554077148,-0.32020053674242566,-0.32020053674242566,0.0726479183204991,7.410380952925477
1774257683.2133255,0.009662151336669922,-0.28119258604592934,-0.28119258604592934,0.03900795069649632,4.0371910289226
1774257683.2235086,0.010183095932006836,-0.27165987912788747,-0.27165987912788747,0.009532706918041867,0.9361305227498928
1774257683.2334976,0.009989023208618164,-0.2440221290577654,-0.2440221290577654,0.027637750070122064,2.7668120789105006
1774257683.243303,0.009805440902709961,-0.20032416065404235,-0.20032416065404235,0.04369796840372306,4.456502143788977
1774257683.2535768,0.01027369499206543,-0.14989310366005149,-0.14989310366005149,0.050431056993990864,4.908755519113593
1774257683.2635167,0.009939908981323242,-0.10604071273523964,-0.10604071273523966,0.04385239092481183,4.411749746120313
1774257683.2732909,0.009774208068847656,-0.02883733949204605,-0.028837339492046074,0.07720337324319358,7.898683218055903
1774257683.2832217,0.009930849075317383,0.013704153711077492,0.013704153711077471,0.042541493203123545,4.28377199980395
1774257683.2935128,0.010291099548339844,0.05482609765563448,0.05482609765563446,0.04112194394455699,3.995874663479547
1774257683.3039362,0.010423421859741211,0.07158485324209425,0.07158485324209424,0.016758755586459777,1.60779788172901
1774257683.3136191,0.009682893753051758,0.09289831359109933,0.09289831359109932,0.02131346034900508,2.2011457414048063
1774257683.3234553,0.009836196899414062,0.08069238222347645,0.08069238222347644,-0.01220593136762288,-1.2409197876417033
1774257683.3355756,0.012120246887207031,0.09395953434392312,0.09395953434392311,0.01326715212044667,1.0946272170784082
1774257683.3433588,0.007783174514770508,0.09531767987068762,0.09531767987068761,0.0013581455267644982,0.17449763257743733
1774257683.3531823,0.00982356071472168,0.12801329000136147,0.12801329000136147,0.03269561013067386,3.3282850363693397
1774257683.3661854,0.013003110885620117,0.14292897283442837,0.14292897283442837,0.014915682833066907,1.1470857215838914
1774257683.3731189,0.006933450698852539,0.1162562327231402,0.1162562327231402,-0.026672740111288173,-3.846964703405537
1774257683.3832254,0.010106563568115234,0.10928311459154502,0.10928311459154502,-0.00697311813159518,-0.6899593600335501
1774257683.3934062,0.01018071174621582,0.09585095437502622,0.09585095437502622,-0.013432160216518801,-1.3193733946461599
1774257683.40356,0.010153770446777344,0.05212267572748287,0.05212267572748287,-0.04372827864754335,-4.306605007150034
1774257683.4140296,0.010469675064086914,0.03742924200483667,0.03742924200483667,-0.014693433722646206,-1.4034278650201506
1774257683.4236434,0.009613752365112305,0.01821817594982937,0.01821817594982937,-0.019211066055007296,-1.9982900875128666
1774257683.4334571,0.009813785552978516,0.042414923902003014,0.042414923902003014,0.024196747952173643,2.4655875983381206
1774257683.446178,0.012720823287963867,0.05176204951613159,0.05176204951613159,0.009347125614128579,0.7347893609191632
1774257683.4531677,0.006989717483520508,0.013577351057061458,0.013577351057061461,-0.03818469845907013,-5.462981665438882
1774257683.4634929,0.010325193405151367,-0.035535998472220234,-0.03553599847222023,-0.04911334952928169,-4.756651774171942
1774257683.4776502,0.014157295227050781,-0.08415874796565183,-0.08415874796565181,-0.04862274949343159,-3.434466027135367
1774257683.482983,0.00533294677734375,-0.12955045483130595,-0.12955045483130595,-0.045391706865654136,-8.511561948919912
1774257683.4933863,0.010403156280517578,-0.16890664656379917,-0.16890664656379917,-0.03935619173249322,-3.783101077333346
1774257683.5069642,0.013577938079833984,-0.14402403484814236,-0.14402403484814236,0.02488261171565681,1.832576608418371
1774257683.5132864,0.006322145462036133,-0.12401863418961623,-0.12401863418961623,0.02000540065852613,3.1643372931952625
1774257683.5231118,0.009825468063354492,-0.11149790314698345,-0.11149790314698345,0.01252073104263278,1.2743139524650904
1774257683.534845,0.011733293533325195,-0.12395813904228363,-0.12395813904228363,-0.012460235895300181,-1.0619555250970503
1774257683.5431862,0.008341073989868164,-0.09062946575974776,-0.09062946575974776,0.03332867328253587,3.9957292457805726
1774257683.5536675,0.01048135757446289,-0.13638287152532028,-0.13638287152532028,-0.04575340576557252,-4.365217524593146
1774257683.5660427,0.012375116348266602,-0.2109968502220534,-0.2109968502220534,-0.07461397869673311,-6.029355732658173
1774257683.5731366,0.007093906402587891,-0.2433399231395131,-0.2433399231395131,-0.03234307291745972,-4.55927539524074
1774257683.582981,0.009844541549682617,-0.22473366933477215,-0.22473366933477215,0.018606253804740958,1.8900071385590134
1774257683.5932844,0.010303258895874023,-0.15382694715420855,-0.15382694715420855,0.0709067221805636,6.88197034522334
1774257683.6030984,0.009814023971557617,-0.16582790690590188,-0.16582790690590188,-0.012000959751693324,-1.2228378274267258
1774257683.6162367,0.013138294219970703,-0.1278414244190963,-0.1278414244190963,0.037986482486805584,2.8912796327140167
1774257683.6232061,0.006969451904296875,-0.084851852979175,-0.084851852979175,0.0429895714399213,6.168285832264219
1774257683.633316,0.010109901428222656,-0.037531493936803696,-0.037531493936803696,0.0473203590423713,4.68059549129455
1774257683.6431139,0.009797811508178711,-0.06419696323803152,-0.06419696323803152,-0.026665469301227825,-2.721574024869621
1774257683.653313,0.01019906997680664,-0.08631209086511887,-0.08631209086511887,-0.022115127627087353,-2.1683474745617604
1774257683.663235,0.009922027587890625,-0.08157819101275846,-0.08157819101275846,0.004733899852360418,0.47711012798814667
1774257683.6751244,0.011889457702636719,-0.05264161520694509,-0.05264161520694509,0.028936575805813367,2.433801148003253
1774257683.6832244,0.008100032806396484,-0.009001300585592694,-0.009001300585592696,0.04364031462135239,5.387671342132125
1774257683.6934292,0.010204792022705078,0.01411566207678263,0.01411566207678263,0.023116962662375326,2.2653046344248278
1774257683.7045531,0.011123895645141602,0.04353602154266777,0.04353602154266777,0.029420359465885143,2.6447892361103356
1774257683.7136214,0.00906825065612793,0.029321407618091457,0.029321407618091457,-0.014214613924576316,-1.5675144483319612
1774257683.7236867,0.010065317153930664,0.02938273438503689,0.02938273438503689,6.132676694543121e-05,0.006092879738169219
1774257683.73531,0.011623382568359375,-0.011095079437747141,-0.011095079437747141,-0.04047781382278403,-3.48244700582865
1774257683.7430353,0.007725238800048828,-0.02896861719789859,-0.02896861719789859,-0.017873537760151447,-2.313655049736259
1774257683.753035,0.009999752044677734,-0.04921280172597454,-0.04921280172597454,-0.02024418452807595,-2.0244686505852623
1774257683.7657995,0.012764453887939453,-0.003955764508967516,-0.003955764508967521,0.045257037217007016,3.545552172801401
1774257683.7751775,0.00937795639038086,0.021029019017616436,0.021029019017616432,0.024984783526583954,2.6642034241288752
1774257683.783265,0.008087635040283203,0.029894408407291254,0.02989440840729125,0.008865389389674818,1.0961658563372043
1774257683.79322,0.00995492935180664,0.0441674066956752,0.04416740669567519,0.01427299828838394,1.4337618865967792
1774257683.8031452,0.009925127029418945,0.11331899113031162,0.11331899113031162,0.06915158443463643,6.967324874499346
1774257683.8140266,0.010881423950195312,0.11862521585063365,0.11862521585063365,0.005306224720322036,0.4876406566464855
1774257683.8233464,0.009319782257080078,0.1336565356179288,0.1336565356179288,0.01503131976729516,1.6128402308837337
1774257683.8332148,0.009868383407592773,0.1223448498621345,0.1223448498621345,-0.011311685755794318,-1.1462551958703857
1774257683.84377,0.010555267333984375,0.136883153006717,0.136883153006717,0.014538303144582501,1.377350538320721
1774257683.8531947,0.009424686431884766,0.1298620355837896,0.1298620355837896,-0.007021117422927409,-0.7449709307223406
1774257683.8632922,0.010097503662109375,0.11283377362237805,0.11283377362237805,-0.017028261961411537,-1.6863833409944335
1774257683.875095,0.01180267333984375,0.09927541377249008,0.09927541377249008,-0.013558359849887971,-1.1487532916900558
1774257683.8831496,0.008054733276367188,0.04311792805024686,0.04311792805024686,-0.05615748572224322,-6.971985762335651
1774257683.893338,0.01018834114074707,0.007057956587314639,0.0070579565873146385,-0.036059971462932223,-3.5393368718990588
1774257683.9072883,0.013950347900390625,-0.019632898127037505,-0.019632898127037505,-0.026690854714352143,-1.913275203237388
1774257683.913215,0.005926609039306641,-0.032344252312658264,-0.032344252312658264,-0.01271135418562076,-2.1447937768994243
1774257683.9233072,0.01009225845336914,-0.05748099347141998,-0.05748099347141998,-0.025136741158761716,-2.4906953458341343
1774257683.9366758,0.013368606567382812,-0.07155340361658,-0.07155340361658,-0.014072410145160016,-1.052645993748845
1774257683.9433918,0.006716012954711914,-0.07800633952889877,-0.07800633952889877,-0.006452935912318769,-0.9608283896759652
1774257683.9532757,0.009883880615234375,-0.025732656582022145,-0.025732656582022145,0.05227368294687662,5.288781297732931
1774257683.963563,0.010287284851074219,-0.008930335950564269,-0.00893033595056427,0.016802320631457875,1.6333095539493439
1774257683.9736094,0.01004648208618164,0.01205662435388696,0.012056624353886956,0.020986960304451227,2.0889859877735297
1774257683.9833925,0.009783029556274414,-0.013168157591849253,-0.013168157591849257,-0.025224781945736213,-2.578422338462437
1774257683.9934478,0.010055303573608398,-0.023066047337760676,-0.02306604733776068,-0.009897889745911423,-0.9843451939024366
1774257684.003438,0.009990215301513672,-0.015288882758923091,-0.015288882758923095,0.007777164578837585,0.7784781753061142
1774257684.0130265,0.009588479995727539,0.02669097426215914,0.026690974262159134,0.04197985702108223,4.37815556165187
1774257684.0232794,0.010252952575683594,0.07721194750122884,0.07721194750122884,0.050520973239069705,4.927456053867617
1774257684.0331256,0.009846210479736328,0.13030231723643718,0.13030231723643718,0.05309036973520834,5.391959662498505
1774257684.0437996,0.010673999786376953,0.16275671165579808,0.16275671165579808,0.032454394419360905,3.0405091876413475
1774257684.0532591,0.009459495544433594,0.17777801195463233,0.17777801195463233,0.01502130029883425,1.5879599740044785
1774257684.0630994,0.009840250015258789,0.12674482971042894,0.12674482971042894,-0.05103318224420339,-5.1861672381361
1774257684.0732598,0.010160446166992188,0.06788835551434572,0.06788835551434572,-0.058856474196083225,-5.792705677363634
1774257684.083754,0.010494232177734375,0.04070592021720633,0.04070592021720633,-0.027182435297139387,-2.590226215388334
1774257684.0934522,0.009698152542114258,0.004668336595752971,0.00466833659575297,-0.03603758362145336,-3.7159225393661357
1774257684.1036339,0.010181665420532227,-0.0314972587218853,-0.0314972587218853,-0.03616559531763827,-3.5520314038906795
1774257684.1142576,0.010623693466186523,-0.034149304409056,-0.034149304409056,-0.002652045687170701,-0.24963499705744788
1774257684.1237912,0.00953364372253418,-0.026091846687652662,-0.026091846687652662,0.00805745772140334,0.845160355883485
1774257684.1332338,0.009442567825317383,-0.038853808295132464,-0.038853808295132464,-0.012761961607479801,-1.3515350743112982
1774257684.1434405,0.01020669937133789,-0.0262646242454842,-0.026264624245484203,0.012589184049648261,1.2334236163554286
1774257684.1530457,0.009605169296264648,0.024725515552202947,0.02472551555220294,0.05099013979768714,5.308614374711405
1774257684.163083,0.010037422180175781,0.06207910406600075,0.06207910406600074,0.0373535885137978,3.721432439852166
1774257684.173279,0.01019597053527832,-0.014196425802034795,-0.014196425802034798,-0.07627552986803554,-7.480948439790037
1774257684.1839728,0.010693788528442383,-0.07180121294840074,-0.07180121294840074,-0.05760478714636594,-5.386752037704306
1774257684.1933458,0.009372949600219727,-0.07546469484124677,-0.07546469484124677,-0.0036634818928460294,-0.3908568859433692
1774257684.2030578,0.009711980819702148,-0.11763237594484592,-0.11763237594484592,-0.042167681103599156,-4.341820879429246
1774257684.213175,0.010117292404174805,-0.16617868450540527,-0.16617868450540527,-0.048546308560559345,-4.798349856976277
1774257684.2233586,0.010183572769165039,-0.18922394456624664,-0.18922394456624664,-0.02304526006084137,-2.2629837860657696
1774257684.2331467,0.009788036346435547,-0.16629170300501608,-0.16629170300501608,0.022932241561230554,2.3428847982957945
1774257684.2440991,0.010952472686767578,-0.0843742737411352,-0.0843742737411352,0.08191742926388089,7.479354809334596
1774257684.2537253,0.009626150131225586,-0.02366542964874589,-0.023665429648745892,0.0607088440923893,6.306658764386002
1774257684.263188,0.009462594985961914,-0.004155773768603513,-0.004155773768603516,0.019509655880142376,2.061765922464781
1774257684.2749717,0.011783838272094727,-0.0013465329014317664,-0.0013465329014317683,0.0028092408671717473,0.23839777857646796
1774257684.283186,0.008214235305786133,-0.014105254679885859,-0.01410525467988586,-0.012758721778454092,-1.553245226547967
1774257684.2933934,0.010207414627075195,-0.009015820822418719,-0.00901582082241872,0.00508943385746714,0.4986016580503551
1774257684.3029752,0.009581804275512695,-0.02070785866247699,-0.020707858662476993,-0.011692037840058272,-1.2202334240888744
1774257684.3132799,0.010304689407348633,-0.03365545736857126,-0.033655457368571264,-0.012947598706094271,-1.2564763666589396
1774257684.3230088,0.00972890853881836,-0.06288539853470022,-0.06288539853470024,-0.029229941166128974,-3.004441973064241
1774257684.332979,0.00997018814086914,-0.052190015756086644,-0.05219001575608666,0.01069538277861358,1.0727363042199545
1774257684.343089,0.010110139846801758,-0.04441216789743793,-0.044412167897437946,0.007777847858648712,0.7693115996915866
1774257684.353061,0.009971857070922852,-0.02243524611149527,-0.022435246111495284,0.02197692178594266,2.203894583489933
1774257684.3639877,0.01092672348022461,-0.011902605674261229,-0.011902605674261242,0.010532640437234042,0.9639340151964323
1774257684.3733015,0.009313821792602539,-0.0014710694743052524,-0.0014710694743052654,0.010431536199955977,1.1200059902628992
1774257684.3838658,0.010564327239990234,-0.007531092156191628,-0.007531092156191642,-0.006060022681886376,-0.573630723871062
1774257684.3944516,0.010585784912109375,-0.01760895820630646,-0.017608958206306473,-0.01007786605011483,-0.9520187812040728
1774257684.402932,0.008480310440063477,-0.030908058347591014,-0.030908058347591028,-0.013299100141284555,-1.5682327003567818
1774257684.4135113,0.010579347610473633,-0.06230675895647226,-0.062306758956472266,-0.03139870060888124,-2.9679240880407685
1774257684.4239078,0.010396480560302734,-0.08084298480351618,-0.08084298480351618,-0.01853622584704391,-1.7829327664807517
1774257684.4330926,0.009184837341308594,-0.09756010144882672,-0.09756010144882672,-0.016717116645310545,-1.8200775935492837
1774257684.4432604,0.010167837142944336,-0.10317784810207645,-0.10317784810207645,-0.005617746653249725,-0.5525016357237774
1774257684.4534676,0.010207176208496094,-0.10039421382994794,-0.10039421382994794,0.0027836342721285073,0.27271345328706176
1774257684.4632177,0.009750127792358398,-0.10488777601134756,-0.10488777601134756,-0.004493562181399624,-0.4608721318423565
1774257684.4737873,0.010569572448730469,-0.10835350781213303,-0.10835350781213303,-0.0034657318007854654,-0.32789706656504736
1774257684.4836397,0.009852409362792969,-0.1094376850926646,-0.1094376850926646,-0.0010841772805315758,-0.11004184262033469
1774257684.493214,0.009574174880981445,-0.10850161972832119,-0.10850161972832119,0.0009360653643434164,0.09776982100074828
1774257684.5057385,0.012524604797363281,-0.10825749235921303,-0.10825749235921303,0.00024412736910815747,0.019491822141929134
1774257684.5130885,0.007349967956542969,-0.10785711217305,-0.10785711217305,0.00040038018616303517,0.05447373220268467
1774257684.523272,0.010183572769165039,-0.10922312106926954,-0.10922312106926954,-0.001366008896219545,-0.1341384725364461
1774257684.5333078,0.01003575325012207,-0.1125992754789979,-0.1125992754789979,-0.0033761544097283547,-0.33641265638802836
1774257684.5430257,0.009717941284179688,-0.11275730728649858,-0.11275730728649858,-0.00015803180750068035,-0.016261860704792287
1774257684.5532167,0.010190963745117188,-0.11329889436811463,-0.11329889436811463,-0.0005415870816160573,-0.053143853237192486
1774257684.5639224,0.010705709457397461,-0.11433994635127116,-0.11433994635127116,-0.0010410519831565296,-0.09724268973479198
1774257684.5730596,0.009137153625488281,-0.11517004227094803,-0.11517004227094803,-0.0008300959196768654,-0.09084841447355065
1774257684.5836165,0.010556936264038086,-0.11730271397140954,-0.11730271397140954,-0.002132671700461511,-0.20201615763527897
1774257684.5940998,0.010483264923095703,-0.1169363546095522,-0.1169363546095522,0.0003663593618573324,0.034947067020142296
1774257684.6030545,0.008954763412475586,-0.11668789249590734,-0.11668789249590734,0.00024846211364486226,0.02774636271224208
1774257684.613289,0.010234594345092773,-0.11675501205679244,-0.11675501205679244,-6.711956088509274e-05,-0.006558106615849885
1774257684.6233344,0.010045289993286133,-0.11691240486161453,-0.11691240486161453,-0.00015739280482209017,-0.0156683186774384
1774257684.6331894,0.009855031967163086,-0.11510930175734281,-0.11510930175734281,0.0018031031042717166,0.18296268447222155
1774257684.643208,0.010018587112426758,-0.11556191766257037,-0.11556191766257037,-0.000452615905227563,-0.045177618375564325
1774257684.6531496,0.009941577911376953,-0.1176650583482415,-0.1176650583482415,-0.0021031406856711204,-0.21154998778054399
1774257684.6632545,0.010104894638061523,-0.11870967614069848,-0.11870967614069848,-0.0010446177924569866,-0.10337740569033596
1774257684.6735532,0.010298728942871094,-0.11847395785139805,-0.11847395785139805,0.0002357182893004267,0.02288809527932996
1774257684.6830664,0.009513139724731445,-0.12008146460191126,-0.12008146460191126,-0.0016075067505132018,-0.16897751920263965
1774257684.6936083,0.010541915893554688,-0.11933626861961794,-0.11933626861961794,0.0007451959822933202,0.07068885673323688
1774257684.7028885,0.009280204772949219,-0.11928959437073482,-0.11928959437073482,4.6674248883118996e-05,0.005029441701455696
1774257684.7136,0.010711431503295898,-0.12005770570944196,-0.12005770570944196,-0.0007681113387071475,-0.07170949452188537
1774257684.7232542,0.00965428352355957,-0.12119174702006745,-0.12119174702006745,-0.001134041310625486,-0.11746509286350032
1774257684.7331583,0.009904146194458008,-0.11995228135031666,-0.11995228135031666,0.0012394656697507916,0.1251461403552737
1774257684.7429557,0.009797334671020508,-0.11924954184412072,-0.11924954184412072,0.0007027395061959402,0.0717276208063577
1774257684.7530699,0.010114192962646484,-0.1202968110195949,-0.1202968110195949,-0.0010472691754741803,-0.10354451208731451
1774257684.7629652,0.00989532470703125,-0.12071549290296674,-0.12071549290296674,-0.0004186818833718381,-0.04231108081519935
1774257684.7729597,0.0099945068359375,-0.12007584675118589,-0.12007584675118589,0.0006396461517808455,0.06399977130245724
1774257684.7841203,0.011160612106323242,-0.11952601577565879,-0.11952601577565879,0.0005498309755271047,0.04926530644458006
1774257684.7930143,0.008893966674804688,-0.11847877380660275,-0.11847877380660275,0.0010472419690560342,0.11774745817552006
1774257684.803534,0.010519742965698242,-0.11965341046823134,-0.11965341046823134,-0.001174636661628592,-0.11166020552581306
1774257684.815604,0.012069940567016602,-0.1190925211890025,-0.1190925211890025,0.0005608892792288434,0.046469928838057374
1774257684.8231206,0.007516622543334961,-0.11774762853126701,-0.11774762853126701,0.0013448926577354914,0.17892246816730428
1774257684.8332255,0.010104894638061523,-0.11926037708424968,-0.11926037708424968,-0.0015127485529826679,-0.14970453499680098
1774257684.8431232,0.009897708892822266,-0.11848264909476328,-0.11848264909476328,0.0007777279894864014,0.0785765673559467
1774257684.8530142,0.009891033172607422,-0.11949839298003118,-0.11949839298003118,-0.0010157438852679002,-0.10269340599129091
1774257684.8633273,0.010313034057617188,-0.11894818454923778,-0.11894818454923778,0.0005502084307933974,0.05335078190564246
1774257684.873356,0.010028839111328125,-0.11848455452741004,-0.11848455452741004,0.0004636300218277406,0.04622967989426064
1774257684.8832216,0.009865522384643555,-0.11839364278187313,-0.11839364278187313,9.091174553690906e-05,0.009215096980411315
1774257684.893188,0.009966373443603516,-0.12003271352748406,-0.12003271352748406,-0.0016390707456109266,-0.16446009723455557
1774257684.903039,0.00985097885131836,-0.11863534302158225,-0.11863534302158225,0.0013973705059018016,0.14185092943477298
1774257684.9136372,0.010598182678222656,-0.11841327186479696,-0.11841327186479696,0.00022207115678529732,0.02095370154749392
1774257684.925536,0.01189875602722168,-0.11808616609517887,-0.11808616609517887,0.0003271057696180857,0.0274907535602664
1774257684.9335575,0.00802159309387207,-0.11826973282903472,-0.11826973282903472,-0.0001835667338558472,-0.022884074485912183
1774257684.943126,0.009568452835083008,-0.11850712587529234,-0.11850712587529234,-0.00023739304625762514,-0.024809971930594327
1774257684.954805,0.011678934097290039,-0.11871084324911874,-0.11871084324911874,-0.00020371737382639254,-0.017443147818914637
1774257684.9631617,0.008356809616088867,-0.11826565475989731,-0.11826565475989731,0.0004451884892214264,0.05327254175616632
1774257684.9730358,0.009874105453491211,-0.12035284370440734,-0.12035284370440734,-0.0020871889445100295,-0.21138005405563673
1774257684.9855013,0.012465476989746094,-0.11743730264649757,-0.11743730264649757,0.002915541057909768,0.23388924950950904
1774257684.9933784,0.007877111434936523,-0.11918253194704342,-0.11918253194704342,-0.001745229300545853,-0.2215570155330571
1774257685.003258,0.009879589080810547,-0.11809388012201769,-0.11809388012201769,0.0010886518250257382,0.11019201468007032
1774257685.0157402,0.012482166290283203,-0.11848973026881099,-0.11848973026881099,-0.0003958501467933029,-0.03171325694494666
1774257685.0231268,0.007386684417724609,-0.11857677398501101,-0.11857677398501101,-8.704371620002482e-05,-0.011783868279408331
1774257685.0329876,0.009860754013061523,-0.1186705018527589,-0.1186705018527589,-9.372786774788922e-05,-0.009505142063551892
1774257685.0457673,0.012779712677001953,-0.11828832969608254,-0.11828832969608254,0.0003821721566763664,0.02990459694482128
1774257685.0532196,0.007452249526977539,-0.11870288269060966,-0.11870288269060966,-0.0004145529945271259,-0.055627900411335134
1774257685.063314,0.010094404220581055,-0.11848900240826003,-0.11848900240826003,0.00021388028234962941,0.021188004529634145
1774257685.0731227,0.009808778762817383,-0.11787315750008888,-0.11787315750008888,0.0006158449081711537,0.06278507478481084
1774257685.0831087,0.009985923767089844,-0.1188985909035133,-0.1188985909035133,-0.001025433403424425,-0.10268788620276668
1774257685.0934587,0.01034998893737793,-0.11963226084366634,-0.11963226084366634,-0.0007336699401530311,-0.07088606032258227
1774257685.1031973,0.009738683700561523,-0.11998266129957394,-0.11998266129957394,-0.00035040045590760405,-0.03598026865657422
1774257685.1129289,0.009731531143188477,-0.11951073237208547,-0.11951073237208547,0.00047192892748847137,0.048494827848215336
1774257685.1274657,0.014536857604980469,-0.11888056192446504,-0.11888056192446504,0.0006301704476204262,0.043349839748345866
1774257685.1332242,0.005758523941040039,-0.11881011409734107,-0.11881011409734107,7.04478271239678e-05,0.012233660543094714
1774257685.1432235,0.009999275207519531,-0.12071637254639038,-0.12071637254639038,-0.0019062584490493056,-0.19063966232430374
1774257685.1530194,0.009795904159545898,-0.11912574297417616,-0.11912574297417616,0.0015906295722142166,0.16237700433851043
1774257685.163224,0.010204553604125977,-0.1195083796792488,-0.1195083796792488,-0.0003826367050726309,-0.03749666275631308
1774257685.173133,0.009908914566040039,-0.11874949364281899,-0.11874949364281899,0.0007588860364298039,0.07658619229907057
1774257685.1834142,0.01028132438659668,-0.11860987262701252,-0.11860987262701252,0.00013962101580647368,0.013580061338059871
1774257685.1932967,0.009882450103759766,-0.11845791709576964,-0.11845791709576964,0.0001519555312428783,0.01537630138755439
1774257685.2031078,0.009811162948608398,-0.11827475923594362,-0.11827475923594362,0.00018315785982601918,0.018668312898828983
1774257685.215835,0.01272726058959961,-0.11889026462977523,-0.11889026462977523,-0.0006155053938316085,-0.04836118420758853
1774257685.2231467,0.007311582565307617,-0.11735490205286406,-0.11735490205286406,0.00153536257691117,0.20999045872725824
1774257685.2339427,0.010796070098876953,-0.11727033242993584,-0.11727033242993584,8.456962292821557e-05,0.007833371046471143
1774257685.2433054,0.00936269760131836,-0.11846350636600626,-0.11846350636600626,-0.0011931739360704213,-0.12743911924512127
1774257685.2530277,0.009722232818603516,-0.11823738076743542,-0.11823738076743542,0.00022612559857083936,0.023258607645987195
1774257685.2629995,0.009971857070922852,-0.11786467600947209,-0.11786467600947209,0.00037270475796333247,0.03737566185641691
1774257685.2730052,0.010005712509155273,-0.11836076982225473,-0.11836076982225473,-0.0004960938127826359,-0.049581058053457736
1774257685.2831538,0.01014852523803711,-0.11897254888035777,-0.11897254888035777,-0.000611779058103043,-0.060282557687305026
1774257685.2931893,0.010035514831542969,-0.11814046981718225,-0.11814046981718225,0.0008320790631755198,0.08291344062989013
1774257685.3030565,0.009867191314697266,-0.11780160001826458,-0.11780160001826458,0.00033886979891767366,0.03434308590053627
1774257685.312979,0.009922504425048828,-0.11867177770922142,-0.11867177770922142,-0.000870177690956847,-0.08769738502309259
1774257685.3233337,0.010354757308959961,-0.11867746822173272,-0.11867746822173272,-5.690512511299928e-06,-0.000549555372618529
1774257685.3329036,0.009569883346557617,-0.1194548747667553,-0.1194548747667553,-0.000777406545022577,-0.08123469397380041
1774257685.3434322,0.010528564453125,-0.118473216628773,-0.118473216628773,0.0009816581379823025,0.09323760540696838
1774257685.3531783,0.009746074676513672,-0.11805887930164267,-0.11805887930164267,0.00041433732713032356,0.04251325183551115
1774257685.3628123,0.009634017944335938,-0.11884758794511059,-0.11884758794511059,-0.0007887086434679169,-0.08186705152771871
1774257685.373336,0.010523796081542969,-0.11771517576931977,-0.11771517576931977,0.0011324121757908256,0.10760491433095068
1774257685.3831446,0.009808540344238281,-0.11927405529267292,-0.11927405529267292,-0.0015588795233531516,-0.15893083666305827
1774257685.3931103,0.009965658187866211,-0.11814814348230472,-0.11814814348230472,0.0011259118103681964,0.11297917198675968
1774257685.4029613,0.00985097885131836,-0.11843690857235879,-0.11843690857235879,-0.0002887650900540717,-0.029313339761705626
1774257685.413035,0.010073661804199219,-0.11846877549090924,-0.11846877549090924,-3.186691855044943e-05,-0.003163389755368367
1774257685.4232135,0.010178565979003906,-0.1179987787009648,-0.1179987787009648,0.0004699967899444435,0.04617514794460646
1774257685.4352322,0.012018680572509766,-0.11839466523032979,-0.11839466523032979,-0.00039588652936499436,-0.03293926708315242
1774257685.4453738,0.010141611099243164,-0.11861151163720968,-0.11861151163720968,-0.00021684640687988366,-0.021381849960315103
1774257685.4544055,0.00903177261352539,-0.11911659490631804,-0.11911659490631804,-0.000505083269108364,-0.0559229390199643
1774257685.4655788,0.011173248291015625,-0.11928986931549784,-0.11928986931549784,-0.0001732744091798022,-0.015507970884271105
1774257685.4742162,0.008637428283691406,-0.11891636107223677,-0.11891636107223677,0.00037350824326107257,0.04324299212605967
1774257685.485156,0.010939836502075195,-0.11864875487638227,-0.11864875487638227,0.00026760619585450285,0.024461626625200496
1774257685.4950206,0.009864568710327148,-0.11875528065340306,-0.11875528065340306,-0.00010652577702079113,-0.010798827617194256
1774257685.503323,0.008302450180053711,-0.11852119157105159,-0.11852119157105159,0.00023408908235146575,0.028195180612327547
1774257685.5134218,0.010098695755004883,-0.11773448727672314,-0.11773448727672314,0.0007867042943284497,0.07790157396697107
1774257685.5268922,0.01347041130065918,-0.11797188022932725,-0.11797188022932725,-0.00023739295260410964,-0.0176232890967845
1774257685.5329523,0.006060123443603516,-0.11944020458745498,-0.11944020458745498,-0.0014683243581277289,-0.24229281330523902
1774257685.5434096,0.010457277297973633,-0.11918706452334042,-0.11918706452334042,0.0002531400641145598,0.024207071965435232
1774257685.5545168,0.011107206344604492,-0.11912868351226084,-0.11912868351226084,5.838101107957794e-05,0.005256138156462491
1774257685.5632432,0.008726358413696289,-0.11801295963223105,-0.11801295963223105,0.001115723880029798,0.12785675617891593
1774257685.5747533,0.011510133743286133,-0.11878778757327622,-0.11878778757327622,-0.000774827941045178,-0.06731702327065796
1774257685.583857,0.009103775024414062,-0.11883888919197833,-0.11883888919197833,-5.110161870210128e-05,-0.005613233912861361
1774257685.5931852,0.009328126907348633,-0.11786071522964693,-0.11786071522964693,0.000978173962331394,0.1048628488920745
1774257685.6031222,0.009937047958374023,-0.11836472592048779,-0.11836472592048779,-0.0005040106908408559,-0.050720364131494645
1774257685.6137974,0.010675191879272461,-0.11989505065757544,-0.11989505065757544,-0.0015303247370876544,-0.14335337054306416
1774257685.62579,0.011992692947387695,-0.11832454469675356,-0.11832454469675356,0.0015705059608218802,0.13095523813639998
1774257685.633114,0.0073239803314208984,-0.11801751393936089,-0.11801751393936089,0.00030703075739267616,0.04192129736824542
1774257685.6436427,0.010528564453125,-0.11820211539174194,-0.11820211539174194,-0.00018460145238105574,-0.017533392439485318
1774257685.653132,0.009489297866821289,-0.11891990363371746,-0.11891990363371746,-0.0007177882419755199,-0.07564187066834731
1774257685.6639574,0.010825395584106445,-0.1200406277986238,-0.1200406277986238,-0.001120724164906342,-0.10352731742678846
1774257685.6737697,0.009812355041503906,-0.1182818329750813,-0.1182818329750813,0.001758794823542506,0.17924288472066352
1774257685.683061,0.00929117202758789,-0.11816663498038046,-0.11816663498038046,0.00011519799470083303,0.012398650499504305
1774257685.6928632,0.00980234146118164,-0.11872425874449805,-0.11872425874449805,-0.0005576237641175819,-0.05688679243891205
1774257685.7029135,0.010050296783447266,-0.11909399726310732,-0.11909399726310732,-0.000369738518609275,-0.036788815950015576
1774257685.7131484,0.010234832763671875,-0.11938579676289861,-0.11938579676289861,-0.00029179949979128705,-0.02851043163372611
1774257685.7233903,0.010241985321044922,-0.11795344291365394,-0.11795344291365394,0.001432353849244672,0.13985119138000662
1774257685.7330124,0.00962209701538086,-0.11848215954539983,-0.11848215954539983,-0.0005287166317458902,-0.054948170954911404
1774257685.742962,0.009949445724487305,-0.11893086866526444,-0.11893086866526444,-0.0004487091198646098,-0.04509890623959676
1774257685.7555733,0.01261138916015625,-0.11863096408731501,-0.11863096408731501,0.00029990457794942804,0.02378045543919385
1774257685.7630084,0.0074350833892822266,-0.11891707976036225,-0.11891707976036225,-0.0002861156730472464,-0.03848183780422503
1774257685.773393,0.010384559631347656,-0.11880596821892088,-0.11880596821892088,0.00011111154144137492,0.010699687361413458
1774257685.7831473,0.009754419326782227,-0.11768263168873144,-0.11768263168873144,0.0011233365301894366,0.11516180436339732
1774257685.7930882,0.009940862655639648,-0.11830930746298869,-0.11830930746298869,-0.0006266757742572487,-0.06304038150066615
1774257685.803133,0.01004481315612793,-0.11821567469190801,-0.11821567469190801,9.363277108068169e-05,0.009321504504397891
1774257685.8130684,0.009935379028320312,-0.11918000845469535,-0.11918000845469535,-0.000964333762787345,-0.09706059125057621
1774257685.8230832,0.010014772415161133,-0.11819736525961447,-0.11819736525961447,0.0009826431950808873,0.09811937349602537
1774257685.8330855,0.010002374649047852,-0.11823864197407559,-0.11823864197407559,-4.127671446112202e-05,-0.004126691501707671
1774257685.8429866,0.009901046752929688,-0.11883115396517245,-0.11883115396517245,-0.0005925119910968613,-0.059843368674280716
1774257685.8529718,0.009985208511352539,-0.11815104571256335,-0.11815104571256335,0.000680108252609099,0.06811157241592498
1774257685.8639426,0.010970830917358398,-0.11926219447479525,-0.11926219447479525,-0.001111148762231895,-0.10128209709929992
1774257685.8727708,0.008828163146972656,-0.11880050994975709,-0.11880050994975709,0.0004616845250381557,0.05229678216770111
1774257685.8833535,0.010582685470581055,-0.11931051148170431,-0.11931051148170431,-0.0005100015319472184,-0.048192071224735754
1774257685.896702,0.013348579406738281,-0.11863763079192167,-0.11863763079192167,0.0006728806897826345,0.05040841195752774
1774257685.9136477,0.016945600509643555,-0.1189006026948832,-0.1189006026948832,-0.00026297190296152573,-0.015518594505510224
1774257685.913653,5.245208740234375e-06,-0.11895792802403841,-0.11895792802403841,-5.732532915521393e-05,-10.929084426228656
1774257685.925367,0.01171422004699707,-0.11960179641702919,-0.11960179641702919,-0.0006438683929907707,-0.0549646831293583
1774257685.9445474,0.0191802978515625,-0.11801657757224641,-0.11801657757224641,0.0015852188447827709,0.08264829133785495
1774257685.9449184,0.00037097930908203125,-0.11944698062700458,-0.11944698062700458,-0.001430403054758167,-3.855748878010539
1774257685.9530075,0.008089065551757812,-0.11863020485820143,-0.11863020485820143,0.0008167757688031518,0.10097282109744563
1774257685.9664383,0.01343083381652832,-0.11888299696156487,-0.11888299696156487,-0.0002527921033634445,-0.018821772856153742
1774257685.9747016,0.008263349533081055,-0.11896821866606959,-0.11896821866606959,-8.522170450471489e-05,-0.010313215502205594
1774257685.98333,0.008628368377685547,-0.11870263911324982,-0.11870263911324982,0.0002655795528197641,0.03077981156977474
1774257685.9930797,0.009749650955200195,-0.12007558484995043,-0.12007558484995043,-0.0013729457367006037,-0.14081998863439438
1774257686.0033329,0.010253190994262695,-0.11846761159600998,-0.11846761159600998,0.0016079732539404507,0.1568266166933019
